Nitrogen dioxide,Status_V ugm-3,PM10 particulate matter (Hourly measured),Status2_V ugm-3 (INDIC.GRAV),Status2_V ugm-3 (TEOM FDMS),Status2_V ugm-3 (VCM)
10.87512,1,16.1,0,1,0
15.95748,1,21.9,0,1,0
11.38031,1,24.1,0,1,0
14.32679,1,25.3,0,1,0
12.6101,1,31.9,0,1,0
15.71974,1,30.0,0,1,0
37.31443,1,31.3,0,1,0
46.28878,1,35.5,0,1,0
48.89365,1,36.5,0,1,0
41.65722,1,28.1,0,1,0
41.05382,1,28.5,0,1,0
38.62238,1,36.7,0,1,0
37.67826,1,38.0,0,1,0
40.02701,1,37.3,0,1,0
37.29407,1,32.9,0,1,0
40.95142,1,34.7,0,1,0
40.71676,1,33.5,0,1,0
42.59049,1,39.5,0,1,0
51.04632,1,43.0,0,1,0
43.70578,1,47.2,0,1,0
39.5994,1,46.4,0,1,0
35.82239,1,47.1,0,1,0
35.78181,1,45.9,0,1,0
36.04664,1,41.5,0,1,0
33.02911,1,32.7,0,1,0
22.5827,1,30.7,0,1,0
15.84724,1,28.2,0,1,0
13.93164,1,24.3,0,1,0
11.03405,1,22.0,0,1,0
12.13912,1,17.7,0,1,0
16.59368,1,20.9,0,1,0
19.60928,1,21.2,0,1,0
25.18816,1,22.4,0,1,0
25.76196,1,22.8,0,1,0
21.4523,1,19.8,0,1,0
27.67158,1,16.0,0,1,0
18.27905,1,15.4,0,1,0
14.92412,1,9.3,0,1,0
16.32454,1,6.0,0,1,0
13.40506,1,7.4,0,1,0
14.46727,1,18.7,0,1,0
14.51996,1,18.8,0,1,0
14.08852,1,16.0,0,1,0
16.63398,1,20.0,0,1,0
10.92496,1,9.5,0,1,0
8.61316,1,13.8,0,1,0
6.8927,1,12.8,0,1,0
9.50978,1,15.0,0,1,0
13.80203,1,16.3,0,1,0
5.00575,1,20.4,0,1,0
4.04303,1,17.3,0,1,0
3.37538,1,20.3,0,1,0
4.81551,1,14.9,0,1,0
4.39828,1,18.2,0,1,0
4.8309,1,18.1,0,1,0
8.59713,1,21.0,0,1,0
17.22725,1,20.0,0,1,0
23.62553,1,22.6,0,1,0
16.66296,1,21.9,0,1,0
14.83745,1,17.0,0,1,0
18.40023,1,13.8,0,1,0
21.52923,1,18.2,0,1,0
24.11009,1,14.8,0,1,0
35.40504,1,19.1,0,1,0
25.37827,1,21.7,0,1,0
21.82786,1,20.1,0,1,0
13.02883,1,18.6,0,1,0
9.55992,1,8.2,0,1,0
7.0395,1,11.9,0,1,0
4.74237,1,10.4,0,1,0
5.09147,1,11.9,0,1,0
3.00678,1,13.1,0,1,0
1.0045,1,11.2,0,1,0
1.18848,1,7.0,0,1,0
1.46435,1,8.8,0,1,0
1.15894,1,8.1,0,1,0
5.61946,1,6.2,0,1,0
5.27734,1,8.0,0,1,0
9.92977,1,9.2,0,1,0
16.73018,1,10.5,0,1,0
10.57988,1,11.4,0,1,0
8.16921,1,9.1,0,1,0
5.09944,1,12.4,0,1,0
5.32088,1,12.4,0,1,0
7.2754,1,13.4,0,1,0
11.13185,1,14.5,0,1,0
11.97457,1,6.3,0,1,0
14.9987,1,12.3,0,1,0
16.77869,1,12.0,0,1,0
18.86994,1,9.5,0,1,0
22.0746,1,9.9,0,1,0
24.57867,1,12.2,0,1,0
13.19913,1,10.3,0,1,0
9.76589,1,8.6,0,1,0
8.46217,1,7.9,0,1,0
13.19388,1,7.6,0,1,0
8.55747,1,6.5,0,1,0
11.88695,1,9.3,0,1,0
13.5735,1,8.0,0,1,0
12.17972,1,7.2,0,1,0
12.35645,1,8.2,0,1,0
13.02336,1,6.6,0,1,0
28.24706,1,6.1,0,1,0
28.7157,1,9.3,0,1,0
30.50336,1,9.4,0,1,0
30.61256,1,14.6,0,1,0
28.77562,1,15.7,0,1,0
28.25671,1,38.9,0,1,0
21.44608,1,27.6,0,1,0
19.94719,1,16.6,0,1,0
14.46175,1,13.6,0,1,0
19.4342,1,10.9,0,1,0
19.01462,1,17.3,0,1,0
23.40226,1,17.0,0,1,0
36.7749,1,15.9,0,1,0
31.37197,1,20.2,0,1,0
26.69521,1,19.8,0,1,0
24.72573,1,19.8,0,1,0
22.32062,1,21.4,0,1,0
14.29393,1,21.8,0,1,0
9.23281,1,16.8,0,1,0
6.63321,1,17.8,0,1,0
6.69013,1,11.0,0,1,0
4.59067,1,11.3,0,1,0
4.45367,1,11.6,0,1,0
5.91416,1,11.6,0,1,0
10.50431,1,10.1,0,1,0
16.36629,1,14.3,0,1,0
21.58046,1,15.0,0,1,0
25.50976,1,16.1,0,1,0
19.64361,1,14.0,0,1,0
19.1263,1,17.4,0,1,0
19.14961,1,17.4,0,1,0
19.01634,1,20.6,0,1,0
19.92011,1,25.4,0,1,0
25.51101,1,12.7,0,1,0
30.97448,1,7.5,0,1,0
31.6788,1,10.3,0,1,0
36.88346,1,9.6,0,1,0
27.26714,1,8.2,0,1,0
24.09247,1,12.3,0,1,0
23.39136,1,10.1,0,1,0
15.04403,1,11.0,0,1,0
7.75244,1,3.1,0,1,0
4.87321,1,3.0,0,1,0
5.62702,1,6.9,0,1,0
8.75127,1,9.1,0,1,0
4.64989,1,7.9,0,1,0
5.0149,1,7.0,0,1,0
6.22573,1,8.4,0,1,0
14.39494,1,7.4,0,1,0
24.63084,1,10.8,0,1,0
29.50601,1,11.5,0,1,0
27.96651,1,9.3,0,1,0
24.0704,1,8.7,0,1,0
25.22103,1,8.4,0,1,0
26.91449,1,9.3,0,1,0
14.29387,1,6.3,0,1,0
6.74409,1,5.9,0,1,0
8.11046,1,2.0,0,1,0
6.83585,1,1.6,0,1,0
7.82397,1,2.8,0,1,0
8.70223,1,2.4,0,1,0
8.00642,1,2.0,0,1,0
6.33136,1,3.6,0,1,0
4.76468,1,5.3,0,1,0
4.90087,1,4.1,0,1,0
4.34476,1,5.5,0,1,0
6.22542,1,4.4,0,1,0
4.04479,1,5.9,0,1,0
11.7585,1,7.0,0,1,0
8.2567,1,6.1,0,1,0
9.84148,1,9.5,0,1,0
27.89533,1,8.9,0,1,0
59.45341,1,14.6,0,1,0
65.40984,1,16.5,0,1,0
46.12612,1,12.0,0,1,0
40.37374,1,17.2,0,1,0
34.90538,1,24.1,0,1,0
34.97102,1,30.5,0,1,0
40.84565,1,32.8,0,1,0
28.41045,1,21.3,0,1,0
15.48345,1,14.8,0,1,0
19.09788,1,10.6,0,1,0
18.18773,1,12.0,0,1,0
23.88165,1,14.8,0,1,0
27.11433,1,14.8,0,1,0
29.36886,1,17.1,0,1,0
17.10745,1,11.1,0,1,0
7.8913,1,20.5,0,1,0
7.00911,1,14.1,0,1,0
6.69779,1,16.9,0,1,0
2.99245,1,12.9,0,1,0
1.70146,1,13.6,0,1,0
1.42775,1,17.6,0,1,0
1.14436,1,21.0,0,1,0
1.88982,1,17.6,0,1,0
4.26925,1,20.8,0,1,0
9.40656,1,21.4,0,1,0
9.09294,1,19.0,0,1,0
11.77272,1,20.2,0,1,0
8.49022,1,12.3,0,1,0
7.99091,1,0.2,0,1,0
5.89195,1,8.0,0,1,0
7.22702,1,10.8,0,1,0
7.88938,1,10.7,0,1,0
7.10515,1,12.4,0,1,0
6.42449,1,12.6,0,1,0
6.9957,1,11.6,0,1,0
14.6087,1,15.9,0,1,0
16.43978,1,15.9,0,1,0
15.74732,1,17.6,0,1,0
15.48647,1,19.7,0,1,0
24.83488,1,21.1,0,1,0
17.60329,1,17.8,0,1,0
23.32182,1,18.5,0,1,0
19.79229,1,15.9,0,1,0
19.9299,1,11.9,0,1,0
16.29887,1,13.3,0,1,0
14.23523,1,14.3,0,1,0
15.78322,1,9.7,0,1,0
12.01849,1,15.7,0,1,0
9.38658,1,13.4,0,1,0
14.84519,1,10.9,0,1,0
13.34926,1,13.5,0,1,0
19.2625,1,11.9,0,1,0
21.03132,1,11.7,0,1,0
14.06402,1,10.1,0,1,0
13.66387,1,11.0,0,1,0
4.78467,1,6.4,0,1,0
6.22674,1,6.0,0,1,0
7.18793,1,9.1,0,1,0
5.91446,1,10.4,0,1,0
9.79866,1,11.0,0,1,0
13.93802,1,14.7,0,1,0
10.35977,1,12.2,0,1,0
8.9771,1,7.6,0,1,0
6.47369,1,4.6,0,1,0
6.12166,1,6.8,0,1,0
3.42114,1,9.9,0,1,0
1.37376,1,4.8,0,1,0
3.32752,1,4.8,0,1,0
0.97158,1,6.4,0,1,0
1.42022,1,10.2,0,1,0
4.04084,1,2.1,0,1,0
6.36738,1,8.2,0,1,0
12.19734,1,5.1,0,1,0
18.72402,1,9.1,0,1,0
11.44421,1,11.5,0,1,0
9.0894,1,8.1,0,1,0
5.29918,1,10.4,0,1,0
4.35987,1,10.4,0,1,0
5.85093,1,10.4,0,1,0
7.06903,1,10.4,0,1,0
7.35054,1,10.4,0,1,0
12.3754,1,10.4,0,1,0
24.97247,1,10.4,0,1,0
39.15434,1,10.4,0,1,0
47.00578,1,10.4,0,1,0
30.02152,1,10.4,0,1,0
31.92217,1,10.4,0,1,0
19.37305,1,10.4,0,1,0
12.08136,1,10.4,0,1,0
5.95266,1,10.4,0,1,0
6.21064,1,10.4,0,1,0
7.08216,1,10.4,0,1,0
4.24192,1,10.4,0,1,0
3.09081,1,10.4,0,1,0
3.13728,1,10.4,0,1,0
3.50995,1,10.4,0,1,0
8.5944,1,10.4,0,1,0
11.94721,1,10.4,0,1,0
18.42143,1,10.4,0,1,0
24.28704,1,10.4,0,1,0
21.15515,1,10.4,0,1,0
22.40118,1,10.4,0,1,0
17.60371,1,10.4,0,1,0
17.36985,1,10.4,0,1,0
15.11077,1,10.4,0,1,0
14.13737,1,10.4,0,1,0
13.21298,1,10.4,0,1,0
12.89026,1,10.4,0,1,0
12.95043,1,10.4,0,1,0
13.64368,1,10.4,0,1,0
12.38377,1,10.4,0,1,0
6.22017,1,10.4,0,1,0
4.738,1,10.4,0,1,0
3.56974,1,10.4,0,1,0
3.7957,1,10.4,0,1,0
1.49865,1,10.4,0,1,0
0.78753,1,10.4,0,1,0
1.28818,1,10.4,0,1,0
1.21066,1,10.4,0,1,0
1.5198,1,10.4,0,1,0
7.41906,1,10.4,0,1,0
10.76509,1,10.4,0,1,0
7.26265,1,10.4,0,1,0
9.74371,1,10.4,0,1,0
5.29876,1,10.4,0,1,0
3.78594,1,10.4,0,1,0
3.03855,1,10.4,0,1,0
3.53072,1,10.4,0,1,0
3.25948,1,10.4,0,1,0
6.21003,1,10.4,0,1,0
10.10443,1,10.4,0,1,0
11.28467,1,10.4,0,1,0
10.69111,1,10.4,0,1,0
11.1816,1,10.4,0,1,0
5.12021,1,10.4,0,1,0
4.31567,1,10.4,0,1,0
5.21478,1,10.4,0,1,0
6.26062,1,10.4,0,1,0
4.13807,1,10.4,0,1,0
5.88092,1,10.4,0,1,0
5.87018,1,10.4,0,1,0
12.04585,1,10.4,0,1,0
14.84132,1,10.4,0,1,0
15.56153,1,10.4,0,1,0
21.49219,1,10.4,0,1,0
20.04488,1,10.4,0,1,0
12.57387,1,10.4,0,1,0
17.26224,1,10.4,0,1,0
13.59621,1,10.4,0,1,0
10.90714,1,10.4,0,1,0
8.32036,1,10.4,0,1,0
6.14044,1,10.4,0,1,0
11.99833,1,10.4,0,1,0
21.98876,1,10.4,0,1,0
12.15732,1,10.4,0,1,0
11.3992,1,10.4,0,1,0
12.66247,1,10.4,0,1,0
9.05137,1,10.4,0,1,0
6.522,1,10.4,0,1,0
6.08705,1,10.4,0,1,0
6.51683,1,10.4,0,1,0
6.24511,1,10.4,0,1,0
6.17701,1,10.4,0,1,0
10.33721,1,10.4,0,1,0
6.5783,1,10.4,0,1,0
6.50403,1,10.4,0,1,0
7.15808,1,10.4,0,1,0
6.16218,1,10.4,0,1,0
8.43458,1,10.4,0,1,0
6.27343,1,10.4,0,1,0
4.59268,1,10.4,0,1,0
0.65215,1,10.4,0,1,0
3.46008,1,10.4,0,1,0
2.25859,1,10.4,0,1,0
2.59706,1,10.4,0,1,0
2.01571,1,10.4,0,1,0
4.04142,1,10.4,0,1,0
3.0477,1,10.4,0,1,0
3.33266,1,10.4,0,1,0
3.97731,1,10.4,0,1,0
5.33881,1,10.4,0,1,0
3.96387,1,10.4,0,1,0
6.7282,1,10.4,0,1,0
3.81847,1,10.4,0,1,0
3.10083,1,10.4,0,1,0
4.51751,1,10.4,0,1,0
4.55566,1,10.4,0,1,0
9.4469,1,10.4,0,1,0
6.08699,1,10.4,0,1,0
15.54094,1,10.4,0,1,0
13.6619,1,10.4,0,1,0
8.25599,1,10.4,0,1,0
14.08202,1,10.4,0,1,0
15.63993,1,10.4,0,1,0
12.31327,1,10.4,0,1,0
6.96314,1,10.4,0,1,0
7.86706,1,10.4,0,1,0
11.67386,1,10.4,0,1,0
8.86446,1,10.4,0,1,0
8.84152,1,10.4,0,1,0
25.71619,1,10.4,0,1,0
44.96446,1,10.4,0,1,0
37.06275,1,10.4,0,1,0
14.80103,1,10.4,0,1,0
10.5832,1,10.4,0,1,0
10.12903,1,10.4,0,1,0
8.58628,1,10.4,0,1,0
8.05276,1,10.4,0,1,0
12.71181,1,10.4,0,1,0
12.85641,1,10.4,0,1,0
17.12128,1,10.4,0,1,0
29.88968,1,10.4,0,1,0
48.63781,1,10.4,0,1,0
50.89789,1,10.4,0,1,0
28.80956,1,10.4,0,1,0
28.23358,1,10.4,0,1,0
32.11312,1,10.4,0,1,0
26.47505,1,10.4,0,1,0
21.89858,1,10.4,0,1,0
18.62179,1,10.4,0,1,0
19.34428,1,10.4,0,1,0
15.45568,1,10.4,0,1,0
18.33165,1,10.4,0,1,0
22.98068,1,10.4,0,1,0
34.20539,1,10.4,0,1,0
39.95999,1,10.4,0,1,0
40.1727,1,10.4,0,1,0
38.55624,1,10.4,0,1,0
33.49383,1,10.4,0,1,0
25.57522,1,10.4,0,1,0
26.56849,1,10.4,0,1,0
25.87302,1,10.4,0,1,0
17.22499,1,10.4,0,1,0
18.75578,1,10.4,0,1,0
20.30494,1,10.4,0,1,0
22.51533,1,10.4,0,1,0
22.39074,1,10.4,0,1,0
19.45883,1,10.4,0,1,0
19.0751,1,10.4,0,1,0
18.43091,1,10.4,0,1,0
19.44936,1,10.4,0,1,0
15.40825,1,10.4,0,1,0
14.05914,1,10.4,0,1,0
12.41557,1,10.4,0,1,0
5.1388,1,10.4,0,1,0
7.94382,1,10.4,0,1,0
7.92432,1,10.4,0,1,0
24.58139,1,10.4,0,1,0
40.82743,1,10.4,0,1,0
24.65118,1,10.4,0,1,0
12.30932,1,10.4,0,1,0
9.74545,1,10.4,0,1,0
10.73096,1,10.4,0,1,0
12.28607,1,10.4,0,1,0
10.53548,1,10.4,0,1,0
11.62923,1,10.4,0,1,0
15.03982,1,10.4,0,1,0
15.83002,1,10.4,0,1,0
26.17649,1,10.4,0,1,0
25.78024,1,10.4,0,1,0
36.10658,1,10.4,0,1,0
41.00503,1,10.4,0,1,0
29.11847,1,10.4,0,1,0
27.54634,1,20.7,0,1,0
37.3076,1,6.6,0,1,0
21.82337,1,8.0,0,1,0
19.04502,1,12.8,0,1,0
17.1404,1,9.8,0,1,0
15.56006,1,13.0,0,1,0
11.16349,1,7.1,0,1,0
8.20353,1,11.8,0,1,0
11.29113,1,11.8,0,1,0
19.384,1,11.8,0,1,0
27.84059,1,11.8,0,1,0
24.91556,1,11.8,0,1,0
11.87795,1,11.8,0,1,0
9.09735,1,11.8,0,1,0
8.72729,1,13.2,0,1,0
15.49828,1,15.4,0,1,0
7.53747,1,15.8,0,1,0
7.53747,1,19.2,0,1,0
12.44862,1,15.6,0,1,0
20.84669,1,19.1,0,1,0
25.08887,1,21.9,0,1,0
40.08911,1,19.4,0,1,0
49.67334,1,30.2,0,1,0
60.48151,1,36.5,0,1,0
64.15841,1,35.0,0,1,0
51.56785,1,34.7,0,1,0
39.18856,1,36.5,0,1,0
38.58602,1,27.7,0,1,0
38.58602,1,31.0,0,1,0
38.58602,1,21.7,0,1,0
38.58602,1,25.6,0,1,0
38.58602,1,20.8,0,1,0
15.55639,1,22.0,0,1,0
19.82005,1,20.7,0,1,0
28.95659,1,21.9,0,1,0
26.55422,1,25.2,0,1,0
27.52876,1,20.9,0,1,0
21.60054,1,19.2,0,1,0
20.76061,1,11.6,0,1,0
17.36219,1,15.0,0,1,0
15.4288,1,11.4,0,1,0
22.33477,1,15.2,0,1,0
26.33424,1,15.0,0,1,0
27.07638,1,15.9,0,1,0
26.54345,1,8.1,0,1,0
37.23862,1,12.5,0,1,0
28.65386,1,14.3,0,1,0
28.01128,1,9.1,0,1,0
22.01312,1,6.8,0,1,0
11.38267,1,10.1,0,1,0
11.03616,1,15.6,0,1,0
10.83659,1,10.3,0,1,0
12.74872,1,10.2,0,1,0
6.0977,1,13.1,0,1,0
9.5145,1,14.3,0,1,0
3.60577,1,14.3,0,1,0
12.31023,1,14.3,0,1,0
21.92663,1,14.3,0,1,0
32.50956,1,14.3,0,1,0
21.65774,1,14.3,0,1,0
24.32376,1,14.3,0,1,0
17.82943,1,14.3,0,1,0
7.64336,1,14.3,0,1,0
13.71265,1,14.3,0,1,0
12.33691,1,14.3,0,1,0
11.24061,1,14.3,0,1,0
15.42025,1,14.3,0,1,0
16.8659,1,14.3,0,1,0
23.85291,1,14.3,0,1,0
55.59222,1,14.3,0,1,0
41.10374,1,14.3,0,1,0
35.08817,1,14.3,0,1,0
38.11983,1,14.3,0,1,0
36.85646,1,14.3,0,1,0
25.86583,1,14.3,0,1,0
17.96245,1,14.3,0,1,0
14.07398,1,14.3,0,1,0
10.20406,1,14.3,0,1,0
12.14778,1,14.3,0,1,0
15.53597,1,14.3,0,1,0
20.56678,1,14.3,0,1,0
28.64705,1,14.3,0,1,0
22.73533,1,14.3,0,1,0
14.38282,1,14.3,0,1,0
15.0556,1,14.3,0,1,0
11.42428,1,14.3,0,1,0
8.20625,1,14.3,0,1,0
5.84413,1,14.3,0,1,0
7.44787,1,14.3,0,1,0
6.09599,1,14.3,0,1,0
12.03922,1,14.3,0,1,0
9.09346,1,14.3,0,1,0
11.52157,1,14.3,0,1,0
10.94894,1,14.3,0,1,0
12.89067,1,14.3,0,1,0
13.82608,1,14.3,0,1,0
8.10151,1,14.3,0,1,0
8.23712,1,14.3,0,1,0
7.26754,1,14.3,0,1,0
22.12275,1,14.3,0,1,0
10.20253,1,14.3,0,1,0
1.42444,1,14.3,0,1,0
2.62236,1,14.3,0,1,0
10.27635,1,14.3,0,1,0
4.59612,1,14.3,0,1,0
9.63573,1,14.3,0,1,0
12.6006,1,14.3,0,1,0
13.72579,1,14.3,0,1,0
14.23786,1,14.3,0,1,0
23.05566,1,14.3,0,1,0
26.43467,1,14.3,0,1,0
15.29114,1,14.3,0,1,0
16.55171,1,14.3,0,1,0
19.34239,1,14.3,0,1,0
17.03485,1,14.3,0,1,0
21.9997,1,14.3,0,1,0
58.46947,1,14.3,0,1,0
60.30341,1,14.3,0,1,0
58.62661,1,14.3,0,1,0
29.6273,1,14.3,0,1,0
31.00477,1,14.3,0,1,0
35.83482,1,14.3,0,1,0
37.87836,1,14.3,0,1,0
29.978,1,14.3,0,1,0
13.8458,1,14.3,0,1,0
17.27905,1,14.3,0,1,0
9.19741,1,14.3,0,1,0
23.2153,1,14.3,0,1,0
29.39141,1,14.3,0,1,0
42.54655,1,14.3,0,1,0
55.55987,1,14.3,0,1,0
37.30481,1,14.3,0,1,0
27.07254,1,14.3,0,1,0
29.90653,1,14.3,0,1,0
13.01093,1,14.3,0,1,0
28.65098,1,14.3,0,1,0
14.06857,1,14.3,0,1,0
13.53161,1,14.3,0,1,0
15.38208,1,14.3,0,1,0
17.12463,1,14.3,0,1,0
19.26993,1,9.5,0,1,0
20.9822,1,13.2,0,1,0
32.92834,1,16.4,0,1,0
26.60611,1,13.9,0,1,0
20.89282,1,15.5,0,1,0
15.33418,1,12.5,0,1,0
18.21795,1,14.7,0,1,0
7.33957,1,14.7,0,1,0
16.28586,1,14.4,0,1,0
8.97876,1,16.0,0,1,0
4.48664,1,16.6,0,1,0
9.44594,1,16.6,0,1,0
11.00356,1,18.5,0,1,0
19.08543,1,19.3,0,1,0
26.78172,1,18.4,0,1,0
29.06566,1,19.3,0,1,0
26.45695,1,16.2,0,1,0
16.74438,1,15.1,0,1,0
17.44549,1,13.8,0,1,0
18.14358,1,11.6,0,1,0
14.19496,1,11.3,0,1,0
19.85385,1,18.9,0,1,0
37.43802,1,19.9,0,1,0
30.71254,1,20.3,0,1,0
36.55611,1,21.5,0,1,0
27.85106,1,15.9,0,1,0
24.85591,1,16.8,0,1,0
44.01667,1,16.2,0,1,0
23.7618,1,15.0,0,1,0
39.20817,1,21.6,0,1,0
46.22878,1,21.9,0,1,0
34.49896,1,18.7,0,1,0
28.2451,1,19.7,0,1,0
23.80344,1,19.6,0,1,0
8.96356,1,19.6,0,1,0
13.06647,1,20.0,0,1,0
31.66575,1,18.9,0,1,0
56.64376,1,21.9,0,1,0
73.2952,1,24.8,0,1,0
65.75705,1,29.2,0,1,0
37.52306,1,27.5,0,1,0
31.73051,1,23.5,0,1,0
36.89494,1,21.2,0,1,0
32.44812,1,22.7,0,1,0
22.81982,1,21.3,0,1,0
28.98188,1,23.2,0,1,0
38.13367,1,27.5,0,1,0
39.828,1,25.9,0,1,0
50.09191,1,32.8,0,1,0
57.03466,1,25.2,0,1,0
62.42207,1,26.1,0,1,0
45.60233,1,26.4,0,1,0
35.6478,1,25.7,0,1,0
45.31536,1,27.3,0,1,0
45.47343,1,28.3,0,1,0
33.9626,1,29.0,0,1,0
32.25762,1,36.5,0,1,0
25.68098,1,28.9,0,1,0
32.44032,1,33.6,0,1,0
35.66698,1,37.9,0,1,0
44.82115,1,40.7,0,1,0
52.61677,1,41.1,0,1,0
66.72067,1,50.0,0,1,0
56.25908,1,44.3,0,1,0
28.52798,1,36.5,0,1,0
24.82098,1,41.3,0,1,0
28.84199,1,43.0,0,1,0
28.75946,1,42.3,0,1,0
29.58372,1,42.3,0,1,0
27.39963,1,42.3,0,1,0
27.61042,1,42.3,0,1,0
17.31147,1,42.3,0,1,0
10.81198,1,24.6,0,1,0
19.81941,1,24.5,0,1,0
26.71229,1,27.3,0,1,0
36.73434,1,26.6,0,1,0
27.32821,1,25.1,0,1,0
41.32851,1,26.0,0,1,0
20.77058,1,22.4,0,1,0
19.92788,1,24.1,0,1,0
12.0136,1,24.1,0,1,0
22.72686,1,24.1,0,1,0
32.39075,1,23.9,0,1,0
24.85654,1,23.8,0,1,0
32.79974,1,29.1,0,1,0
38.76447,1,29.3,0,1,0
22.55441,1,21.6,0,1,0
26.29021,1,21.8,0,1,0
24.1984,1,23.7,0,1,0
26.72078,1,29.7,0,1,0
31.58399,1,27.8,0,1,0
23.49174,1,29.6,0,1,0
24.42811,1,30.5,0,1,0
14.46977,1,28.7,0,1,0
21.0489,1,26.7,0,1,0
10.94935,1,23.4,0,1,0
13.0791,1,24.1,0,1,0
47.56661,1,33.4,0,1,0
44.19262,1,28.8,0,1,0
27.03396,1,18.8,0,1,0
27.67638,1,15.1,0,1,0
28.14159,1,15.3,0,1,0
29.64345,1,12.9,0,1,0
19.57095,1,10.6,0,1,0
12.89074,1,12.2,0,1,0
40.88484,1,11.2,0,1,0
16.9189,1,11.2,0,1,0
10.2943,1,12.0,0,1,0
14.94362,1,10.9,0,1,0
17.40617,1,13.6,0,1,0
32.87328,1,19.2,0,1,0
26.93976,1,15.7,0,1,0
26.80264,1,14.1,0,1,0
28.28558,1,15.1,0,1,0
31.82712,1,12.9,0,1,0
33.20639,1,17.8,0,1,0
26.39852,1,17.6,0,1,0
22.96337,1,11.9,0,1,0
25.10594,1,12.4,0,1,0
25.43161,1,15.0,0,1,0
24.00821,1,19.4,0,1,0
26.80919,1,13.9,0,1,0
30.26213,1,20.9,0,1,0
36.43371,1,18.8,0,1,0
25.86608,1,19.0,0,1,0
26.565,1,19.9,0,1,0
14.99194,1,15.9,0,1,0
9.5943,1,18.1,0,1,0
9.3742,1,13.6,0,1,0
13.99364,1,15.4,0,1,0
6.62785,1,13.3,0,1,0
26.25108,1,10.0,0,1,0
75.09992,1,10.0,0,1,0
82.35507,1,10.0,0,1,0
62.51445,1,22.4,0,1,0
41.26741,1,14.8,0,1,0
29.76177,1,18.8,0,1,0
24.92013,1,24.7,0,1,0
27.43307,1,25.6,0,1,0
25.8597,1,27.1,0,1,0
20.61168,1,24.9,0,1,0
26.39058,1,30.7,0,1,0
23.57227,1,27.0,0,1,0
22.63095,1,24.3,0,1,0
31.14775,1,27.5,0,1,0
33.87695,1,25.3,0,1,0
29.12607,1,26.6,0,1,0
24.89731,1,28.0,0,1,0
18.7619,1,23.8,0,1,0
15.30216,1,25.5,0,1,0
10.08374,1,22.3,0,1,0
6.59186,1,22.6,0,1,0
5.77098,1,20.9,0,1,0
7.09891,1,24.5,0,1,0
10.69803,1,20.7,0,1,0
21.81339,1,23.8,0,1,0
35.27178,1,18.6,0,1,0
40.81878,1,10.0,0,1,0
37.90661,1,8.9,0,1,0
39.78945,1,12.8,0,1,0
25.88252,1,9.3,0,1,0
6.94958,1,5.7,0,1,0
5.32923,1,10.5,0,1,0
4.68597,1,6.1,0,1,0
5.35429,1,11.2,0,1,0
21.11502,1,13.6,0,1,0
16.1213,1,10.1,0,1,0
12.97798,1,7.8,0,1,0
23.37905,1,9.0,0,1,0
27.63374,1,12.4,0,1,0
37.60124,1,14.1,0,1,0
58.89803,1,12.1,0,1,0
34.44834,1,11.1,0,1,0
16.08514,1,13.2,0,1,0
17.74102,1,12.8,0,1,0
18.26407,1,12.5,0,1,0
22.12603,1,12.1,0,1,0
9.92366,1,9.0,0,1,0
17.16695,1,9.6,0,1,0
22.81461,1,9.1,0,1,0
47.74706,1,12.1,0,1,0
56.98343,1,15.9,0,1,0
47.46392,1,14.7,0,1,0
34.0853,1,19.7,0,1,0
25.10893,1,11.9,0,1,0
20.24551,1,12.8,0,1,0
27.67852,1,17.4,0,1,0
30.8836,1,18.4,0,1,0
25.02884,1,13.8,0,1,0
27.99273,1,20.5,0,1,0
28.3815,1,20.1,0,1,0
34.52546,1,16.3,0,1,0
56.92852,1,21.8,0,1,0
37.48732,1,18.1,0,1,0
40.19086,1,15.4,0,1,0
30.49027,1,12.4,0,1,0
37.30244,1,10.4,0,1,0
26.54662,1,12.5,0,1,0
16.18099,1,12.1,0,1,0
16.12687,1,13.5,0,1,0
15.92722,1,14.0,0,1,0
11.90226,1,12.2,0,1,0
15.19,1,13.0,0,1,0
26.01487,1,13.7,0,1,0
55.90209,1,17.5,0,1,0
80.64806,1,19.6,0,1,0
58.83193,1,24.5,0,1,0
32.885,1,27.0,0,1,0
22.73406,1,17.8,0,1,0
19.77262,1,13.6,0,1,0
17.6995,1,11.1,0,1,0
17.6995,1,16.0,0,1,0
13.96526,1,20.2,0,1,0
14.49554,1,22.9,0,1,0
12.78255,1,24.0,0,1,0
14.11804,1,25.6,0,1,0
17.31266,1,22.9,0,1,0
21.66864,1,23.1,0,1,0
12.72459,1,17.2,0,1,0
11.86675,1,18.1,0,1,0
10.61309,1,17.6,0,1,0
7.96991,1,11.5,0,1,0
7.02243,1,16.6,0,1,0
5.16267,1,20.6,0,1,0
5.35997,1,20.2,0,1,0
5.41247,1,20.2,0,1,0
7.79484,1,22.5,0,1,0
13.6288,1,20.9,0,1,0
25.62568,1,23.1,0,1,0
32.12221,1,32.3,0,1,0
29.93242,1,34.9,0,1,0
28.85733,1,25.6,0,1,0
16.96571,1,18.0,0,1,0
15.18674,1,14.3,0,1,0
15.4807,1,16.7,0,1,0
18.80586,1,18.8,0,1,0
20.62094,1,17.6,0,1,0
21.07952,1,20.1,0,1,0
25.36241,1,18.7,0,1,0
31.86963,1,33.0,0,1,0
36.6934,1,32.8,0,1,0
40.34876,1,32.7,0,1,0
32.62027,1,39.4,0,1,0
32.92239,1,43.1,0,1,0
42.16159,1,44.1,0,1,0
37.44366,1,37.8,0,1,0
26.15498,1,36.7,0,1,0
18.61992,1,38.0,0,1,0
13.75428,1,38.0,0,1,0
11.13634,1,31.9,0,1,0
12.32064,1,26.9,0,1,0
30.18663,1,28.5,0,1,0
26.51563,1,26.6,0,1,0
23.04985,1,28.7,0,1,0
23.7021,1,22.8,0,1,0
16.33796,1,20.9,0,1,0
9.64478,1,22.9,0,1,0
17.29279,1,22.7,0,1,0
21.04692,1,17.3,0,1,0
23.79236,1,17.3,0,1,0
13.96493,1,20.2,0,1,0
42.7491,1,23.7,0,1,0
40.67402,1,19.9,0,1,0
44.46118,1,20.3,0,1,0
48.7767,1,31.6,0,1,0
47.85488,1,29.9,0,1,0
38.94891,1,35.7,0,1,0
38.91801,1,31.0,0,1,0
41.86305,1,31.4,0,1,0
39.59976,1,34.4,0,1,0
23.12585,1,29.4,0,1,0
18.82792,1,29.4,0,1,0
16.5965,1,29.4,0,1,0
13.43447,1,29.4,0,1,0
9.07592,1,29.4,0,1,0
7.76729,1,29.4,0,1,0
11.73718,1,29.4,0,1,0
18.3693,1,29.4,0,1,0
24.74271,1,29.4,0,1,0
32.48298,1,31.9,0,1,0
29.25399,1,31.3,0,1,0
33.82713,1,24.3,0,1,0
22.85863,1,26.1,0,1,0
27.67193,1,32.1,0,1,0
36.43842,1,41.8,0,1,0
31.08175,1,41.4,0,1,0
26.13671,1,47.5,0,1,0
34.70541,1,47.1,0,1,0
23.69105,1,42.7,0,1,0
27.1855,1,38.2,0,1,0
31.34621,1,33.3,0,1,0
31.88713,1,28.4,0,1,0
26.63752,1,29.8,0,1,0
14.96999,1,24.1,0,1,0
6.63163,1,25.0,0,1,0
8.07992,1,26.9,0,1,0
11.36561,1,27.0,0,1,0
4.80247,1,27.3,0,1,0
8.87537,1,31.6,0,1,0
15.86078,1,34.1,0,1,0
56.27003,1,34.1,0,1,0
35.76446,1,37.8,0,1,0
40.87132,1,39.1,0,1,0
52.26225,1,36.4,0,1,0
43.61603,1,37.7,0,1,0
30.95996,1,34.2,0,1,0
34.56924,1,35.6,0,1,0
26.76819,1,35.6,0,1,0
23.53742,1,35.6,0,1,0
32.56979,1,35.6,0,1,0
34.53741,1,35.6,0,1,0
40.89495,1,35.6,0,1,0
40.61725,1,35.6,0,1,0
35.23758,1,35.6,0,1,0
27.23138,1,35.6,0,1,0
25.54845,1,35.6,0,1,0
33.09843,1,35.6,0,1,0
34.66728,1,35.6,0,1,0
11.03531,1,35.6,0,1,0
4.23504,1,35.6,0,1,0
5.17216,1,35.6,0,1,0
2.38907,1,35.6,0,1,0
1.28523,1,35.6,0,1,0
24.38142,1,35.6,0,1,0
41.49285,1,35.6,0,1,0
49.23449,1,35.6,0,1,0
52.74322,1,35.6,0,1,0
37.32743,1,35.6,0,1,0
33.27263,1,35.6,0,1,0
35.06197,1,35.6,0,1,0
30.86453,1,35.6,0,1,0
39.05246,1,35.6,0,1,0
40.83315,1,35.6,0,1,0
40.82066,1,35.6,0,1,0
42.48751,1,35.6,0,1,0
39.87837,1,35.6,0,1,0
45.98167,1,35.6,0,1,0
37.27343,1,35.6,0,1,0
35.24475,1,35.6,0,1,0
30.76988,1,35.6,0,1,0
31.29424,1,35.6,0,1,0
25.69391,1,35.6,0,1,0
33.79341,1,35.6,0,1,0
9.83952,1,35.6,0,1,0
9.75773,1,35.6,0,1,0
21.23896,1,35.6,0,1,0
25.8531,1,35.6,0,1,0
47.78672,1,35.6,0,1,0
61.21466,1,35.6,0,1,0
55.60748,1,35.6,0,1,0
54.57239,1,35.6,0,1,0
58.40362,1,35.6,0,1,0
43.70132,1,35.6,0,1,0
39.65504,1,35.6,0,1,0
36.80625,1,35.6,0,1,0
31.21975,1,35.6,0,1,0
21.80616,1,35.6,0,1,0
27.4671,1,35.6,0,1,0
23.78924,1,35.6,0,1,0
27.51607,1,35.6,0,1,0
21.782,1,35.6,0,1,0
27.53805,1,35.6,0,1,0
43.22062,1,35.6,0,1,0
50.90584,1,35.6,0,1,0
47.40478,1,35.6,0,1,0
48.52134,1,35.6,0,1,0
35.68035,1,35.6,0,1,0
23.18215,1,35.6,0,1,0
18.17613,1,35.6,0,1,0
13.30557,1,35.6,0,1,0
27.14539,1,35.6,0,1,0
42.75754,1,35.6,0,1,0
32.93474,1,35.6,0,1,0
39.40262,1,35.6,0,1,0
44.99039,1,35.6,0,1,0
49.52906,1,35.6,0,1,0
36.64033,1,35.6,0,1,0
35.59338,1,35.6,0,1,0
30.12957,1,35.6,0,1,0
23.80905,1,35.6,0,1,0
28.91011,1,35.6,0,1,0
26.13636,1,35.6,0,1,0
30.24459,1,35.6,0,1,0
25.6551,1,35.6,0,1,0
27.57086,1,35.6,0,1,0
30.33172,1,35.6,0,1,0
23.05421,1,35.6,0,1,0
17.38591,1,35.6,0,1,0
16.04431,1,35.6,0,1,0
19.23409,1,35.6,0,1,0
6.4303,1,35.6,0,1,0
7.25844,1,35.6,0,1,0
7.8532,1,35.6,0,1,0
16.08711,1,35.6,0,1,0
42.75548,1,35.6,0,1,0
30.60816,1,35.6,0,1,0
71.18963,1,35.6,0,1,0
89.50833,1,35.6,0,1,0
61.17756,1,35.6,0,1,0
40.13761,1,35.6,0,1,0
35.4881,1,35.6,0,1,0
29.0732,1,35.6,0,1,0
42.04906,1,35.6,0,1,0
40.55738,1,35.6,0,1,0
35.65199,1,35.6,0,1,0
43.29329,1,35.6,0,1,0
30.57887,1,35.6,0,1,0
27.4279,1,35.6,0,1,0
33.90386,1,35.6,0,1,0
40.01436,1,35.6,0,1,0
43.08668,1,35.6,0,1,0
42.45163,1,35.6,0,1,0
41.36772,1,35.6,0,1,0
36.82081,1,35.6,0,1,0
38.50038,1,35.6,0,1,0
23.57969,1,35.6,0,1,0
21.77777,1,35.6,0,1,0
18.10468,1,35.6,0,1,0
14.26592,1,35.6,0,1,0
23.82321,1,35.6,0,1,0
35.41128,1,35.6,0,1,0
45.41755,1,35.6,0,1,0
47.59545,1,35.6,0,1,0
29.1007,1,35.6,0,1,0
25.35404,1,35.6,0,1,0
25.7057,1,35.6,0,1,0
22.80526,1,35.6,0,1,0
32.42401,1,35.6,0,1,0
27.76595,1,35.6,0,1,0
20.73706,1,35.6,0,1,0
22.15111,1,35.6,0,1,0
25.70038,1,35.6,0,1,0
21.57781,1,35.6,0,1,0
30.19334,1,35.6,0,1,0
45.46124,1,35.6,0,1,0
44.38014,1,35.6,0,1,0
41.33674,1,35.6,0,1,0
48.86898,1,35.6,0,1,0
39.55773,1,35.6,0,1,0
37.70361,1,35.6,0,1,0
29.08604,1,35.6,0,1,0
25.33822,1,35.6,0,1,0
20.90654,1,35.6,0,1,0
23.43649,1,35.6,0,1,0
10.85346,1,35.6,0,1,0
22.59802,1,35.6,0,1,0
32.26161,1,35.6,0,1,0
23.9013,1,35.6,0,1,0
16.46424,1,35.6,0,1,0
20.05912,1,35.6,0,1,0
12.20089,1,35.6,0,1,0
14.88028,1,35.6,0,1,0
16.19042,1,35.6,0,1,0
13.07742,1,35.6,0,1,0
14.41172,1,35.6,0,1,0
18.00686,1,35.6,0,1,0
13.14775,1,35.6,0,1,0
15.52327,1,35.6,0,1,0
26.20073,1,35.6,0,1,0
21.32245,1,35.6,0,1,0
21.74082,1,35.6,0,1,0
16.98156,1,35.6,0,1,0
11.19044,1,35.6,0,1,0
12.6264,1,35.6,0,1,0
10.69858,1,35.6,0,1,0
10.25407,1,35.6,0,1,0
6.89057,1,35.6,0,1,0
12.38219,1,35.6,0,1,0
25.51917,1,35.6,0,1,0
27.09722,1,35.6,0,1,0
21.17008,1,35.6,0,1,0
19.91077,1,35.6,0,1,0
19.0449,1,35.6,0,1,0
16.66955,1,35.6,0,1,0
13.9601,1,35.6,0,1,0
13.86975,1,35.6,0,1,0
15.32347,1,35.6,0,1,0
15.48293,1,35.6,0,1,0
13.07037,1,35.6,0,1,0
17.15212,1,35.6,0,1,0
18.11714,1,35.6,0,1,0
18.46453,1,35.6,0,1,0
20.06633,1,35.6,0,1,0
18.679,1,35.6,0,1,0
14.99984,1,35.6,0,1,0
15.79758,1,35.6,0,1,0
14.59749,1,35.6,0,1,0
10.31995,1,35.6,0,1,0
10.83133,1,35.6,0,1,0
9.92776,1,35.6,0,1,0
26.99272,1,35.6,0,1,0
57.24461,1,35.6,0,1,0
68.10566,1,35.6,0,1,0
63.33029,1,35.6,0,1,0
45.58361,1,35.6,0,1,0
31.17039,1,35.6,0,1,0
34.85061,1,35.6,0,1,0
31.01759,1,35.6,0,1,0
26.56136,1,35.6,0,1,0
33.27287,1,35.6,0,1,0
23.46088,1,35.6,0,1,0
26.21325,1,35.6,0,1,0
29.5452,1,35.6,0,1,0
28.73658,1,35.6,0,1,0
28.62635,1,35.6,0,1,0
37.24112,1,35.6,0,1,0
25.54743,1,35.6,0,1,0
26.59813,1,35.6,0,1,0
40.99211,1,35.6,0,1,0
33.6847,1,35.6,0,1,0
13.9798,1,35.6,0,1,0
8.76486,1,35.6,0,1,0
5.92549,1,35.6,0,1,0
4.10282,1,35.6,0,1,0
3.28745,1,35.6,0,1,0
9.18392,1,35.6,0,1,0
42.46779,1,35.6,0,1,0
53.22796,1,35.6,0,1,0
46.41494,1,35.6,0,1,0
53.30351,1,35.6,0,1,0
45.62826,1,35.6,0,1,0
35.6522,1,35.6,0,1,0
46.23881,1,35.6,0,1,0
33.18187,1,35.6,0,1,0
32.36299,1,35.6,0,1,0
30.11936,1,35.6,0,1,0
29.40834,1,35.6,0,1,0
29.54056,1,35.6,0,1,0
29.79969,1,35.6,0,1,0
36.72623,1,35.6,0,1,0
34.46852,1,35.6,0,1,0
32.69495,1,35.6,0,1,0
35.19315,1,35.6,0,1,0
26.75381,1,35.6,0,1,0
17.24911,1,35.6,0,1,0
18.65929,1,35.6,0,1,0
19.07483,1,35.6,0,1,0
23.71578,1,35.6,0,1,0
17.46679,1,35.6,0,1,0
14.69332,1,35.6,0,1,0
28.93139,1,35.6,0,1,0
39.22148,1,35.6,0,1,0
25.1728,1,35.6,0,1,0
38.49293,1,35.6,0,1,0
38.38756,1,35.6,0,1,0
38.0071,1,35.6,0,1,0
37.66263,1,35.6,0,1,0
32.85822,1,35.6,0,1,0
23.57953,1,35.6,0,1,0
27.21866,1,35.6,0,1,0
30.73613,1,35.6,0,1,0
45.04712,1,35.6,0,1,0
42.50611,1,35.6,0,1,0
44.41561,1,35.6,0,1,0
47.99041,1,35.6,0,1,0
48.92419,1,35.6,0,1,0
25.32773,1,35.6,0,1,0
40.19583,1,35.6,0,1,0
17.07081,1,35.6,0,1,0
16.56959,1,5.2,0,1,0
15.28636,1,1.7,0,1,0
17.25961,1,8.9,0,1,0
23.97182,1,11.5,0,1,0
25.64826,1,12.9,0,1,0
25.87595,1,17.5,0,1,0
23.07533,1,15.5,0,1,0
23.1973,1,16.2,0,1,0
19.58972,1,14.4,0,1,0
21.16178,1,15.0,0,1,0
20.6216,1,13.7,0,1,0
18.73906,1,11.3,0,1,0
24.24241,1,10.3,0,1,0
26.25921,1,8.8,0,1,0
37.80149,1,8.2,0,1,0
37.24842,1,5.0,0,1,0
27.74106,1,4.3,0,1,0
22.14958,1,4.6,0,1,0
14.42972,1,6.3,0,1,0
14.01706,1,6.5,0,1,0
15.31821,1,8.9,0,1,0
10.10012,1,6.0,0,1,0
8.55063,1,1.2,0,1,0
9.58811,1,7.6,0,1,0
3.93158,1,7.6,0,1,0
4.83188,1,8.2,0,1,0
5.30784,1,1.7,0,1,0
7.06412,1,6.9,0,1,0
12.64441,1,6.9,0,1,0
14.01221,1,6.9,0,1,0
20.53846,1,4.4,0,1,0
24.37009,1,0.6,0,1,0
6.90116,1,1.3,0,1,0
6.80957,1,4.1,0,1,0
5.5589,1,4.1,0,1,0
10.72088,1,4.1,0,1,0
10.60112,1,4.1,0,1,0
8.95752,1,4.1,0,1,0
8.5196,1,4.1,0,1,0
9.73903,1,4.1,0,1,0
11.56548,1,4.1,0,1,0
11.99431,1,4.1,0,1,0
6.91212,1,4.1,0,1,0
10.6596,1,4.1,0,1,0
8.88531,1,4.1,0,1,0
11.46331,1,4.1,0,1,0
8.88346,1,4.1,0,1,0
9.0617,1,4.1,0,1,0
9.28763,1,7.5,0,1,0
5.91653,1,0.8,0,1,0
7.46903,1,1.8,0,1,0
3.55423,1,8.1,0,1,0
3.68406,1,2.1,0,1,0
7.55131,1,5.8,0,1,0
8.94557,1,10.3,0,1,0
12.7417,1,11.3,0,1,0
10.7224,1,10.1,0,1,0
12.71752,1,9.0,0,1,0
16.4277,1,8.6,0,1,0
25.04228,1,11.5,0,1,0
28.76869,1,10.2,0,1,0
23.19114,1,8.8,0,1,0
24.74448,1,11.1,0,1,0
37.24785,1,12.3,0,1,0
39.5498,1,11.9,0,1,0
61.93996,1,16.6,0,1,0
44.0331,1,15.6,0,1,0
34.35627,1,16.5,0,1,0
38.50797,1,16.4,0,1,0
20.21819,1,22.8,0,1,0
26.07661,1,17.3,0,1,0
37.68659,1,11.9,0,1,0
19.33165,1,10.7,0,1,0
8.88864,1,5.4,0,1,0
16.21178,1,2.4,0,1,0
36.63069,1,4.7,0,1,0
64.18481,1,10.5,0,1,0
64.35152,1,11.8,0,1,0
46.27501,1,11.8,0,1,0
36.45041,1,9.5,0,1,0
27.34051,1,15.1,0,1,0
27.94687,1,13.5,0,1,0
28.34397,1,11.1,0,1,0
33.12847,1,14.0,0,1,0
30.29152,1,14.6,0,1,0
27.19672,1,15.7,0,1,0
33.55559,1,16.1,0,1,0
29.69566,1,15.4,0,1,0
24.68172,1,13.2,0,1,0
32.93959,1,11.1,0,1,0
36.74147,1,14.1,0,1,0
29.48991,1,23.5,0,1,0
25.5899,1,7.7,0,1,0
19.18701,1,19.0,0,1,0
18.80861,1,10.4,0,1,0
15.13666,1,18.7,0,1,0
14.20214,1,14.6,0,1,0
21.65475,1,15.2,0,1,0
34.66214,1,19.5,0,1,0
41.95233,1,26.7,0,1,0
48.76492,1,21.1,0,1,0
48.57355,1,14.0,0,1,0
40.85142,1,13.0,0,1,0
38.9862,1,23.8,0,1,0
31.16693,1,24.3,0,1,0
34.00969,1,29.1,0,1,0
25.81211,1,30.8,0,1,0
31.3289,1,26.9,0,1,0
30.62401,1,26.9,0,1,0
30.3239,1,26.9,0,1,0
36.64438,1,26.9,0,1,0
41.9569,1,26.9,0,1,0
38.98452,1,26.9,0,1,0
31.41983,1,26.9,0,1,0
26.44891,1,26.9,0,1,0
21.23086,1,26.0,0,1,0
16.79925,1,15.7,0,1,0
14.67579,1,21.8,0,1,0
13.46705,1,19.3,0,1,0
12.93583,1,18.0,0,1,0
15.09535,1,15.6,0,1,0
19.6483,1,24.9,0,1,0
34.28002,1,35.0,0,1,0
47.02876,1,34.5,0,1,0
41.84558,1,28.5,0,1,0
44.96222,1,35.5,0,1,0
36.14538,1,39.8,0,1,0
22.52107,1,42.1,0,1,0
18.80438,1,37.8,0,1,0
20.54999,1,37.8,0,1,0
20.20332,1,37.8,0,1,0
16.98813,1,37.8,0,1,0
10.87225,1,37.8,0,1,0
12.35894,1,37.8,0,1,0
24.80648,1,37.8,0,1,0
21.20449,1,37.8,0,1,0
30.05226,1,37.8,0,1,0
25.97412,1,9.6,0,1,0
16.14784,1,6.2,0,1,0
17.28303,1,6.2,0,1,0
11.60834,1,4.5,0,1,0
12.08679,1,9.4,0,1,0
11.27113,1,6.1,0,1,0
10.89766,1,9.0,0,1,0
6.42206,1,5.4,0,1,0
10.38723,1,2.8,0,1,0
21.78189,1,4.4,0,1,0
19.66431,1,9.2,0,1,0
11.04366,1,9.8,0,1,0
16.17636,1,10.8,0,1,0
8.54302,1,10.1,0,1,0
10.90849,1,7.6,0,1,0
20.7866,1,11.9,0,1,0
27.38324,1,8.5,0,1,0
20.01887,1,5.1,0,1,0
26.81822,1,7.2,0,1,0
54.42338,1,10.3,0,1,0
52.20452,1,9.9,0,1,0
60.2409,1,8.2,0,1,0
40.32799,1,4.7,0,1,0
37.81322,1,5.7,0,1,0
40.64784,1,9.6,0,1,0
58.31586,1,7.4,0,1,0
30.86837,1,8.8,0,1,0
14.3637,1,0.9,0,1,0
14.3637,1,13.6,0,1,0
16.36506,1,13.4,0,1,0
9.93825,1,11.4,0,1,0
14.98831,1,9.9,0,1,0
21.51186,1,1.9,0,1,0
36.25742,1,6.0,0,1,0
23.6814,1,4.3,0,1,0
27.71958,1,3.6,0,1,0
29.50967,1,7.4,0,1,0
20.36075,1,13.2,0,1,0
34.09115,1,13.2,0,1,0
26.69702,1,7.2,0,1,0
33.86276,1,5.4,0,1,0
31.90114,1,9.0,0,1,0
56.19925,1,18.5,0,1,0
60.14744,1,15.1,0,1,0
64.65635,1,10.2,0,1,0
45.30275,1,8.3,0,1,0
41.28775,1,16.7,0,1,0
40.19756,1,3.3,0,1,0
31.36927,1,7.8,0,1,0
22.70283,1,7.8,0,1,0
20.14789,1,3.0,0,1,0
14.65308,1,1.4,0,1,0
8.65712,1,7.3,0,1,0
9.01989,1,6.2,0,1,0
6.35183,1,3.2,0,1,0
5.28129,1,6.0,0,1,0
9.75507,1,7.6,0,1,0
7.37818,1,7.5,0,1,0
5.30995,1,10.3,0,1,0
4.79859,1,10.3,0,1,0
8.17535,1,3.2,0,1,0
8.95802,1,10.3,0,1,0
17.18685,1,10.3,0,1,0
17.95791,1,15.6,0,1,0
12.81789,1,11.0,0,1,0
11.31752,1,14.1,0,1,0
14.01762,1,11.1,0,1,0
17.93862,1,15.6,0,1,0
23.26417,1,14.9,0,1,0
23.84336,1,9.1,0,1,0
24.30285,1,14.6,0,1,0
19.65261,1,17.0,0,1,0
10.67525,1,19.3,0,1,0
12.52092,1,9.6,0,1,0
11.90921,1,10.9,0,1,0
5.41803,1,14.8,0,1,0
4.37653,1,8.2,0,1,0
7.52691,1,14.4,0,1,0
3.77914,1,7.3,0,1,0
5.36121,1,7.3,0,1,0
4.74703,1,7.3,0,1,0
6.94985,1,13.2,0,1,0
5.42819,1,13.6,0,1,0
7.35413,1,19.0,0,1,0
10.06171,1,15.7,0,1,0
6.57678,1,10.5,0,1,0
7.4595,1,12.2,0,1,0
10.36679,1,11.3,0,1,0
13.81481,1,10.8,0,1,0
23.00673,1,13.6,0,1,0
20.81765,1,9.9,0,1,0
20.06314,1,15.6,0,1,0
13.72162,1,15.4,0,1,0
18.4435,1,17.6,0,1,0
32.58648,1,17.6,0,1,0
22.56801,1,13.0,0,1,0
31.42306,1,19.2,0,1,0
52.98455,1,24.6,0,1,0
29.8249,1,20.9,0,1,0
19.16642,1,18.4,0,1,0
15.02141,1,3.0,0,1,0
6.99801,1,3.6,0,1,0
5.51268,1,1.9,0,1,0
9.02238,1,8.9,0,1,0
24.31818,1,11.6,0,1,0
24.23643,1,8.9,0,1,0
14.34917,1,5.6,0,1,0
14.45817,1,1.3,0,1,0
18.49344,1,10.7,0,1,0
24.5708,1,12.3,0,1,0
24.04063,1,12.2,0,1,0
43.39583,1,8.5,0,1,0
30.02171,1,10.8,0,1,0
34.01893,1,10.1,0,1,0
36.29678,1,10.9,0,1,0
35.98796,1,8.5,0,1,0
31.29749,1,8.5,0,1,0
25.99132,1,8.5,0,1,0
30.13071,1,8.7,0,1,0
25.83049,1,13.7,0,1,0
21.16585,1,8.6,0,1,0
20.59529,1,9.9,0,1,0
18.38871,1,6.6,0,1,0
16.66442,1,12.9,0,1,0
5.979,1,7.8,0,1,0
7.37075,1,7.8,0,1,0
3.90047,1,7.8,0,1,0
5.52636,1,10.2,0,1,0
11.09861,1,11.3,0,1,0
31.29351,1,15.8,0,1,0
39.87053,1,13.3,0,1,0
32.59253,1,13.3,0,1,0
30.5395,1,13.3,0,1,0
32.72034,1,15.4,0,1,0
22.51294,1,17.8,0,1,0
26.27875,1,12.5,0,1,0
24.31496,1,6.5,0,1,0
31.49254,1,13.9,0,1,0
43.74706,1,15.6,0,1,0
53.30901,1,15.4,0,1,0
34.8651,1,6.6,0,1,0
34.56187,1,13.5,0,1,0
28.11792,1,17.5,0,1,0
28.09904,1,19.8,0,1,0
23.20658,1,21.7,0,1,0
21.93319,1,8.0,0,1,0
12.72548,1,1.7,0,1,0
8.26417,1,20.8,0,1,0
4.80099,1,8.8,0,1,0
5.96328,1,11.7,0,1,0
2.75999,1,10.9,0,1,0
4.26237,1,11.5,0,1,0
14.28366,1,21.6,0,1,0
22.60272,1,17.5,0,1,0
39.81451,1,35.4,0,1,0
45.20375,1,21.8,0,1,0
47.41555,1,25.8,0,1,0
43.12114,1,25.6,0,1,0
30.70648,1,10.6,0,1,0
32.13046,1,10.6,0,1,0
30.51243,1,10.6,0,1,0
38.97791,1,10.6,0,1,0
50.06719,1,10.6,0,1,0
52.45688,1,10.6,0,1,0
53.70299,1,12.5,0,1,0
43.3923,1,6.5,0,1,0
36.08024,1,12.8,0,1,0
31.62615,1,10.3,0,1,0
17.79541,1,9.1,0,1,0
21.76726,1,9.1,0,1,0
31.3345,1,9.1,0,1,0
32.84664,1,9.1,0,1,0
24.35874,1,9.1,0,1,0
14.63175,1,9.1,0,1,0
8.24073,1,9.1,0,1,0
6.97294,1,9.1,0,1,0
35.55057,1,9.1,0,1,0
44.43132,1,9.1,0,1,0
44.37392,1,9.1,0,1,0
29.36586,1,9.1,0,1,0
60.67751,1,9.1,0,1,0
43.82889,1,12.5,0,1,0
37.92347,1,7.6,0,1,0
41.65599,1,3.9,0,1,0
44.12694,1,11.5,0,1,0
38.49493,1,13.7,0,1,0
41.46748,1,18.7,0,1,0
47.79464,1,13.2,0,1,0
39.78903,1,11.5,0,1,0
36.16589,1,8.9,0,1,0
59.62195,1,14.0,0,1,0
52.19348,1,14.0,0,1,0
50.60007,1,14.0,0,1,0
46.39597,1,14.0,0,1,0
54.98657,1,12.8,0,1,0
39.77642,1,10.1,0,1,0
40.20611,1,13.6,0,1,0
38.32778,1,13.6,0,1,0
44.77283,1,12.0,0,1,0
26.84366,1,12.3,0,1,0
27.964,1,19.1,0,1,0
27.81433,1,17.6,0,1,0
34.15076,1,15.9,0,1,0
52.12581,1,13.0,0,1,0
48.27407,1,9.5,0,1,0
39.77525,1,16.6,0,1,0
27.64655,1,12.7,0,1,0
41.19297,1,11.2,0,1,0
31.53631,1,12.6,0,1,0
31.5921,1,18.7,0,1,0
32.94315,1,16.3,0,1,0
30.04485,1,14.3,0,1,0
35.44447,1,15.0,0,1,0
31.64082,1,10.6,0,1,0
34.30163,1,14.7,0,1,0
29.1343,1,14.4,0,1,0
31.51287,1,15.0,0,1,0
38.77588,1,10.0,0,1,0
40.33464,1,22.1,0,1,0
33.19208,1,22.6,0,1,0
15.11667,1,14.8,0,1,0
5.09143,1,7.0,0,1,0
4.39313,1,11.3,0,1,0
10.58962,1,8.5,0,1,0
31.20798,1,9.4,0,1,0
30.31554,1,14.5,0,1,0
34.03974,1,12.5,0,1,0
27.26172,1,14.0,0,1,0
19.48753,1,10.1,0,1,0
32.59607,1,21.7,0,1,0
14.60711,1,20.4,0,1,0
16.00441,1,17.8,0,1,0
17.43294,1,19.3,0,1,0
18.60275,1,17.5,0,1,0
36.26517,1,16.1,0,1,0
15.26364,1,14.4,0,1,0
27.56841,1,17.1,0,1,0
38.29687,1,18.1,0,1,0
39.51138,1,13.3,0,1,0
33.08261,1,17.0,0,1,0
52.73948,1,14.9,0,1,0
60.41759,1,22.5,0,1,0
54.1311,1,17.1,0,1,0
51.35909,1,23.5,0,1,0
32.23412,1,22.1,0,1,0
32.46681,1,14.2,0,1,0
26.65972,1,14.7,0,1,0
22.63426,1,16.5,0,1,0
19.02343,1,20.3,0,1,0
14.98388,1,15.9,0,1,0
10.50771,1,15.4,0,1,0
22.14566,1,22.2,0,1,0
17.89968,1,26.2,0,1,0
20.64709,1,27.8,0,1,0
15.40169,1,24.7,0,1,0
12.50165,1,24.7,0,1,0
13.36576,1,24.7,0,1,0
6.72347,1,24.7,0,1,0
10.61846,1,24.7,0,1,0
9.94063,1,24.7,0,1,0
14.24608,1,24.7,0,1,0
14.62271,1,24.7,0,1,0
14.9793,1,24.7,0,1,0
15.28408,1,24.7,0,1,0
14.04512,1,24.7,0,1,0
14.91883,1,24.7,0,1,0
14.07797,1,24.7,0,1,0
9.43775,1,24.7,0,1,0
7.02671,1,24.7,0,1,0
7.02671,1,6.4,0,1,0
26.09213,1,5.2,0,1,0
28.75904,1,13.4,0,1,0
31.72392,1,9.2,0,1,0
32.63414,1,14.2,0,1,0
33.44793,1,16.3,0,1,0
28.20129,1,11.2,0,1,0
13.01206,1,6.5,0,1,0
16.0074,1,2.7,0,1,0
15.66516,1,5.4,0,1,0
12.29257,1,6.8,0,1,0
8.14555,1,5.9,0,1,0
8.45462,1,16.2,0,1,0
20.0388,1,14.1,0,1,0
18.21987,1,15.9,0,1,0
12.81252,1,10.9,0,1,0
15.29479,1,12.4,0,1,0
17.81463,1,8.9,0,1,0
23.41386,1,14.8,0,1,0
23.16647,1,8.3,0,1,0
18.61203,1,5.3,0,1,0
16.07454,1,1.6,0,1,0
17.0206,1,0.9,0,1,0
17.48307,1,1.6,0,1,0
14.73118,1,4.9,0,1,0
12.43832,1,4.9,0,1,0
15.39018,1,4.9,0,1,0
14.24359,1,4.9,0,1,0
14.80617,1,0.3,0,1,0
16.55128,1,1.2,0,1,0
19.59019,1,4.0,0,1,0
23.25639,1,3.0,0,1,0
22.92966,1,7.2,0,1,0
30.24719,1,4.8,0,1,0
31.02542,1,8.2,0,1,0
36.55168,1,11.2,0,1,0
45.41837,1,7.6,0,1,0
31.61319,1,11.1,0,1,0
16.11819,1,7.8,0,1,0
16.80228,1,13.5,0,1,0
21.13983,1,10.3,0,1,0
26.41319,1,10.8,0,1,0
32.34321,1,12.1,0,1,0
24.80739,1,9.4,0,1,0
30.4231,1,16.4,0,1,0
24.96406,1,12.1,0,1,0
20.57118,1,3.3,0,1,0
22.96064,1,3.3,0,1,0
15.93957,1,3.3,0,1,0
14.79584,1,10.9,0,1,0
18.45746,1,11.3,0,1,0
19.47446,1,7.5,0,1,0
16.84196,1,10.1,0,1,0
14.38053,1,7.9,0,1,0
21.81787,1,7.3,0,1,0
18.70286,1,9.9,0,1,0
23.03327,1,6.2,0,1,0
58.13147,1,10.4,0,1,0
48.87487,1,13.6,0,1,0
23.45443,1,7.9,0,1,0
21.022,1,10.0,0,1,0
14.25588,1,10.3,0,1,0
30.36457,1,8.5,0,1,0
32.76267,1,16.1,0,1,0
24.30246,1,13.2,0,1,0
30.6581,1,14.6,0,1,0
41.44366,1,13.8,0,1,0
44.78229,1,15.4,0,1,0
39.23696,1,17.0,0,1,0
22.85064,1,14.0,0,1,0
24.07582,1,13.3,0,1,0
32.27677,1,20.2,0,1,0
31.41717,1,18.1,0,1,0
24.50645,1,14.2,0,1,0
31.99619,1,19.1,0,1,0
37.09815,1,20.9,0,1,0
49.60218,1,26.9,0,1,0
45.55901,1,26.6,0,1,0
29.4256,1,21.9,0,1,0
27.36277,1,17.7,0,1,0
24.70258,1,12.1,0,1,0
30.84516,1,20.4,0,1,0
28.84849,1,20.3,0,1,0
23.48981,1,20.4,0,1,0
18.12264,1,21.4,0,1,0
20.4741,1,16.5,0,1,0
14.93672,1,19.6,0,1,0
18.46497,1,19.8,0,1,0
14.42935,1,17.9,0,1,0
12.31116,1,13.7,0,1,0
13.89759,1,8.7,0,1,0
16.9212,1,9.3,0,1,0
4.11886,1,3.7,0,1,0
9.26284,1,2.7,0,1,0
9.8493,1,3.4,0,1,0
14.14836,1,3.1,0,1,0
11.20126,1,3.5,0,1,0
9.74707,1,2.1,0,1,0
5.84778,1,5.8,0,1,0
7.53787,1,5.8,0,1,0
10.49228,1,2.8,0,1,0
12.58852,1,5.5,0,1,0
19.53291,1,5.3,0,1,0
25.64197,1,5.9,0,1,0
16.6804,1,9.3,0,1,0
14.0396,1,4.6,0,1,0
24.77409,1,8.4,0,1,0
19.80351,1,4.6,0,1,0
17.14819,1,10.0,0,1,0
15.17008,1,11.8,0,1,0
12.13488,1,8.7,0,1,0
12.41251,1,10.9,0,1,0
10.53028,1,8.3,0,1,0
8.24171,1,12.0,0,1,0
8.13994,1,12.0,0,1,0
9.38594,1,12.7,0,1,0
11.18789,1,7.4,0,1,0
9.72642,1,7.6,0,1,0
10.44839,1,6.4,0,1,0
15.43351,1,6.0,0,1,0
7.69511,1,7.5,0,1,0
20.27233,1,10.1,0,1,0
19.64787,1,9.8,0,1,0
16.65223,1,7.1,0,1,0
12.60385,1,7.0,0,1,0
11.60586,1,4.9,0,1,0
16.11906,1,7.9,0,1,0
13.25087,1,10.3,0,1,0
11.66657,1,6.2,0,1,0
34.98219,1,6.5,0,1,0
24.61973,1,7.9,0,1,0
36.70825,1,12.4,0,1,0
43.65159,1,6.3,0,1,0
17.20325,1,11.6,0,1,0
16.32834,1,9.0,0,1,0
19.56062,1,6.0,0,1,0
15.73581,1,11.7,0,1,0
15.59226,1,5.2,0,1,0
16.80225,1,10.4,0,1,0
16.64374,1,10.9,0,1,0
20.61892,1,7.4,0,1,0
27.35049,1,12.3,0,1,0
33.44563,1,14.3,0,1,0
28.84953,1,8.8,0,1,0
35.10618,1,10.1,0,1,0
43.01625,1,13.2,0,1,0
31.39901,1,9.5,0,1,0
27.45924,1,3.8,0,1,0
42.13151,1,12.1,0,1,0
33.47875,1,9.1,0,1,0
43.53346,1,6.7,0,1,0
30.11908,1,8.8,0,1,0
37.22879,1,6.0,0,1,0
29.18069,1,7.7,0,1,0
25.27938,1,7.8,0,1,0
17.51049,1,5.3,0,1,0
16.15618,1,6.9,0,1,0
7.31356,1,5.0,0,1,0
8.06512,1,10.1,0,1,0
8.28411,1,2.8,0,1,0
14.15516,1,8.7,0,1,0
34.89991,1,8.4,0,1,0
24.50834,1,9.7,0,1,0
23.28902,1,8.4,0,1,0
24.21051,1,4.0,0,1,0
27.14983,1,4.8,0,1,0
21.6238,1,9.3,0,1,0
25.64534,1,10.2,0,1,0
24.93877,1,9.7,0,1,0
26.7896,1,9.2,0,1,0
26.45822,1,7.7,0,1,0
28.31753,1,2.8,0,1,0
29.88271,1,9.1,0,1,0
27.41157,1,9.4,0,1,0
29.69369,1,7.2,0,1,0
25.47862,1,6.5,0,1,0
25.43533,1,5.6,0,1,0
16.72743,1,4.6,0,1,0
9.67924,1,5.1,0,1,0
14.04341,1,2.4,0,1,0
12.13937,1,5.6,0,1,0
5.2291,1,-0.2,0,1,0
12.34186,1,-1.8,0,1,0
11.79535,1,3.2,0,1,0
15.31661,1,5.0,0,1,0
40.72787,1,3.6,0,1,0
28.28401,1,-0.9,0,1,0
25.44613,1,-0.2,0,1,0
23.49667,1,5.5,0,1,0
33.02349,1,5.5,0,1,0
34.89197,1,5.5,0,1,0
30.03117,1,5.5,0,1,0
27.86254,1,3.8,0,1,0
40.75555,1,3.6,0,1,0
39.79518,1,6.8,0,1,0
46.50088,1,6.8,0,1,0
42.62805,1,6.7,0,1,0
35.74939,1,7.1,0,1,0
33.09132,1,8.4,0,1,0
30.7366,1,6.6,0,1,0
28.83456,1,6.1,0,1,0
34.40322,1,11.2,0,1,0
29.04449,1,4.8,0,1,0
22.21184,1,-1.0,0,1,0
20.83635,1,5.3,0,1,0
14.85452,1,-1.7,0,1,0
11.5641,1,-2.6,0,1,0
14.62837,1,1.1,0,1,0
27.02434,1,0.1,0,1,0
42.81234,1,7.2,0,1,0
46.2678,1,7.2,0,1,0
42.3575,1,6.1,0,1,0
21.04611,1,2.8,0,1,0
16.2112,1,1.1,0,1,0
21.31651,1,4.2,0,1,0
17.40436,1,0.3,0,1,0
12.06028,1,0.2,0,1,0
15.06836,1,3.0,0,1,0
14.26203,1,1.5,0,1,0
15.97291,1,1.7,0,1,0
13.94773,1,2.9,0,1,0
16.32088,1,0.8,0,1,0
16.19385,1,2.7,0,1,0
25.82925,1,3.4,0,1,0
21.44087,1,4.7,0,1,0
23.50221,1,3.8,0,1,0
23.70733,1,4.7,0,1,0
21.64626,1,8.5,0,1,0
20.79748,1,9.8,0,1,0
19.12005,1,15.2,0,1,0
19.52799,1,10.2,0,1,0
22.60266,1,4.7,0,1,0
15.20788,1,12.4,0,1,0
29.30734,1,12.4,0,1,0
36.90403,1,12.0,0,1,0
28.1789,1,14.8,0,1,0
25.79168,1,7.2,0,1,0
26.96513,1,7.8,0,1,0
23.377,1,3.5,0,1,0
25.40848,1,3.9,0,1,0
20.73048,1,4.4,0,1,0
28.46807,1,7.7,0,1,0
25.4475,1,5.1,0,1,0
32.86505,1,7.7,0,1,0
36.87756,1,7.4,0,1,0
44.26655,1,4.6,0,1,0
77.62866,1,13.7,0,1,0
49.6011,1,10.1,0,1,0
37.68529,1,9.1,0,1,0
36.45814,1,10.4,0,1,0
27.47537,1,1.4,0,1,0
23.58761,1,9.1,0,1,0
18.93581,1,8.0,0,1,0
15.70521,1,5.2,0,1,0
12.25174,1,10.9,0,1,0
13.92041,1,5.9,0,1,0
12.70021,1,9.9,0,1,0
13.94144,1,12.2,0,1,0
15.50714,1,7.5,0,1,0
14.83203,1,7.8,0,1,0
16.77989,1,7.1,0,1,0
20.59574,1,12.3,0,1,0
18.71926,1,9.8,0,1,0
20.14445,1,5.5,0,1,0
38.4775,1,7.3,0,1,0
18.27488,1,9.7,0,1,0
14.87837,1,8.7,0,1,0
27.26355,1,9.7,0,1,0
19.00519,1,8.0,0,1,0
24.25726,1,0.3,0,1,0
31.97452,1,2.4,0,1,0
24.09428,1,6.0,0,1,0
34.23296,1,1.8,0,1,0
32.8017,1,7.1,0,1,0
27.4852,1,7.5,0,1,0
17.22684,1,4.9,0,1,0
22.28337,1,10.6,0,1,0
24.94472,1,8.1,0,1,0
20.31686,1,18.0,0,1,0
17.60091,1,10.6,0,1,0
21.41426,1,10.0,0,1,0
18.27576,1,13.2,0,1,0
14.16842,1,7.6,0,1,0
12.66403,1,11.6,0,1,0
11.73339,1,9.2,0,1,0
12.87718,1,11.6,0,1,0
13.91148,1,5.7,0,1,0
11.17108,1,10.1,0,1,0
10.82995,1,10.7,0,1,0
12.13592,1,5.7,0,1,0
12.425,1,12.5,0,1,0
15.51009,1,4.0,0,1,0
16.02454,1,6.7,0,1,0
17.26242,1,7.2,0,1,0
19.50381,1,6.8,0,1,0
17.07421,1,4.0,0,1,0
15.96065,1,2.4,0,1,0
15.419,1,8.2,0,1,0
13.52105,1,7.9,0,1,0
8.23904,1,5.6,0,1,0
5.23257,1,0.5,0,1,0
5.19951,1,4.9,0,1,0
4.64115,1,6.7,0,1,0
5.77144,1,3.5,0,1,0
8.37,1,5.4,0,1,0
13.85686,1,4.7,0,1,0
24.54937,1,6.5,0,1,0
31.40238,1,5.6,0,1,0
25.36206,1,3.7,0,1,0
30.5261,1,5.8,0,1,0
25.79243,1,13.3,0,1,0
18.66868,1,5.4,0,1,0
13.61161,1,5.1,0,1,0
13.06218,1,5.1,0,1,0
9.66395,1,10.0,0,1,0
19.12587,1,1.4,0,1,0
24.40779,1,8.1,0,1,0
22.34651,1,4.8,0,1,0
21.61625,1,2.4,0,1,0
26.65965,1,5.3,0,1,0
28.19691,1,2.1,0,1,0
20.82459,1,4.4,0,1,0
16.78732,1,5.8,0,1,0
19.5627,1,3.5,0,1,0
17.58522,1,1.5,0,1,0
8.11069,1,4.9,0,1,0
10.14415,1,6.8,0,1,0
19.0801,1,3.9,0,1,0
26.57346,1,9.7,0,1,0
31.22381,1,14.9,0,1,0
28.29857,1,11.0,0,1,0
30.80879,1,11.4,0,1,0
23.58165,1,1.7,0,1,0
20.67153,1,11.5,0,1,0
20.55094,1,11.8,0,1,0
24.1336,1,14.7,0,1,0
23.50981,1,11.6,0,1,0
22.85624,1,13.3,0,1,0
22.91042,1,10.3,0,1,0
28.60085,1,7.9,0,1,0
28.23474,1,5.7,0,1,0
31.99298,1,12.1,0,1,0
29.78448,1,14.0,0,1,0
22.08462,1,11.6,0,1,0
16.02932,1,10.5,0,1,0
19.55262,1,11.8,0,1,0
19.7119,1,7.5,0,1,0
15.73972,1,12.1,0,1,0
12.46043,1,12.5,0,1,0
9.27494,1,12.1,0,1,0
7.16514,1,9.2,0,1,0
12.1024,1,12.9,0,1,0
10.26033,1,14.8,0,1,0
23.58136,1,6.8,0,1,0
36.40359,1,14.0,0,1,0
29.90438,1,8.9,0,1,0
14.30095,1,2.7,0,1,0
18.03914,1,2.5,0,1,0
14.36819,1,3.5,0,1,0
13.31269,1,4.9,0,1,0
7.12441,1,-1.0,0,1,0
10.81536,1,5.2,0,1,0
8.2267,1,1.6,0,1,0
13.11056,1,9.3,0,1,0
26.8284,1,0.9,0,1,0
23.16121,1,2.1,0,1,0
12.92202,1,10.8,0,1,0
14.22578,1,3.8,0,1,0
19.44627,1,6.1,0,1,0
18.29174,1,3.3,0,1,0
21.20772,1,6.0,0,1,0
13.12609,1,5.7,0,1,0
13.409,1,9.2,0,1,0
23.08546,1,8.3,0,1,0
20.85116,1,8.5,0,1,0
26.50658,1,15.1,0,1,0
21.97854,1,16.3,0,1,0
30.29908,1,13.9,0,1,0
31.89819,1,14.6,0,1,0
23.45291,1,12.2,0,1,0
15.48136,1,11.7,0,1,0
16.30825,1,8.1,0,1,0
15.33166,1,4.6,0,1,0
14.88613,1,7.3,0,1,0
15.84931,1,8.4,0,1,0
13.2933,1,6.8,0,1,0
10.90557,1,11.0,0,1,0
12.1085,1,6.5,0,1,0
8.95525,1,8.8,0,1,0
11.46401,1,6.8,0,1,0
12.08017,1,6.7,0,1,0
13.92754,1,7.1,0,1,0
10.84914,1,7.8,0,1,0
14.04149,1,6.5,0,1,0
20.19407,1,6.7,0,1,0
33.6754,1,12.4,0,1,0
25.86028,1,10.7,0,1,0
24.94648,1,3.6,0,1,0
20.10715,1,5.3,0,1,0
20.88628,1,7.6,0,1,0
23.4432,1,6.9,0,1,0
27.00131,1,10.3,0,1,0
25.42814,1,11.8,0,1,0
24.24585,1,10.0,0,1,0
15.21848,1,7.8,0,1,0
10.3882,1,9.2,0,1,0
12.0329,1,7.7,0,1,0
11.67668,1,5.2,0,1,0
10.85216,1,10.1,0,1,0
8.62839,1,10.4,0,1,0
14.79896,1,1.3,0,1,0
10.69576,1,14.9,0,1,0
13.60902,1,6.1,0,1,0
12.32047,1,13.5,0,1,0
14.43715,1,10.4,0,1,0
14.21377,1,12.6,0,1,0
15.09917,1,16.2,0,1,0
28.16377,1,15.3,0,1,0
44.90196,1,24.8,0,1,0
31.02982,1,12.3,0,1,0
54.15411,1,16.6,0,1,0
38.71597,1,19.0,0,1,0
26.20821,1,13.0,0,1,0
16.36203,1,12.9,0,1,0
31.38861,1,20.3,0,1,0
22.3373,1,21.8,0,1,0
27.04447,1,21.5,0,1,0
22.80874,1,13.2,0,1,0
29.09093,1,7.5,0,1,0
29.97403,1,13.5,0,1,0
16.89213,1,13.9,0,1,0
25.81825,1,17.2,0,1,0
20.42345,1,16.7,0,1,0
18.12051,1,16.6,0,1,0
17.78017,1,13.7,0,1,0
17.13778,1,13.3,0,1,0
22.46709,1,15.5,0,1,0
22.83088,1,24.1,0,1,0
21.77407,1,10.7,0,1,0
22.05643,1,17.9,0,1,0
21.44529,1,17.1,0,1,0
27.47031,1,19.3,0,1,0
22.61002,1,17.9,0,1,0
20.93173,1,16.6,0,1,0
14.28532,1,15.4,0,1,0
11.24246,1,16.0,0,1,0
14.80681,1,15.7,0,1,0
16.63839,1,13.3,0,1,0
17.18987,1,17.1,0,1,0
16.84205,1,17.0,0,1,0
14.50647,1,11.4,0,1,0
16.04701,1,11.1,0,1,0
21.50398,1,11.3,0,1,0
23.43388,1,10.0,0,1,0
20.05996,1,5.0,0,1,0
21.08684,1,7.6,0,1,0
16.79734,1,15.1,0,1,0
21.16969,1,11.8,0,1,0
18.36752,1,16.7,0,1,0
17.68711,1,16.7,0,1,0
24.37585,1,16.7,0,1,0
24.43218,1,16.3,0,1,0
24.72314,1,13.5,0,1,0
27.21759,1,10.0,0,1,0
19.5036,1,12.9,0,1,0
14.58782,1,14.5,0,1,0
15.00265,1,11.0,0,1,0
21.56389,1,14.4,0,1,0
18.01259,1,16.6,0,1,0
15.72502,1,11.9,0,1,0
14.78447,1,15.7,0,1,0
7.48871,1,15.7,0,1,0
30.34103,1,10.5,0,1,0
25.16429,1,13.8,0,1,0
19.97935,1,4.9,0,1,0
19.79166,1,13.5,0,1,0
29.10093,1,14.9,0,1,0
33.32735,1,12.8,0,1,0
25.67681,1,12.1,0,1,0
19.51681,1,14.3,0,1,0
32.41486,1,18.6,0,1,0
25.911,1,9.7,0,1,0
39.18767,1,16.1,0,1,0
39.90936,1,17.6,0,1,0
24.18438,1,28.3,0,1,0
29.58969,1,28.0,0,1,0
39.14338,1,22.3,0,1,0
31.56271,1,17.3,0,1,0
44.78119,1,21.5,0,1,0
33.0422,1,21.5,0,1,0
18.22436,1,21.5,0,1,0
18.0744,1,21.5,0,1,0
15.15901,1,21.5,0,1,0
9.58423,1,21.5,0,1,0
12.59048,1,21.5,0,1,0
12.72018,1,21.5,0,1,0
17.97437,1,21.5,0,1,0
19.18571,1,21.5,0,1,0
30.69931,1,21.5,0,1,0
34.90653,1,21.5,0,1,0
35.97586,1,21.5,0,1,0
36.2594,1,21.5,0,1,0
27.57033,1,21.5,0,1,0
32.59651,1,21.5,0,1,0
14.45085,1,21.5,0,1,0
21.66232,1,21.5,0,1,0
33.05961,1,21.5,0,1,0
46.66805,1,3.1,0,1,0
37.81808,1,7.2,0,1,0
35.74502,1,6.8,0,1,0
30.50509,1,8.9,0,1,0
21.31332,1,6.8,0,1,0
25.89643,1,6.8,0,1,0
12.97955,1,6.8,0,1,0
9.79105,1,6.8,0,1,0
8.65999,1,6.8,0,1,0
6.81349,1,6.8,0,1,0
7.31364,1,6.8,0,1,0
5.63219,1,6.8,0,1,0
10.61699,1,4.6,0,1,0
8.76449,1,0.7,0,1,0
26.78685,1,5.8,0,1,0
31.76042,1,7.4,0,1,0
27.29873,1,5.6,0,1,0
31.08706,1,3.3,0,1,0
44.51807,1,9.6,0,1,0
34.11058,1,8.9,0,1,0
36.60503,1,8.3,0,1,0
35.37485,1,8.3,0,1,0
37.91875,1,8.4,0,1,0
37.90935,1,6.5,0,1,0
39.66855,1,4.9,0,1,0
35.00377,1,9.6,0,1,0
34.68789,1,9.4,0,1,0
30.92931,1,8.4,0,1,0
32.89581,1,10.0,0,1,0
31.9066,1,12.1,0,1,0
33.35857,1,9.6,0,1,0
22.46486,1,6.8,0,1,0
31.92163,1,8.7,0,1,0
24.2172,1,5.3,0,1,0
20.5994,1,5.3,0,1,0
29.44264,1,7.5,0,1,0
23.02965,1,12.8,0,1,0
27.57374,1,10.9,0,1,0
36.21379,1,15.7,0,1,0
33.66159,1,7.0,0,1,0
32.71923,1,11.2,0,1,0
29.57862,1,10.1,0,1,0
22.85953,1,7.7,0,1,0
24.60206,1,11.6,0,1,0
22.57988,1,6.1,0,1,0
22.30645,1,11.2,0,1,0
23.13467,1,7.2,0,1,0
34.96888,1,9.7,0,1,0
35.15107,1,8.2,0,1,0
22.99794,1,9.5,0,1,0
23.08631,1,12.7,0,1,0
24.2157,1,9.9,0,1,0
22.90792,1,7.3,0,1,0
24.45998,1,10.7,0,1,0
19.59511,1,11.1,0,1,0
10.13348,1,7.4,0,1,0
8.0602,1,5.6,0,1,0
3.16015,1,7.9,0,1,0
4.30003,1,9.7,0,1,0
6.51078,1,8.1,0,1,0
11.00745,1,9.6,0,1,0
17.07971,1,12.0,0,1,0
25.86384,1,16.0,0,1,0
26.3767,1,14.8,0,1,0
23.63186,1,11.7,0,1,0
18.08164,1,13.3,0,1,0
19.41072,1,13.3,0,1,0
17.35959,1,14.4,0,1,0
17.16994,1,12.8,0,1,0
15.19419,1,10.1,0,1,0
21.96055,1,14.2,0,1,0
18.45018,1,17.5,0,1,0
22.72208,1,17.6,0,1,0
18.88478,1,22.3,0,1,0
22.05826,1,14.2,0,1,0
19.27816,1,18.1,0,1,0
18.35046,1,13.7,0,1,0
20.46824,1,14.7,0,1,0
17.73557,1,17.1,0,1,0
17.0822,1,16.1,0,1,0
17.78902,1,16.9,0,1,0
8.98523,1,19.0,0,1,0
7.59124,1,20.0,0,1,0
7.57492,1,20.0,0,1,0
6.64563,1,18.0,0,1,0
10.83677,1,17.8,0,1,0
14.00559,1,17.5,0,1,0
16.78585,1,18.7,0,1,0
23.31334,1,21.0,0,1,0
23.24546,1,22.4,0,1,0
29.90256,1,27.1,0,1,0
27.69095,1,22.4,0,1,0
40.09303,1,23.2,0,1,0
26.08377,1,25.8,0,1,0
21.34806,1,24.1,0,1,0
24.57766,1,22.9,0,1,0
23.40811,1,22.8,0,1,0
33.29845,1,30.1,0,1,0
37.32556,1,25.4,0,1,0
41.368,1,32.6,0,1,0
30.52205,1,27.2,0,1,0
16.3484,1,25.4,0,1,0
19.9793,1,34.0,0,1,0
22.55397,1,20.6,0,1,0
5.96586,1,6.3,0,1,0
9.34011,1,2.5,0,1,0
3.77207,1,-0.2,0,1,0
2.80827,1,6.3,0,1,0
2.54073,1,15.7,0,1,0
2.37165,1,4.3,0,1,0
3.93726,1,12.6,0,1,0
4.60247,1,12.6,0,1,0
5.56933,1,4.6,0,1,0
5.78409,1,12.6,0,1,0
9.84526,1,5.8,0,1,0
7.51826,1,5.8,0,1,0
6.77404,1,4.1,0,1,0
10.22798,1,8.9,0,1,0
9.50855,1,8.6,0,1,0
8.40881,1,11.4,0,1,0
23.35656,1,16.2,0,1,0
16.03104,1,14.2,0,1,0
15.21868,1,12.5,0,1,0
10.28386,1,6.5,0,1,0
11.36277,1,7.3,0,1,0
10.32663,1,8.1,0,1,0
9.25735,1,10.3,0,1,0
7.38545,1,5.5,0,1,0
4.01209,1,5.5,0,1,0
10.85507,1,5.5,0,1,0
3.74386,1,5.5,0,1,0
3.19803,1,5.5,0,1,0
3.587,1,5.5,0,1,0
7.95241,1,5.5,0,1,0
11.55154,1,5.5,0,1,0
12.63508,1,5.5,0,1,0
9.88943,1,5.5,0,1,0
10.80866,1,5.5,0,1,0
7.05408,1,5.5,0,1,0
11.12589,1,5.5,0,1,0
12.48282,1,5.5,0,1,0
8.39204,1,5.5,0,1,0
6.66575,1,5.5,0,1,0
3.49489,1,5.5,0,1,0
4.57591,1,5.5,0,1,0
8.78342,1,5.5,0,1,0
9.91686,1,5.5,0,1,0
6.1784,1,5.5,0,1,0
10.36326,1,5.5,0,1,0
12.09017,1,5.5,0,1,0
14.54281,1,5.5,0,1,0
12.39737,1,5.5,0,1,0
10.65154,1,5.5,0,1,0
10.17467,1,5.5,0,1,0
11.40238,1,5.5,0,1,0
9.14499,1,5.5,0,1,0
8.12357,1,5.5,0,1,0
12.29352,1,5.5,0,1,0
16.69354,1,5.5,0,1,0
8.69823,1,5.5,0,1,0
7.83243,1,5.5,0,1,0
9.38104,1,5.5,0,1,0
8.00067,1,5.5,0,1,0
9.36394,1,5.5,0,1,0
5.24688,1,5.5,0,1,0
6.92441,1,5.5,0,1,0
6.7484,1,5.5,0,1,0
7.73025,1,5.5,0,1,0
12.83464,1,5.5,0,1,0
11.20636,1,5.5,0,1,0
10.19132,1,5.5,0,1,0
9.69781,1,5.5,0,1,0
14.70615,1,5.5,0,1,0
18.94268,1,5.5,0,1,0
12.96508,1,5.5,0,1,0
23.29619,1,5.5,0,1,0
14.96431,1,5.5,0,1,0
14.83587,1,5.5,0,1,0
8.09609,1,5.5,0,1,0
12.63339,1,5.5,0,1,0
13.61802,1,5.5,0,1,0
13.48781,1,5.5,0,1,0
13.0315,1,5.5,0,1,0
21.37339,1,5.5,0,1,0
36.64982,1,5.5,0,1,0
24.15079,1,5.5,0,1,0
24.96589,1,5.5,0,1,0
25.24998,1,5.5,0,1,0
21.39281,1,5.5,0,1,0
13.07446,1,5.5,0,1,0
20.10888,1,5.5,0,1,0
12.05439,1,5.5,0,1,0
22.86494,1,5.5,0,1,0
18.75217,1,5.5,0,1,0
21.58864,1,5.5,0,1,0
21.9837,1,5.5,0,1,0
21.98111,1,5.5,0,1,0
21.35097,1,5.5,0,1,0
14.83144,1,5.5,0,1,0
12.31623,1,5.5,0,1,0
9.50227,1,5.5,0,1,0
8.55107,1,5.5,0,1,0
10.11068,1,5.5,0,1,0
15.63922,1,5.5,0,1,0
17.98914,1,5.5,0,1,0
21.46362,1,5.5,0,1,0
22.92751,1,5.5,0,1,0
13.19504,1,5.5,0,1,0
11.69717,1,5.5,0,1,0
7.02577,1,5.5,0,1,0
8.09991,1,5.5,0,1,0
12.63155,1,5.5,0,1,0
13.49527,1,5.5,0,1,0
10.45617,1,5.5,0,1,0
11.99358,1,5.5,0,1,0
11.47681,1,5.5,0,1,0
9.54406,1,5.5,0,1,0
12.93674,1,5.5,0,1,0
13.79444,1,5.5,0,1,0
14.03604,1,5.5,0,1,0
10.71296,1,5.5,0,1,0
12.33034,1,5.5,0,1,0
10.68105,1,5.5,0,1,0
10.52754,1,5.5,0,1,0
6.30829,1,5.5,0,1,0
10.96604,1,5.5,0,1,0
3.36209,1,5.5,0,1,0
9.29972,1,5.5,0,1,0
5.2085,1,5.5,0,1,0
9.47405,1,5.5,0,1,0
15.93436,1,5.5,0,1,0
15.08846,1,5.5,0,1,0
11.07408,1,5.5,0,1,0
12.15035,1,5.5,0,1,0
14.23748,1,5.5,0,1,0
17.1026,1,5.5,0,1,0
13.39597,1,5.5,0,1,0
13.16114,1,5.5,0,1,0
11.7989,1,5.5,0,1,0
14.081,1,5.5,0,1,0
10.97204,1,5.5,0,1,0
8.33369,1,5.5,0,1,0
13.46526,1,5.5,0,1,0
15.68399,1,5.5,0,1,0
10.43254,1,5.5,0,1,0
7.59913,1,5.5,0,1,0
7.54299,1,5.5,0,1,0
7.43632,1,5.5,0,1,0
8.64168,1,5.5,0,1,0
11.57445,1,5.5,0,1,0
4.6901,1,5.5,0,1,0
8.07421,1,5.5,0,1,0
10.91604,1,5.5,0,1,0
11.86203,1,5.5,0,1,0
7.72888,1,5.5,0,1,0
5.62319,1,5.5,0,1,0
4.99575,1,5.5,0,1,0
7.0056,1,5.5,0,1,0
23.03888,1,5.5,0,1,0
30.96486,1,5.5,0,1,0
27.61626,1,5.5,0,1,0
28.2689,1,5.5,0,1,0
22.84911,1,5.5,0,1,0
23.42624,1,5.5,0,1,0
24.19953,1,5.5,0,1,0
22.18111,1,5.5,0,1,0
25.01771,1,5.5,0,1,0
24.54547,1,5.5,0,1,0
28.7893,1,5.5,0,1,0
26.11055,1,5.5,0,1,0
21.2776,1,5.5,0,1,0
15.3837,1,5.5,0,1,0
19.51734,1,5.5,0,1,0
10.99525,1,5.5,0,1,0
11.01633,1,5.5,0,1,0
8.18207,1,5.5,0,1,0
13.40267,1,5.5,0,1,0
10.41288,1,5.5,0,1,0
17.43574,1,5.5,0,1,0
15.78707,1,5.5,0,1,0
11.46978,1,5.5,0,1,0
13.12136,1,5.5,0,1,0
12.47159,1,5.5,0,1,0
27.02215,1,5.5,0,1,0
15.49251,1,5.5,0,1,0
27.14008,1,5.5,0,1,0
18.16869,1,5.5,0,1,0
26.16573,1,5.5,0,1,0
22.1861,1,5.5,0,1,0
19.38141,1,5.5,0,1,0
15.17578,1,5.5,0,1,0
34.80303,1,5.5,0,1,0
22.34393,1,5.5,0,1,0
17.524,1,5.5,0,1,0
6.4256,1,5.5,0,1,0
22.07592,1,5.5,0,1,0
13.40739,1,5.5,0,1,0
6.96796,1,5.5,0,1,0
11.01063,1,5.5,0,1,0
36.30678,1,5.5,0,1,0
44.30767,1,5.5,0,1,0
46.82609,1,5.5,0,1,0
42.67509,1,5.5,0,1,0
45.27353,1,5.5,0,1,0
24.72854,1,5.5,0,1,0
31.59139,1,5.5,0,1,0
17.14267,1,5.5,0,1,0
26.02004,1,5.5,0,1,0
28.65769,1,5.5,0,1,0
32.99954,1,5.5,0,1,0
33.96206,1,5.5,0,1,0
34.36152,1,5.5,0,1,0
26.96396,1,5.5,0,1,0
25.00353,1,5.5,0,1,0
18.1472,1,5.5,0,1,0
11.98908,1,5.5,0,1,0
15.92471,1,5.5,0,1,0
13.89019,1,5.5,0,1,0
9.08669,1,5.5,0,1,0
7.30882,1,5.5,0,1,0
5.24318,1,5.5,0,1,0
3.29732,1,5.5,0,1,0
5.59573,1,5.5,0,1,0
8.75016,1,5.5,0,1,0
30.52006,1,5.5,0,1,0
42.8229,1,5.5,0,1,0
33.43031,1,5.5,0,1,0
27.10441,1,5.5,0,1,0
29.88232,1,5.5,0,1,0
28.36204,1,5.5,0,1,0
29.27317,1,5.5,0,1,0
31.0062,1,5.5,0,1,0
34.29969,1,5.5,0,1,0
31.36986,1,5.5,0,1,0
26.82037,1,5.5,0,1,0
25.35031,1,5.5,0,1,0
23.02701,1,5.5,0,1,0
20.17355,1,5.5,0,1,0
29.50958,1,5.5,0,1,0
25.93129,1,5.5,0,1,0
18.95727,1,5.5,0,1,0
20.07996,1,5.5,0,1,0
18.78075,1,5.5,0,1,0
13.41884,1,5.5,0,1,0
9.96673,1,5.5,0,1,0
16.77415,1,5.5,0,1,0
22.00819,1,5.5,0,1,0
28.83887,1,5.5,0,1,0
28.91917,1,5.5,0,1,0
34.95441,1,5.5,0,1,0
31.09557,1,5.5,0,1,0
30.19359,1,5.5,0,1,0
17.99135,1,5.5,0,1,0
17.33003,1,5.5,0,1,0
24.75183,1,5.5,0,1,0
12.59975,1,5.5,0,1,0
11.62654,1,5.5,0,1,0
16.13491,1,5.5,0,1,0
20.53557,1,5.5,0,1,0
17.01496,1,5.5,0,1,0
18.69753,1,5.5,0,1,0
14.62248,1,5.5,0,1,0
13.16842,1,5.5,0,1,0
18.69316,1,5.5,0,1,0
15.44448,1,5.5,0,1,0
10.53249,1,5.5,0,1,0
9.61797,1,5.5,0,1,0
11.14157,1,5.5,0,1,0
10.59026,1,5.5,0,1,0
11.37377,1,5.5,0,1,0
10.40384,1,5.5,0,1,0
18.33767,1,5.5,0,1,0
22.43935,1,5.5,0,1,0
25.74016,1,5.5,0,1,0
23.40602,1,5.5,0,1,0
17.58966,1,5.5,0,1,0
11.79267,1,5.5,0,1,0
15.02957,1,5.5,0,1,0
14.37658,1,5.5,0,1,0
24.26434,1,5.5,0,1,0
10.83576,1,5.5,0,1,0
9.94622,1,5.5,0,1,0
14.78848,1,5.5,0,1,0
8.77643,1,5.5,0,1,0
11.25445,1,5.5,0,1,0
9.66504,1,5.5,0,1,0
14.03063,1,5.5,0,1,0
12.62056,1,5.5,0,1,0
8.71116,1,5.5,0,1,0
12.26922,1,5.5,0,1,0
5.22976,1,5.5,0,1,0
12.60776,1,5.5,0,1,0
10.70851,1,5.5,0,1,0
8.79903,1,5.5,0,1,0
10.5317,1,5.5,0,1,0
17.00077,1,5.5,0,1,0
13.12886,1,5.5,0,1,0
11.38158,1,5.5,0,1,0
5.06355,1,5.5,0,1,0
6.9946,1,5.5,0,1,0
9.39378,1,5.5,0,1,0
9.39643,1,5.5,0,1,0
12.26777,1,5.5,0,1,0
20.86224,1,5.5,0,1,0
19.12492,1,5.5,0,1,0
18.71658,1,5.5,0,1,0
28.59911,1,5.5,0,1,0
32.02485,1,5.5,0,1,0
28.97304,1,5.5,0,1,0
22.06085,1,5.5,0,1,0
11.28774,1,5.5,0,1,0
13.32393,1,5.5,0,1,0
12.06029,1,5.5,0,1,0
12.61255,1,5.5,0,1,0
10.89254,1,5.5,0,1,0
9.44104,1,5.5,0,1,0
10.65004,1,5.5,0,1,0
9.07074,1,5.5,0,1,0
7.59305,1,5.5,0,1,0
8.20914,1,5.5,0,1,0
16.213,1,5.5,0,1,0
10.31851,1,5.5,0,1,0
10.32341,1,5.5,0,1,0
10.19506,1,5.5,0,1,0
13.28739,1,5.5,0,1,0
14.76409,1,5.5,0,1,0
15.3088,1,5.5,0,1,0
28.79775,1,5.5,0,1,0
20.51622,1,5.5,0,1,0
32.91813,1,5.5,0,1,0
25.04525,1,5.5,0,1,0
30.4431,1,5.5,0,1,0
29.01327,1,5.5,0,1,0
23.05335,1,5.5,0,1,0
29.33862,1,5.5,0,1,0
28.92154,1,5.5,0,1,0
15.08628,1,5.5,0,1,0
22.16004,1,5.5,0,1,0
17.74005,1,5.5,0,1,0
20.69089,1,5.5,0,1,0
8.04328,1,5.5,0,1,0
9.28337,1,5.5,0,1,0
5.74119,1,5.5,0,1,0
4.37588,1,5.5,0,1,0
2.05366,1,5.5,0,1,0
4.11059,1,5.5,0,1,0
4.64107,1,5.5,0,1,0
8.62769,1,5.5,0,1,0
16.05672,1,5.5,0,1,0
21.9376,1,5.5,0,1,0
16.62384,1,5.5,0,1,0
13.85628,1,5.5,0,1,0
12.76117,1,5.5,0,1,0
18.90766,1,5.5,0,1,0
19.50907,1,5.5,0,1,0
17.27752,1,5.5,0,1,0
14.95964,1,5.5,0,1,0
22.28842,1,5.5,0,1,0
20.44169,1,5.5,0,1,0
22.63132,1,5.5,0,1,0
21.0997,1,5.5,0,1,0
14.28707,1,5.5,0,1,0
12.99324,1,5.5,0,1,0
14.17236,1,5.5,0,1,0
28.35844,1,5.5,0,1,0
15.89748,1,5.5,0,1,0
17.81415,1,5.5,0,1,0
16.2986,1,5.5,0,1,0
15.61812,1,5.5,0,1,0
23.60701,1,5.5,0,1,0
27.14565,1,5.5,0,1,0
22.47369,1,5.5,0,1,0
26.66004,1,5.5,0,1,0
48.58886,1,5.5,0,1,0
21.24872,1,5.5,0,1,0
13.02572,1,5.5,0,1,0
26.16278,1,5.5,0,1,0
18.69538,1,5.5,0,1,0
11.15719,1,5.5,0,1,0
17.00266,1,5.5,0,1,0
18.21499,1,5.5,0,1,0
17.09162,1,5.5,0,1,0
18.23441,1,5.5,0,1,0
14.38295,1,5.5,0,1,0
14.64781,1,5.5,0,1,0
11.35221,1,5.5,0,1,0
11.10166,1,5.5,0,1,0
23.00253,1,5.5,0,1,0
24.80036,1,5.5,0,1,0
23.12266,1,5.5,0,1,0
21.13509,1,5.5,0,1,0
27.51083,1,5.5,0,1,0
34.92225,1,5.5,0,1,0
32.5664,1,5.5,0,1,0
30.64469,1,5.5,0,1,0
32.0816,1,5.5,0,1,0
20.31545,1,5.5,0,1,0
16.23193,1,5.5,0,1,0
13.04189,1,5.5,0,1,0
22.05918,1,5.5,0,1,0
18.412,1,5.5,0,1,0
19.51151,1,5.5,0,1,0
14.41608,1,5.5,0,1,0
17.32197,1,5.5,0,1,0
16.2951,1,5.5,0,1,0
20.94338,1,5.5,0,1,0
12.74204,1,5.5,0,1,0
12.09652,1,5.5,0,1,0
15.29869,1,5.5,0,1,0
16.71813,1,5.5,0,1,0
16.47885,1,5.5,0,1,0
28.86792,1,5.5,0,1,0
16.69327,1,5.5,0,1,0
26.34667,1,5.5,0,1,0
21.61059,1,5.5,0,1,0
32.10781,1,5.5,0,1,0
49.10031,1,5.5,0,1,0
40.74974,1,5.5,0,1,0
32.45569,1,5.5,0,1,0
32.13705,1,5.5,0,1,0
33.4835,1,5.5,0,1,0
25.04082,1,5.5,0,1,0
20.57746,1,5.5,0,1,0
15.84092,1,5.5,0,1,0
18.46304,1,5.5,0,1,0
24.2845,1,5.5,0,1,0
23.53425,1,5.5,0,1,0
20.00709,1,5.5,0,1,0
19.6707,1,5.5,0,1,0
27.38609,1,5.5,0,1,0
27.49736,1,5.5,0,1,0
19.17511,1,5.5,0,1,0
18.74858,1,5.5,0,1,0
15.1671,1,5.5,0,1,0
16.69815,1,5.5,0,1,0
12.76279,1,5.5,0,1,0
11.34412,1,5.5,0,1,0
13.55037,1,5.5,0,1,0
12.626,1,5.5,0,1,0
9.84131,1,5.5,0,1,0
11.5181,1,5.5,0,1,0
13.17325,1,5.5,0,1,0
14.67868,1,5.5,0,1,0
9.9646,1,5.5,0,1,0
12.56743,1,5.5,0,1,0
12.81293,1,5.5,0,1,0
15.41141,1,5.5,0,1,0
12.42934,1,5.5,0,1,0
12.01992,1,5.5,0,1,0
14.818,1,5.5,0,1,0
15.02733,1,5.5,0,1,0
12.64568,1,5.5,0,1,0
10.50261,1,5.5,0,1,0
18.57058,1,5.5,0,1,0
21.78514,1,5.5,0,1,0
27.87174,1,5.5,0,1,0
26.60935,1,5.5,0,1,0
25.34007,1,5.5,0,1,0
17.59238,1,5.5,0,1,0
16.71881,1,5.5,0,1,0
16.34364,1,5.5,0,1,0
19.32804,1,5.5,0,1,0
16.01581,1,5.5,0,1,0
18.81951,1,5.5,0,1,0
30.62077,1,5.5,0,1,0
30.23937,1,5.5,0,1,0
24.78267,1,5.5,0,1,0
21.70792,1,5.5,0,1,0
29.66062,1,5.5,0,1,0
31.27496,1,5.5,0,1,0
19.69419,1,5.5,0,1,0
15.72669,1,5.5,0,1,0
15.89012,1,5.5,0,1,0
18.40556,1,5.5,0,1,0
22.21053,1,5.5,0,1,0
24.10568,1,5.5,0,1,0
16.45186,1,5.5,0,1,0
18.14849,1,5.5,0,1,0
19.52794,1,5.5,0,1,0
16.56401,1,5.5,0,1,0
13.15369,1,5.5,0,1,0
15.11402,1,5.5,0,1,0
13.43248,1,5.5,0,1,0
15.50506,1,5.5,0,1,0
14.06423,1,5.5,0,1,0
10.89922,1,5.5,0,1,0
8.62169,1,5.5,0,1,0
8.91668,1,5.5,0,1,0
12.73184,1,5.5,0,1,0
14.17672,1,5.5,0,1,0
13.91686,1,5.5,0,1,0
17.35041,1,5.5,0,1,0
13.28566,1,5.5,0,1,0
13.10504,1,5.5,0,1,0
11.89865,1,5.5,0,1,0
8.97985,1,5.5,0,1,0
5.16336,1,5.5,0,1,0
6.20526,1,5.5,0,1,0
5.75523,1,5.5,0,1,0
7.78963,1,5.5,0,1,0
6.9984,1,5.5,0,1,0
8.01243,1,5.5,0,1,0
6.3429,1,5.5,0,1,0
10.50744,1,5.5,0,1,0
11.74402,1,5.5,0,1,0
9.94723,1,5.5,0,1,0
11.96159,1,5.5,0,1,0
14.59758,1,5.5,0,1,0
13.25457,1,5.5,0,1,0
20.96586,1,5.5,0,1,0
14.52507,1,5.5,0,1,0
12.42885,1,5.5,0,1,0
12.98429,1,5.5,0,1,0
12.66859,1,5.5,0,1,0
13.11205,1,5.5,0,1,0
11.7843,1,5.5,0,1,0
10.08616,1,5.5,0,1,0
12.86948,1,5.5,0,1,0
8.58455,1,5.5,0,1,0
8.63186,1,5.5,0,1,0
11.16244,1,5.5,0,1,0
9.52496,1,5.5,0,1,0
10.52966,1,5.5,0,1,0
12.95946,1,5.5,0,1,0
18.56093,1,5.5,0,1,0
17.23257,1,5.5,0,1,0
16.71281,1,5.5,0,1,0
15.41296,1,5.5,0,1,0
10.71326,1,5.5,0,1,0
8.84094,1,5.5,0,1,0
7.44436,1,5.5,0,1,0
6.21528,1,5.5,0,1,0
5.49952,1,5.5,0,1,0
6.57619,1,5.5,0,1,0
6.60731,1,5.5,0,1,0
10.79256,1,5.5,0,1,0
15.03866,1,5.5,0,1,0
13.86945,1,5.5,0,1,0
11.11642,1,5.5,0,1,0
10.5431,1,5.5,0,1,0
14.47999,1,5.5,0,1,0
9.90914,1,5.5,0,1,0
13.31211,1,5.5,0,1,0
10.77434,1,5.5,0,1,0
10.83456,1,5.5,0,1,0
11.88382,1,5.5,0,1,0
13.97498,1,7.1,0,1,0
13.48274,1,7.6,0,1,0
20.47252,1,6.2,0,1,0
17.59822,1,6.0,0,1,0
12.02936,1,6.0,0,1,0
15.35802,1,5.5,0,1,0
33.59414,1,2.4,0,1,0
21.76485,1,4.7,0,1,0
14.08027,1,7.7,0,1,0
13.34133,1,6.6,0,1,0
11.75548,1,1.1,0,1,0
12.88705,1,0.6,0,1,0
13.16337,1,0.4,0,1,0
16.68286,1,6.0,0,1,0
29.58974,1,8.4,0,1,0
17.9875,1,5.0,0,1,0
18.9979,1,4.6,0,1,0
17.81236,1,11.0,0,1,0
17.67292,1,3.6,0,1,0
21.64608,1,5.6,0,1,0
21.43962,1,12.3,0,1,0
20.94495,1,11.1,0,1,0
17.16467,1,12.6,0,1,0
21.89521,1,11.4,0,1,0
31.69266,1,12.5,0,1,0
32.78886,1,14.1,0,1,0
26.9397,1,15.8,0,1,0
23.15496,1,12.5,0,1,0
27.99327,1,12.5,0,1,0
31.227,1,13.8,0,1,0
28.52394,1,9.3,0,1,0
21.19607,1,17.5,0,1,0
16.8297,1,13.6,0,1,0
16.49531,1,22.3,0,1,0
13.76982,1,21.0,0,1,0
16.48583,1,15.1,0,1,0
18.70033,1,29.8,0,1,0
30.32645,1,26.6,0,1,0
27.49494,1,19.6,0,1,0
33.9395,1,26.4,0,1,0
33.12777,1,24.4,0,1,0
30.29046,1,24.6,0,1,0
24.79634,1,17.2,0,1,0
28.0522,1,15.8,0,1,0
20.08083,1,12.0,0,1,0
25.64158,1,17.7,0,1,0
21.42614,1,17.3,0,1,0
22.48961,1,13.3,0,1,0
24.82573,1,15.2,0,1,0
29.72123,1,10.5,0,1,0
18.46815,1,4.1,0,1,0
22.09106,1,10.1,0,1,0
50.99862,1,12.5,0,1,0
48.03134,1,12.1,0,1,0
44.38703,1,17.0,0,1,0
23.98375,1,9.4,0,1,0
14.98972,1,17.2,0,1,0
17.70213,1,15.5,0,1,0
18.35795,1,13.3,0,1,0
18.20915,1,15.2,0,1,0
23.15617,1,21.2,0,1,0
32.36498,1,26.7,0,1,0
33.29596,1,24.8,0,1,0
30.94335,1,13.9,0,1,0
35.34663,1,16.8,0,1,0
31.59533,1,17.6,0,1,0
31.59533,1,29.9,0,1,0
26.69311,1,21.1,0,1,0
31.01879,1,30.7,0,1,0
34.67172,1,30.5,0,1,0
34.87338,1,29.1,0,1,0
33.97764,1,24.3,0,1,0
34.05256,1,14.8,0,1,0
38.78272,1,21.3,0,1,0
33.93433,1,29.6,0,1,0
35.03479,1,35.0,0,1,0
27.201,1,38.8,0,1,0
38.89095,1,35.6,0,1,0
27.68137,1,38.0,0,1,0
22.14227,1,37.9,0,1,0
16.03733,1,31.6,0,1,0
11.47758,1,32.2,0,1,0
13.31932,1,25.8,0,1,0
15.01384,1,22.8,0,1,0
14.54661,1,16.4,0,1,0
19.77936,1,12.9,0,1,0
33.61122,1,16.5,0,1,0
27.48194,1,9.9,0,1,0
25.39703,1,11.4,0,1,0
19.65959,1,13.5,0,1,0
31.99183,1,9.4,0,1,0
32.30541,1,18.8,0,1,0
34.55497,1,15.8,0,1,0
30.62067,1,18.7,0,1,0
44.2156,1,12.2,0,1,0
45.68113,1,21.3,0,1,0
50.07197,1,20.7,0,1,0
62.35647,1,13.1,0,1,0
43.04498,1,14.4,0,1,0
43.02716,1,13.6,0,1,0
23.36724,1,23.0,0,1,0
20.65925,1,14.3,0,1,0
19.87958,1,19.6,0,1,0
17.16307,1,27.8,0,1,0
12.58923,1,32.4,0,1,0
9.48808,1,25.5,0,1,0
5.77599,1,13.2,0,1,0
6.78188,1,12.5,0,1,0
7.45967,1,14.5,0,1,0
5.35386,1,4.4,0,1,0
14.13484,1,8.4,0,1,0
11.09501,1,13.5,0,1,0
9.38102,1,-1.2,0,1,0
9.8152,1,0.4,0,1,0
14.6893,1,6.9,0,1,0
13.0399,1,6.9,0,1,0
10.6,1,0.4,0,1,0
11.21329,1,11.1,0,1,0
11.60563,1,14.1,0,1,0
9.69069,1,-0.7,0,1,0
9.11639,1,6.8,0,1,0
8.1459,1,7.8,0,1,0
8.56457,1,7.8,0,1,0
9.66396,1,4.7,0,1,0
6.96592,1,7.1,0,1,0
7.64973,1,7.1,0,1,0
6.02622,1,7.1,0,1,0
3.78522,1,13.9,0,1,0
3.74016,1,23.8,0,1,0
3.64646,1,22.2,0,1,0
4.48391,1,20.7,0,1,0
7.45288,1,18.5,0,1,0
7.90951,1,15.8,0,1,0
11.43132,1,8.1,0,1,0
6.26714,1,11.0,0,1,0
22.30557,1,13.0,0,1,0
27.1579,1,18.0,0,1,0
24.05796,1,20.7,0,1,0
32.17264,1,21.0,0,1,0
29.7696,1,15.4,0,1,0
26.94377,1,21.0,0,1,0
32.9351,1,24.1,0,1,0
29.84413,1,23.2,0,1,0
35.69856,1,16.3,0,1,0
31.98118,1,21.3,0,1,0
27.83415,1,26.5,0,1,0
28.44016,1,21.2,0,1,0
28.44115,1,14.7,0,1,0
22.79441,1,7.8,0,1,0
20.78874,1,5.6,0,1,0
14.8837,1,8.3,0,1,0
9.0957,1,11.1,0,1,0
6.18656,1,15.1,0,1,0
22.69061,1,14.3,0,1,0
26.06413,1,14.8,0,1,0
11.70812,1,14.6,0,1,0
6.54512,1,7.4,0,1,0
9.21946,1,7.4,0,1,0
12.49834,1,2.5,0,1,0
13.6176,1,2.5,0,1,0
20.19346,1,2.5,0,1,0
15.92142,1,2.5,0,1,0
12.14552,1,2.5,0,1,0
11.79275,1,6.4,0,1,0
11.91829,1,5.0,0,1,0
13.04688,1,0.3,0,1,0
20.71536,1,10.2,0,1,0
18.86306,1,10.6,0,1,0
15.82279,1,8.5,0,1,0
26.44674,1,9.6,0,1,0
28.65038,1,17.1,0,1,0
29.8856,1,4.5,0,1,0
59.41976,1,13.4,0,1,0
47.53266,1,21.4,0,1,0
32.47344,1,16.1,0,1,0
18.32873,1,14.9,0,1,0
12.40918,1,6.9,0,1,0
15.0698,1,3.7,0,1,0
16.15239,1,6.1,0,1,0
18.93187,1,17.0,0,1,0
24.87262,1,20.4,0,1,0
33.74461,1,21.3,0,1,0
51.32755,1,14.8,0,1,0
55.3015,1,20.4,0,1,0
52.27091,1,23.2,0,1,0
33.77119,1,22.2,0,1,0
40.05409,1,28.2,0,1,0
37.69633,1,27.8,0,1,0
20.67536,1,16.8,0,1,0
24.03876,1,14.7,0,1,0
22.16914,1,14.1,0,1,0
31.45873,1,7.1,0,1,0
26.80571,1,15.0,0,1,0
37.92391,1,17.9,0,1,0
40.569,1,14.3,0,1,0
30.76232,1,11.2,0,1,0
24.35663,1,3.1,0,1,0
18.58872,1,5.7,0,1,0
20.98822,1,8.0,0,1,0
14.98597,1,7.7,0,1,0
20.15402,1,10.3,0,1,0
6.721,1,10.2,0,1,0
5.30066,1,12.5,0,1,0
5.18394,1,14.9,0,1,0
6.37285,1,17.1,0,1,0
8.37529,1,17.9,0,1,0
11.35021,1,16.6,0,1,0
10.7437,1,10.9,0,1,0
9.71249,1,10.9,0,1,0
10.18515,1,6.2,0,1,0
12.51619,1,3.5,0,1,0
11.61391,1,9.5,0,1,0
9.36012,1,8.8,0,1,0
14.45473,1,8.1,0,1,0
11.26949,1,11.1,0,1,0
10.43601,1,10.5,0,1,0
20.37786,1,7.1,0,1,0
11.78847,1,18.0,0,1,0
10.99727,1,7.3,0,1,0
8.93474,1,7.3,0,1,0
20.64683,1,5.4,0,1,0
8.64339,1,7.0,0,1,0
7.2879,1,10.9,0,1,0
5.82573,1,10.1,0,1,0
5.60145,1,12.2,0,1,0
5.32631,1,15.5,0,1,0
6.11431,1,18.8,0,1,0
4.22942,1,19.6,0,1,0
4.46085,1,17.3,0,1,0
7.85067,1,16.3,0,1,0
10.28411,1,8.5,0,1,0
13.46359,1,4.4,0,1,0
15.04566,1,9.5,0,1,0
9.62934,1,11.1,0,1,0
12.71333,1,4.7,0,1,0
18.26149,1,4.5,0,1,0
17.22277,1,9.4,0,1,0
24.36006,1,10.3,0,1,0
24.56837,1,6.0,0,1,0
32.75679,1,11.8,0,1,0
24.87571,1,8.2,0,1,0
29.74266,1,16.5,0,1,0
29.12566,1,5.3,0,1,0
26.33994,1,9.1,0,1,0
18.33898,1,12.1,0,1,0
14.1109,1,12.5,0,1,0
16.67119,1,12.0,0,1,0
12.39389,1,12.8,0,1,0
6.9471,1,11.6,0,1,0
14.95065,1,12.3,0,1,0
8.96418,1,8.6,0,1,0
6.89259,1,3.4,0,1,0
7.9922,1,1.5,0,1,0
10.3768,1,2.4,0,1,0
8.9443,1,11.8,0,1,0
12.33244,1,14.6,0,1,0
11.84486,1,14.6,0,1,0
15.53869,1,14.6,0,1,0
14.51662,1,14.6,0,1,0
13.33091,1,11.8,0,1,0
10.48118,1,9.0,0,1,0
13.40039,1,11.7,0,1,0
19.03942,1,6.1,0,1,0
17.17565,1,12.2,0,1,0
30.83022,1,6.7,0,1,0
39.3847,1,7.1,0,1,0
41.39751,1,17.3,0,1,0
35.47746,1,4.1,0,1,0
29.00407,1,4.1,0,1,0
32.52728,1,4.1,0,1,0
29.54869,1,4.1,0,1,0
30.08084,1,4.1,0,1,0
21.70759,1,4.1,0,1,0
42.12052,1,1.8,0,1,0
33.13432,1,7.1,0,1,0
18.60537,1,17.2,0,1,0
31.73062,1,19.9,0,1,0
23.53781,1,9.1,0,1,0
20.75486,1,9.1,0,1,0
26.12226,1,11.4,0,1,0
27.30579,1,13.5,0,1,0
27.21112,1,12.5,0,1,0
31.34345,1,10.9,0,1,0
28.71527,1,15.2,0,1,0
26.98434,1,10.1,0,1,0
17.72977,1,9.1,0,1,0
19.54578,1,10.5,0,1,0
24.02566,1,11.2,0,1,0
25.16705,1,9.7,0,1,0
28.53384,1,10.3,0,1,0
26.33425,1,15.2,0,1,0
29.9839,1,14.7,0,1,0
28.88323,1,16.7,0,1,0
36.3177,1,20.1,0,1,0
32.47847,1,5.6,0,1,0
18.33495,1,4.9,0,1,0
14.74217,1,3.4,0,1,0
11.00758,1,4.9,0,1,0
9.25703,1,4.1,0,1,0
9.22056,1,6.5,0,1,0
8.54501,1,7.2,0,1,0
10.4423,1,9.1,0,1,0
13.09388,1,12.5,0,1,0
18.58757,1,17.4,0,1,0
14.32572,1,16.2,0,1,0
21.12561,1,10.8,0,1,0
18.51301,1,14.3,0,1,0
15.09907,1,15.4,0,1,0
16.19306,1,15.9,0,1,0
18.44265,1,15.4,0,1,0
43.38938,1,17.8,0,1,0
28.78325,1,15.8,0,1,0
19.5902,1,16.3,0,1,0
16.6498,1,15.9,0,1,0
22.80236,1,13.1,0,1,0
33.11611,1,10.9,0,1,0
24.12147,1,19.2,0,1,0
24.99541,1,27.5,0,1,0
19.56615,1,22.8,0,1,0
20.11192,1,13.0,0,1,0
11.95087,1,13.0,0,1,0
12.56019,1,13.0,0,1,0
11.44124,1,13.0,0,1,0
10.97464,1,13.0,0,1,0
12.65756,1,13.0,0,1,0
20.0158,1,13.0,0,1,0
24.0111,1,13.0,0,1,0
22.61703,1,13.0,0,1,0
25.25133,1,13.0,0,1,0
16.4096,1,13.0,0,1,0
10.96929,1,13.0,0,1,0
13.57468,1,13.0,0,1,0
13.97827,1,13.0,0,1,0
12.98213,1,13.0,0,1,0
13.77897,1,13.0,0,1,0
13.12325,1,13.0,0,1,0
11.40256,1,13.0,0,1,0
15.78485,1,13.0,0,1,0
20.82704,1,13.0,0,1,0
15.14117,1,13.0,0,1,0
24.84962,1,13.0,0,1,0
38.89198,1,13.0,0,1,0
32.69946,1,13.0,0,1,0
20.27198,1,13.0,0,1,0
8.64078,1,13.0,0,1,0
6.00554,1,13.0,0,1,0
7.72019,1,13.0,0,1,0
9.44802,1,13.0,0,1,0
10.73131,1,13.0,0,1,0
17.41027,1,13.0,0,1,0
22.46445,1,13.0,0,1,0
20.14955,1,13.0,0,1,0
17.78536,1,13.0,0,1,0
14.16443,1,13.0,0,1,0
14.2194,1,13.0,0,1,0
14.58349,1,13.0,0,1,0
17.64882,1,13.0,0,1,0
12.03932,1,13.0,0,1,0
13.86432,1,13.0,0,1,0
22.21685,1,13.0,0,1,0
15.87824,1,13.0,0,1,0
25.62734,1,13.0,0,1,0
20.94099,1,13.0,0,1,0
20.746,1,13.0,0,1,0
22.22824,1,13.0,0,1,0
17.97356,1,13.0,0,1,0
10.89683,1,13.0,0,1,0
5.91946,1,13.0,0,1,0
7.31435,1,13.0,0,1,0
9.1135,1,13.0,0,1,0
9.24888,1,13.0,0,1,0
6.3227,1,13.0,0,1,0
6.34757,1,13.0,0,1,0
22.11794,1,13.0,0,1,0
27.28901,1,13.0,0,1,0
23.2812,1,13.0,0,1,0
21.76267,1,13.0,0,1,0
9.40234,1,13.0,0,1,0
10.7764,1,13.0,0,1,0
10.62385,1,13.0,0,1,0
10.21461,1,13.0,0,1,0
11.07071,1,13.0,0,1,0
17.27779,1,13.0,0,1,0
12.4258,1,13.0,0,1,0
11.15685,1,13.0,0,1,0
11.5901,1,13.0,0,1,0
12.21184,1,13.0,0,1,0
10.29764,1,13.0,0,1,0
12.63762,1,13.0,0,1,0
10.48851,1,13.0,0,1,0
9.38445,1,13.0,0,1,0
7.88127,1,13.0,0,1,0
4.57202,1,13.0,0,1,0
8.11645,1,13.0,0,1,0
12.99109,1,13.0,0,1,0
14.04661,1,13.0,0,1,0
17.95902,1,13.0,0,1,0
22.17119,1,13.0,0,1,0
15.37052,1,13.0,0,1,0
12.9274,1,13.0,0,1,0
14.23568,1,13.0,0,1,0
16.52124,1,13.0,0,1,0
13.32808,1,13.0,0,1,0
17.71574,1,13.0,0,1,0
17.21437,1,13.0,0,1,0
25.27761,1,13.0,0,1,0
22.40818,1,13.0,0,1,0
14.03223,1,13.0,0,1,0
21.0385,1,13.0,0,1,0
27.78422,1,13.0,0,1,0
27.23963,1,13.0,0,1,0
22.90359,1,13.0,0,1,0
20.28012,1,13.0,0,1,0
19.8448,1,13.0,0,1,0
8.90198,1,13.0,0,1,0
7.64905,1,13.0,0,1,0
4.9214,1,13.0,0,1,0
5.97535,1,13.0,0,1,0
5.37876,1,13.0,0,1,0
8.08194,1,13.0,0,1,0
10.50984,1,13.0,0,1,0
17.72454,1,13.0,0,1,0
24.74394,1,13.0,0,1,0
26.82624,1,13.0,0,1,0
25.29708,1,13.0,0,1,0
23.64701,1,13.0,0,1,0
14.50012,1,13.0,0,1,0
15.57168,1,13.0,0,1,0
17.03284,1,13.0,0,1,0
16.16242,1,13.0,0,1,0
21.98882,1,10.4,0,1,0
13.09999,1,2.5,0,1,0
20.00513,1,8.2,0,1,0
14.37726,1,11.3,0,1,0
14.73794,1,10.5,0,1,0
12.57907,1,2.6,0,1,0
10.0391,1,-0.2,0,1,0
8.03574,1,6.0,0,1,0
6.22085,1,6.7,0,1,0
6.36433,1,11.2,0,1,0
5.26083,1,8.4,0,1,0
2.73245,1,5.4,0,1,0
2.10807,1,0.7,0,1,0
3.09995,1,-0.9,0,1,0
6.40548,1,0.0,0,1,0
7.42507,1,0.1,0,1,0
11.80155,1,1.7,0,1,0
9.48017,1,2.1,0,1,0
12.25652,1,5.9,0,1,0
11.79533,1,1.5,0,1,0
14.04615,1,-1.7,0,1,0
10.6845,1,0.6,0,1,0
10.04731,1,8.6,0,1,0
8.6484,1,5.1,0,1,0
7.22347,1,1.4,0,1,0
7.56213,1,0.3,0,1,0
8.40493,1,2.6,0,1,0
8.69026,1,1.3,0,1,0
7.44768,1,2.7,0,1,0
5.27841,1,6.3,0,1,0
5.30134,1,5.3,0,1,0
6.36065,1,11.5,0,1,0
3.4204,1,5.7,0,1,0
4.25698,1,2.4,0,1,0
2.94358,1,6.3,0,1,0
2.79796,1,5.0,0,1,0
2.07243,1,3.6,0,1,0
1.42714,1,5.2,0,1,0
2.57499,1,4.6,0,1,0
2.83949,1,3.1,0,1,0
5.70878,1,-0.4,0,1,0
9.61519,1,5.5,0,1,0
8.3208,1,5.5,0,1,0
7.57657,1,6.6,0,1,0
8.45759,1,-0.1,0,1,0
6.42794,1,4.5,0,1,0
6.60562,1,-0.2,0,1,0
7.20033,1,6.4,0,1,0
6.87163,1,0.6,0,1,0
6.04816,1,3.2,0,1,0
6.32125,1,5.0,0,1,0
6.74892,1,5.3,0,1,0
6.33788,1,7.4,0,1,0
21.80975,1,13.1,0,1,0
8.56011,1,5.4,0,1,0
7.02135,1,10.0,0,1,0
3.96352,1,6.1,0,1,0
2.61671,1,11.2,0,1,0
8.03807,1,5.5,0,1,0
6.84707,1,9.5,0,1,0
5.24163,1,8.1,0,1,0
4.9992,1,6.1,0,1,0
11.09542,1,5.5,0,1,0
19.73784,1,8.9,0,1,0
15.95866,1,9.0,0,1,0
11.44052,1,4.1,0,1,0
9.45139,1,3.0,0,1,0
13.7218,1,3.9,0,1,0
17.14598,1,6.9,0,1,0
15.41313,1,7.6,0,1,0
28.15805,1,6.2,0,1,0
18.76469,1,4.8,0,1,0
29.98096,1,3.5,0,1,0
16.9205,1,4.5,0,1,0
11.16729,1,0.7,0,1,0
12.27475,1,4.5,0,1,0
16.5416,1,6.2,0,1,0
15.67947,1,8.4,0,1,0
15.58458,1,4.6,0,1,0
22.64034,1,5.8,0,1,0
23.16253,1,8.6,0,1,0
19.82918,1,10.1,0,1,0
19.95568,1,7.3,0,1,0
14.92654,1,8.3,0,1,0
11.54444,1,6.0,0,1,0
18.16346,1,8.7,0,1,0
30.17745,1,14.4,0,1,0
36.34302,1,5.1,0,1,0
16.61325,1,7.0,0,1,0
19.14625,1,9.2,0,1,0
13.32218,1,2.6,0,1,0
11.67897,1,5.6,0,1,0
12.69872,1,5.9,0,1,0
9.48279,1,2.4,0,1,0
5.40022,1,4.1,0,1,0
8.89437,1,2.6,0,1,0
5.76051,1,4.9,0,1,0
8.50345,1,4.6,0,1,0
9.35379,1,4.8,0,1,0
13.89142,1,3.1,0,1,0
17.68453,1,5.4,0,1,0
20.92766,1,7.9,0,1,0
40.63235,1,7.8,0,1,0
30.23665,1,7.0,0,1,0
19.78751,1,7.4,0,1,0
34.17363,1,6.8,0,1,0
15.76478,1,7.6,0,1,0
12.73018,1,11.2,0,1,0
13.72554,1,12.9,0,1,0
19.71069,1,11.8,0,1,0
30.84955,1,13.5,0,1,0
35.22938,1,9.2,0,1,0
30.6304,1,9.7,0,1,0
33.01964,1,15.1,0,1,0
25.83691,1,11.9,0,1,0
21.61157,1,10.3,0,1,0
23.66371,1,10.3,0,1,0
20.9106,1,13.1,0,1,0
18.38948,1,10.2,0,1,0
17.56041,1,2.8,0,1,0
21.89196,1,4.9,0,1,0
25.72183,1,7.9,0,1,0
28.03537,1,8.0,0,1,0
29.70553,1,10.0,0,1,0
26.38131,1,3.4,0,1,0
19.23552,1,11.0,0,1,0
18.10188,1,8.6,0,1,0
17.14089,1,13.0,0,1,0
19.39614,1,10.1,0,1,0
19.23419,1,9.8,0,1,0
5.47192,1,2.2,0,1,0
5.55336,1,8.8,0,1,0
11.03541,1,4.6,0,1,0
4.28301,1,9.2,0,1,0
11.11117,1,5.3,0,1,0
15.01652,1,7.3,0,1,0
10.44519,1,1.3,0,1,0
8.13856,1,2.5,0,1,0
7.82591,1,2.7,0,1,0
7.98029,1,6.9,0,1,0
7.08676,1,-0.1,0,1,0
7.57791,1,4.6,0,1,0
5.05026,1,6.8,0,1,0
7.47326,1,0.3,0,1,0
9.24847,1,0.3,0,1,0
6.95318,1,7.1,0,1,0
6.99767,1,7.1,0,1,0
12.39889,1,9.0,0,1,0
16.48723,1,7.0,0,1,0
17.12015,1,7.0,0,1,0
23.84052,1,8.1,0,1,0
27.67321,1,5.9,0,1,0
17.28064,1,8.4,0,1,0
17.34387,1,6.7,0,1,0
19.86032,1,10.6,0,1,0
22.72658,1,9.0,0,1,0
18.67295,1,11.6,0,1,0
18.01979,1,11.2,0,1,0
20.44635,1,9.4,0,1,0
24.71851,1,10.7,0,1,0
22.614,1,10.1,0,1,0
16.88011,1,12.5,0,1,0
16.74123,1,10.7,0,1,0
14.83496,1,4.3,0,1,0
14.88272,1,10.1,0,1,0
15.6188,1,2.6,0,1,0
15.14373,1,9.3,0,1,0
18.04935,1,13.0,0,1,0
16.35574,1,9.8,0,1,0
16.88597,1,1.0,0,1,0
17.00464,1,9.2,0,1,0
17.02947,1,9.2,0,1,0
15.81276,1,9.2,0,1,0
14.22502,1,2.7,0,1,0
16.33788,1,4.7,0,1,0
17.6751,1,7.9,0,1,0
17.085,1,11.8,0,1,0
11.30762,1,10.2,0,1,0
5.35183,1,11.7,0,1,0
3.49174,1,12.6,0,1,0
2.83501,1,9.2,0,1,0
4.37077,1,5.4,0,1,0
11.23985,1,8.0,0,1,0
10.9894,1,10.4,0,1,0
13.09031,1,2.3,0,1,0
12.28099,1,5.0,0,1,0
10.90238,1,4.5,0,1,0
12.0591,1,4.2,0,1,0
10.56297,1,6.3,0,1,0
7.7925,1,0.5,0,1,0
7.73898,1,3.8,0,1,0
8.9558,1,7.3,0,1,0
15.55784,1,1.5,0,1,0
17.59185,1,3.0,0,1,0
12.82494,1,6.1,0,1,0
9.49583,1,6.7,0,1,0
22.60807,1,6.5,0,1,0
21.97996,1,10.2,0,1,0
19.28907,1,9.4,0,1,0
16.11384,1,11.9,0,1,0
11.73712,1,8.6,0,1,0
14.6196,1,6.8,0,1,0
12.43172,1,6.1,0,1,0
11.79625,1,9.4,0,1,0
8.99726,1,7.6,0,1,0
8.84781,1,11.7,0,1,0
10.41539,1,11.2,0,1,0
11.28786,1,7.8,0,1,0
6.45461,1,6.3,0,1,0
5.0655,1,6.3,0,1,0
7.13781,1,7.4,0,1,0
7.73554,1,7.4,0,1,0
7.50565,1,7.8,0,1,0
9.44074,1,8.5,0,1,0
8.09127,1,4.4,0,1,0
11.53169,1,6.4,0,1,0
9.04833,1,10.6,0,1,0
16.5082,1,10.4,0,1,0
9.98477,1,8.1,0,1,0
10.5782,1,4.8,0,1,0
16.73422,1,11.7,0,1,0
15.33748,1,11.5,0,1,0
9.59587,1,11.2,0,1,0
14.01434,1,8.6,0,1,0
10.53526,1,7.0,0,1,0
5.82181,1,7.4,0,1,0
6.25826,1,11.0,0,1,0
7.36809,1,10.1,0,1,0
9.49941,1,9.0,0,1,0
13.69519,1,6.9,0,1,0
24.04578,1,8.9,0,1,0
15.65471,1,11.3,0,1,0
12.50767,1,15.0,0,1,0
10.70997,1,8.7,0,1,0
10.95083,1,9.0,0,1,0
12.25007,1,5.7,0,1,0
17.2995,1,13.8,0,1,0
12.75544,1,13.0,0,1,0
10.99123,1,4.2,0,1,0
11.06552,1,4.1,0,1,0
10.9536,1,8.4,0,1,0
11.45491,1,6.0,0,1,0
10.17854,1,6.9,0,1,0
12.77118,1,7.4,0,1,0
21.07651,1,11.3,0,1,0
21.86616,1,9.1,0,1,0
24.94371,1,9.4,0,1,0
18.16985,1,8.0,0,1,0
16.38888,1,10.8,0,1,0
15.05146,1,10.7,0,1,0
12.1566,1,6.5,0,1,0
11.20282,1,11.2,0,1,0
10.06065,1,9.3,0,1,0
18.85723,1,15.9,0,1,0
24.36781,1,9.2,0,1,0
34.16737,1,12.4,0,1,0
15.57436,1,9.2,0,1,0
12.10353,1,9.4,0,1,0
9.45757,1,3.9,0,1,0
10.07765,1,7.2,0,1,0
11.64144,1,7.9,0,1,0
10.33514,1,7.2,0,1,0
9.40215,1,13.3,0,1,0
11.07804,1,9.2,0,1,0
9.96883,1,12.5,0,1,0
10.90337,1,8.8,0,1,0
15.76676,1,12.8,0,1,0
17.19594,1,13.0,0,1,0
29.05259,1,13.0,0,1,0
54.44458,1,15.3,0,1,0
44.67206,1,16.7,0,1,0
23.51057,1,14.1,0,1,0
26.67195,1,14.8,0,1,0
17.45469,1,14.5,0,1,0
9.25419,1,9.8,0,1,0
7.73947,1,9.3,0,1,0
13.9519,1,14.3,0,1,0
15.09462,1,11.4,0,1,0
18.01524,1,8.1,0,1,0
25.90178,1,14.6,0,1,0
23.5549,1,14.1,0,1,0
20.17325,1,7.4,0,1,0
22.03439,1,13.2,0,1,0
24.71113,1,14.5,0,1,0
17.88592,1,9.9,0,1,0
17.24803,1,7.0,0,1,0
17.24803,1,8.0,0,1,0
16.60589,1,8.4,0,1,0
19.91661,1,3.2,0,1,0
36.23832,1,10.4,0,1,0
37.14354,1,14.3,0,1,0
24.71111,1,6.3,0,1,0
18.3997,1,6.4,0,1,0
18.24186,1,7.1,0,1,0
13.83285,1,8.3,0,1,0
13.2087,1,9.5,0,1,0
9.32119,1,5.8,0,1,0
6.60186,1,5.5,0,1,0
6.55651,1,4.7,0,1,0
4.72057,1,4.5,0,1,0
4.13709,1,4.7,0,1,0
7.00303,1,5.2,0,1,0
18.45947,1,8.4,0,1,0
32.43676,1,7.8,0,1,0
35.53906,1,10.0,0,1,0
24.49628,1,2.5,0,1,0
15.81483,1,6.1,0,1,0
16.58072,1,2.1,0,1,0
22.88798,1,4.5,0,1,0
17.35529,1,4.5,0,1,0
14.9415,1,4.5,0,1,0
13.86347,1,12.2,0,1,0
19.17151,1,11.5,0,1,0
19.38534,1,11.5,0,1,0
22.56196,1,4.7,0,1,0
19.76233,1,13.3,0,1,0
13.19716,1,14.2,0,1,0
14.12156,1,13.2,0,1,0
12.80667,1,11.1,0,1,0
16.28629,1,6.4,0,1,0
16.20995,1,2.3,0,1,0
13.58055,1,2.3,0,1,0
15.04456,1,4.7,0,1,0
11.94626,1,10.1,0,1,0
11.72017,1,13.6,0,1,0
13.05447,1,7.8,0,1,0
23.73299,1,3.7,0,1,0
25.71472,1,14.1,0,1,0
25.35995,1,11.5,0,1,0
21.32442,1,7.6,0,1,0
24.25218,1,7.2,0,1,0
30.58875,1,8.1,0,1,0
20.76932,1,10.0,0,1,0
27.48723,1,10.0,0,1,0
22.83032,1,9.5,0,1,0
18.0553,1,8.5,0,1,0
34.43688,1,10.6,0,1,0
26.44734,1,8.7,0,1,0
27.80034,1,10.0,0,1,0
40.86665,1,13.4,0,1,0
45.01279,1,16.5,0,1,0
44.43311,1,16.1,0,1,0
47.89882,1,23.6,0,1,0
51.43043,1,16.6,0,1,0
36.79286,1,10.7,0,1,0
26.81132,1,11.9,0,1,0
20.40091,1,11.8,0,1,0
18.75866,1,11.2,0,1,0
14.99179,1,9.5,0,1,0
14.32053,1,9.3,0,1,0
17.4799,1,9.5,0,1,0
19.63124,1,10.4,0,1,0
24.70862,1,18.5,0,1,0
24.6732,1,25.6,0,1,0
25.11436,1,16.7,0,1,0
36.51902,1,12.5,0,1,0
31.96484,1,14.5,0,1,0
47.524,1,11.8,0,1,0
33.87719,1,13.2,0,1,0
17.27537,1,12.0,0,1,0
29.71195,1,13.1,0,1,0
29.40453,1,12.0,0,1,0
48.21012,1,17.9,0,1,0
66.92972,1,18.0,0,1,0
54.52334,1,33.9,0,1,0
46.20286,1,29.1,0,1,0
40.05229,1,31.1,0,1,0
53.30487,1,32.6,0,1,0
43.79766,1,43.0,0,1,0
50.81242,1,40.8,0,1,0
15.67197,1,46.2,0,1,0
24.44537,1,35.9,0,1,0
22.47189,1,39.7,0,1,0
14.4326,1,40.2,0,1,0
14.50351,1,41.7,0,1,0
25.17268,1,37.1,0,1,0
34.01664,1,37.1,0,1,0
43.44412,1,42.7,0,1,0
34.1259,1,37.3,0,1,0
35.38746,1,24.1,0,1,0
25.09605,1,25.1,0,1,0
27.61046,1,26.2,0,1,0
36.7131,1,26.6,0,1,0
30.29227,1,25.1,0,1,0
38.17334,1,26.7,0,1,0
34.153,1,25.6,0,1,0
30.72606,1,24.7,0,1,0
28.97795,1,26.7,0,1,0
29.83634,1,28.5,0,1,0
25.90251,1,32.5,0,1,0
47.24977,1,28.3,0,1,0
33.72816,1,29.8,0,1,0
56.1692,1,36.4,0,1,0
62.06382,1,38.8,0,1,0
19.76545,1,36.4,0,1,0
12.91177,1,28.0,0,1,0
12.91764,1,18.0,0,1,0
30.5464,1,17.6,0,1,0
37.8669,1,27.3,0,1,0
31.00316,1,30.7,0,1,0
30.15817,1,27.9,0,1,0
30.06204,1,25.3,0,1,0
22.77523,1,19.3,0,1,0
25.21288,1,26.3,0,1,0
19.11105,1,23.5,0,1,0
20.44332,1,24.1,0,1,0
26.07063,1,21.9,0,1,0
18.30057,1,22.2,0,1,0
19.3602,1,20.3,0,1,0
24.92399,1,19.7,0,1,0
17.88278,1,18.0,0,1,0
11.07229,1,31.2,0,1,0
9.80971,1,22.0,0,1,0
19.74138,1,20.0,0,1,0
17.70597,1,21.5,0,1,0
15.58374,1,14.4,0,1,0
17.2447,1,14.4,0,1,0
21.44572,1,14.4,0,1,0
15.03573,1,14.4,0,1,0
10.31712,1,14.4,0,1,0
15.12222,1,14.4,0,1,0
18.32939,1,14.4,0,1,0
20.21577,1,14.4,0,1,0
20.89871,1,11.3,0,1,0
22.45199,1,17.7,0,1,0
41.84203,1,17.1,0,1,0
61.30192,1,24.1,0,1,0
55.12957,1,25.4,0,1,0
51.18974,1,20.3,0,1,0
56.60889,1,26.6,0,1,0
54.33641,1,28.0,0,1,0
46.18082,1,29.7,0,1,0
48.0632,1,28.3,0,1,0
78.8818,1,28.1,0,1,0
89.09912,1,35.1,0,1,0
61.10519,1,31.9,0,1,0
48.34591,1,31.8,0,1,0
30.15856,1,32.5,0,1,0
27.43168,1,20.0,0,1,0
36.11005,1,40.1,0,1,0
23.88923,1,26.9,0,1,0
29.20191,1,13.3,0,1,0
19.35986,1,22.3,0,1,0
20.1954,1,26.0,0,1,0
19.55363,1,22.3,0,1,0
18.03319,1,28.9,0,1,0
30.59552,1,27.1,0,1,0
33.56044,1,14.4,0,1,0
29.21066,1,14.4,0,1,0
28.53528,1,14.4,0,1,0
31.29503,1,14.4,0,1,0
21.71587,1,14.4,0,1,0
30.81105,1,14.4,0,1,0
20.694,1,14.4,0,1,0
32.28455,1,14.4,0,1,0
32.86984,1,14.4,0,1,0
20.50225,1,14.4,0,1,0
19.47752,1,14.4,0,1,0
28.22559,1,14.4,0,1,0
27.8669,1,14.4,0,1,0
22.95834,1,14.4,0,1,0
24.02535,1,14.4,0,1,0
22.57695,1,14.4,0,1,0
22.07745,1,14.4,0,1,0
21.50236,1,14.4,0,1,0
11.16474,1,14.4,0,1,0
16.56783,1,14.4,0,1,0
14.6308,1,14.4,0,1,0
12.50404,1,14.4,0,1,0
20.47413,1,14.4,0,1,0
28.40481,1,14.4,0,1,0
41.20111,1,14.4,0,1,0
37.19473,1,14.4,0,1,0
28.13571,1,14.4,0,1,0
22.76595,1,14.4,0,1,0
22.78237,1,14.4,0,1,0
20.26215,1,14.4,0,1,0
18.85178,1,14.4,0,1,0
21.18164,1,14.4,0,1,0
19.09392,1,14.4,0,1,0
24.86136,1,14.4,0,1,0
19.73624,1,14.4,0,1,0
20.33477,1,14.4,0,1,0
19.70722,1,14.4,0,1,0
17.37899,1,14.4,0,1,0
13.24507,1,14.4,0,1,0
16.97516,1,14.4,0,1,0
14.52557,1,14.4,0,1,0
9.73764,1,14.4,0,1,0
6.26519,1,14.4,0,1,0
6.49316,1,14.4,0,1,0
5.30739,1,14.4,0,1,0
5.36299,1,14.4,0,1,0
9.40355,1,14.4,0,1,0
10.93581,1,14.4,0,1,0
16.07059,1,14.4,0,1,0
17.78415,1,14.4,0,1,0
19.36308,1,14.4,0,1,0
21.67385,1,14.4,0,1,0
17.91106,1,14.4,0,1,0
18.28554,1,14.4,0,1,0
14.24879,1,14.4,0,1,0
21.41057,1,14.4,0,1,0
26.5569,1,14.4,0,1,0
23.06405,1,14.4,0,1,0
21.80732,1,14.4,0,1,0
11.94336,1,14.4,0,1,0
11.9206,1,14.4,0,1,0
16.52848,1,14.4,0,1,0
17.44914,1,14.4,0,1,0
17.27489,1,14.4,0,1,0
13.47823,1,14.4,0,1,0
8.73605,1,14.4,0,1,0
5.24956,1,14.4,0,1,0
10.79213,1,14.4,0,1,0
10.81433,1,14.4,0,1,0
11.73835,1,14.4,0,1,0
8.90028,1,14.4,0,1,0
11.45565,1,14.4,0,1,0
10.03287,1,14.4,0,1,0
10.16284,1,14.4,0,1,0
10.76197,1,14.4,0,1,0
16.0278,1,14.4,0,1,0
17.35092,1,14.4,0,1,0
22.48033,1,14.4,0,1,0
12.93583,1,14.4,0,1,0
10.91192,1,14.4,0,1,0
5.59349,1,14.4,0,1,0
8.01516,1,14.4,0,1,0
6.39337,1,14.4,0,1,0
6.95769,1,14.4,0,1,0
8.25016,1,14.4,0,1,0
21.04478,1,14.4,0,1,0
11.62934,1,14.4,0,1,0
9.97218,1,14.4,0,1,0
12.96585,1,14.4,0,1,0
21.01686,1,14.4,0,1,0
8.49104,1,14.4,0,1,0
9.56039,1,14.4,0,1,0
10.38901,1,14.4,0,1,0
9.52629,1,14.4,0,1,0
8.77869,1,14.4,0,1,0
10.6644,1,14.4,0,1,0
11.43727,1,14.4,0,1,0
13.03644,1,14.4,0,1,0
5.31018,1,14.4,0,1,0
6.1911,1,14.4,0,1,0
6.71169,1,14.4,0,1,0
8.22516,1,14.4,0,1,0
5.45119,1,14.4,0,1,0
5.36258,1,14.4,0,1,0
7.75753,1,14.4,0,1,0
4.58819,1,14.4,0,1,0
5.62047,1,14.4,0,1,0
6.5276,1,14.4,0,1,0
7.96486,1,14.4,0,1,0
14.73159,1,14.4,0,1,0
11.81705,1,14.4,0,1,0
12.52842,1,14.4,0,1,0
7.19556,1,14.4,0,1,0
3.98453,1,14.4,0,1,0
7.83863,1,14.4,0,1,0
13.96181,1,14.4,0,1,0
22.05607,1,14.4,0,1,0
19.74013,1,14.4,0,1,0
32.15125,1,14.4,0,1,0
44.25637,1,14.4,0,1,0
30.80532,1,14.4,0,1,0
17.80151,1,14.4,0,1,0
18.39484,1,14.4,0,1,0
21.15438,1,14.4,0,1,0
18.74007,1,14.4,0,1,0
35.8559,1,14.4,0,1,0
37.05556,1,14.4,0,1,0
34.58575,1,14.4,0,1,0
25.14755,1,14.4,0,1,0
24.19678,1,14.4,0,1,0
21.13862,1,14.4,0,1,0
20.31776,1,14.4,0,1,0
18.85939,1,14.4,0,1,0
18.5236,1,14.4,0,1,0
9.05635,1,14.4,0,1,0
2.52357,1,14.4,0,1,0
6.33847,1,14.4,0,1,0
1.68005,1,14.4,0,1,0
1.23589,1,14.4,0,1,0
3.27427,1,14.4,0,1,0
9.26847,1,14.4,0,1,0
15.62913,1,14.4,0,1,0
22.35437,1,14.4,0,1,0
17.90558,1,14.4,0,1,0
20.87489,1,14.4,0,1,0
10.03629,1,14.4,0,1,0
14.19778,1,14.4,0,1,0
19.55852,1,14.4,0,1,0
18.55117,1,14.4,0,1,0
14.78559,1,14.4,0,1,0
15.39909,1,14.4,0,1,0
16.88073,1,14.4,0,1,0
21.09514,1,14.4,0,1,0
20.52272,1,14.4,0,1,0
22.95462,1,14.4,0,1,0
20.68989,1,14.4,0,1,0
16.01804,1,14.4,0,1,0
14.69877,1,14.4,0,1,0
7.66986,1,14.4,0,1,0
6.31855,1,14.4,0,1,0
7.29831,1,14.4,0,1,0
7.88154,1,14.4,0,1,0
11.18338,1,14.4,0,1,0
6.76461,1,14.4,0,1,0
7.05859,1,14.4,0,1,0
10.26597,1,14.4,0,1,0
24.249,1,14.4,0,1,0
15.44927,1,14.4,0,1,0
13.39499,1,14.4,0,1,0
11.12751,1,14.4,0,1,0
11.03874,1,14.4,0,1,0
7.69899,1,14.4,0,1,0
8.79886,1,14.4,0,1,0
15.29279,1,14.4,0,1,0
10.97962,1,14.4,0,1,0
11.4966,1,14.4,0,1,0
8.42114,1,14.4,0,1,0
8.81017,1,14.4,0,1,0
4.09283,1,14.4,0,1,0
6.42828,1,14.4,0,1,0
5.85348,1,14.4,0,1,0
8.21173,1,14.4,0,1,0
3.84533,1,14.4,0,1,0
4.10636,1,14.4,0,1,0
3.5036,1,14.4,0,1,0
1.75879,1,14.4,0,1,0
2.21974,1,14.4,0,1,0
3.03749,1,14.4,0,1,0
12.00036,1,14.4,0,1,0
14.3342,1,14.4,0,1,0
19.38931,1,14.4,0,1,0
11.82683,1,14.4,0,1,0
8.92236,1,14.4,0,1,0
3.32267,1,14.4,0,1,0
7.50184,1,14.4,0,1,0
9.01914,1,14.4,0,1,0
11.61633,1,14.4,0,1,0
8.52747,1,14.4,0,1,0
12.67018,1,14.4,0,1,0
8.32033,1,14.4,0,1,0
8.70307,1,14.4,0,1,0
16.11782,1,14.4,0,1,0
15.80489,1,14.4,0,1,0
17.30428,1,14.4,0,1,0
8.48169,1,14.4,0,1,0
21.00153,1,14.4,0,1,0
12.80523,1,14.4,0,1,0
15.95033,1,14.4,0,1,0
10.15565,1,14.4,0,1,0
7.14848,1,14.4,0,1,0
6.92085,1,14.4,0,1,0
9.36184,1,14.4,0,1,0
17.88453,1,14.4,0,1,0
24.831,1,14.4,0,1,0
25.87395,1,14.4,0,1,0
23.21124,1,14.4,0,1,0
21.79472,1,14.4,0,1,0
12.60651,1,14.4,0,1,0
7.85753,1,14.4,0,1,0
9.17113,1,14.4,0,1,0
7.63461,1,14.4,0,1,0
7.42481,1,14.4,0,1,0
7.47482,1,14.4,0,1,0
11.69366,1,14.4,0,1,0
14.80394,1,14.4,0,1,0
10.25473,1,14.4,0,1,0
7.46085,1,14.4,0,1,0
8.4533,1,14.4,0,1,0
12.81687,1,14.4,0,1,0
17.13794,1,14.4,0,1,0
9.39306,1,14.4,0,1,0
4.96219,1,14.4,0,1,0
9.77966,1,14.4,0,1,0
7.14924,1,14.4,0,1,0
8.97823,1,14.4,0,1,0
7.77528,1,14.4,0,1,0
8.67071,1,14.4,0,1,0
12.47701,1,14.4,0,1,0
13.94317,1,14.4,0,1,0
18.91234,1,14.4,0,1,0
18.62627,1,14.4,0,1,0
23.1001,1,14.4,0,1,0
19.17656,1,14.4,0,1,0
19.7019,1,14.4,0,1,0
27.10379,1,14.4,0,1,0
23.19244,1,14.4,0,1,0
26.46248,1,14.4,0,1,0
30.10792,1,14.4,0,1,0
39.68673,1,14.4,0,1,0
39.48805,1,14.4,0,1,0
22.69955,1,14.4,0,1,0
31.31119,1,14.4,0,1,0
26.86206,1,14.4,0,1,0
20.76964,1,14.4,0,1,0
12.40155,1,14.4,0,1,0
25.08643,1,14.4,0,1,0
10.95784,1,14.4,0,1,0
7.8955,1,14.4,0,1,0
6.56573,1,14.4,0,1,0
9.73744,1,14.4,0,1,0
11.36774,1,14.4,0,1,0
18.52133,1,14.4,0,1,0
25.8721,1,14.4,0,1,0
31.19826,1,14.4,0,1,0
19.02438,1,14.4,0,1,0
12.18573,1,14.4,0,1,0
24.16164,1,14.4,0,1,0
10.18732,1,14.4,0,1,0
14.35368,1,14.4,0,1,0
19.193,1,14.4,0,1,0
18.24452,1,14.4,0,1,0
23.80017,1,14.4,0,1,0
21.17573,1,14.4,0,1,0
15.57809,1,14.4,0,1,0
19.30245,1,14.4,0,1,0
15.45044,1,14.4,0,1,0
11.40964,1,14.4,0,1,0
8.10034,1,14.4,0,1,0
7.99033,1,14.4,0,1,0
5.31606,1,14.4,0,1,0
5.98952,1,14.4,0,1,0
6.37918,1,14.4,0,1,0
14.73427,1,14.4,0,1,0
26.79183,1,14.4,0,1,0
37.05631,1,14.4,0,1,0
44.01344,1,14.4,0,1,0
43.28337,1,14.4,0,1,0
31.06848,1,14.4,0,1,0
31.81531,1,14.4,0,1,0
28.51514,1,14.4,0,1,0
30.2871,1,14.4,0,1,0
33.35856,1,14.4,0,1,0
35.9234,1,14.4,0,1,0
34.90338,1,14.4,0,1,0
39.29582,1,14.4,0,1,0
48.47667,1,14.4,0,1,0
42.03174,1,14.4,0,1,0
34.58496,1,14.4,0,1,0
26.74114,1,14.4,0,1,0
33.92442,1,14.4,0,1,0
25.77158,1,14.4,0,1,0
12.21773,1,14.4,0,1,0
13.37728,1,14.4,0,1,0
9.47279,1,14.4,0,1,0
9.18244,1,14.4,0,1,0
11.53611,1,14.4,0,1,0
15.37496,1,14.4,0,1,0
15.49515,1,14.4,0,1,0
27.09532,1,14.4,0,1,0
15.60135,1,14.4,0,1,0
19.68953,1,14.4,0,1,0
21.12763,1,14.4,0,1,0
21.70503,1,14.4,0,1,0
12.77552,1,2.2,0,1,0
10.62612,1,7.6,0,1,0
10.64543,1,-0.9,0,1,0
16.60979,1,4.5,0,1,0
25.20947,1,2.9,0,1,0
26.14899,1,7.8,0,1,0
21.50212,1,5.8,0,1,0
20.84045,1,5.8,0,1,0
19.70536,1,6.8,0,1,0
11.05611,1,3.9,0,1,0
7.82553,1,7.8,0,1,0
5.99161,1,7.8,0,1,0
4.80694,1,12.1,0,1,0
7.64523,1,12.1,0,1,0
8.62685,1,6.6,0,1,0
14.30341,1,1.9,0,1,0
19.74847,1,2.1,0,1,0
26.67212,1,0.2,0,1,0
28.4898,1,12.4,0,1,0
10.10482,1,10.4,0,1,0
9.37075,1,3.3,0,1,0
8.10945,1,9.7,0,1,0
6.91559,1,8.1,0,1,0
9.50569,1,10.8,0,1,0
9.45911,1,10.8,0,1,0
7.0182,1,10.8,0,1,0
9.27218,1,1.3,0,1,0
10.28024,1,3.5,0,1,0
15.78371,1,9.2,0,1,0
13.912,1,8.4,0,1,0
16.84798,1,7.1,0,1,0
17.64104,1,8.7,0,1,0
15.08491,1,10.2,0,1,0
18.66703,1,7.7,0,1,0
15.62616,1,8.6,0,1,0
13.40272,1,4.0,0,1,0
12.34667,1,9.4,0,1,0
10.89926,1,9.2,0,1,0
15.36556,1,7.4,0,1,0
23.5887,1,6.1,0,1,0
27.64816,1,10.0,0,1,0
25.10169,1,11.0,0,1,0
21.10295,1,6.2,0,1,0
25.86008,1,15.2,0,1,0
17.17842,1,-0.7,0,1,0
17.97443,1,1.0,0,1,0
13.66391,1,7.7,0,1,0
12.89383,1,3.9,0,1,0
10.78959,1,2.1,0,1,0
10.31452,1,10.3,0,1,0
15.11364,1,10.3,0,1,0
22.25333,1,2.6,0,1,0
29.20508,1,18.7,0,1,0
12.47274,1,4.9,0,1,0
6.20961,1,4.9,0,1,0
3.50026,1,4.9,0,1,0
3.44794,1,4.9,0,1,0
2.76404,1,4.9,0,1,0
2.39652,1,6.6,0,1,0
4.38852,1,-1.3,0,1,0
2.3497,1,4.6,0,1,0
10.20516,1,3.6,0,1,0
27.2673,1,1.2,0,1,0
40.4961,1,0.5,0,1,0
54.64231,1,12.4,0,1,0
46.44366,1,12.4,0,1,0
25.69594,1,12.4,0,1,0
23.75901,1,12.4,0,1,0
14.15262,1,4.1,0,1,0
9.2856,1,2.8,0,1,0
7.27665,1,13.4,0,1,0
18.36777,1,8.0,0,1,0
16.12933,1,6.6,0,1,0
8.774,1,13.5,0,1,0
11.48428,1,7.2,0,1,0
19.79656,1,9.3,0,1,0
26.16435,1,7.4,0,1,0
38.91472,1,9.9,0,1,0
34.03457,1,12.8,0,1,0
42.51944,1,6.6,0,1,0
39.52555,1,8.7,0,1,0
26.61277,1,10.5,0,1,0
24.51041,1,6.3,0,1,0
20.92624,1,3.0,0,1,0
27.99166,1,12.0,0,1,0
27.66496,1,10.6,0,1,0
23.07321,1,6.1,0,1,0
30.17907,1,15.7,0,1,0
35.16687,1,15.7,0,1,0
31.72548,1,15.7,0,1,0
29.49659,1,15.7,0,1,0
25.93757,1,15.7,0,1,0
27.22763,1,15.7,0,1,0
21.78398,1,15.7,0,1,0
22.9379,1,15.7,0,1,0
23.42805,1,15.7,0,1,0
20.61464,1,15.7,0,1,0
23.96762,1,15.7,0,1,0
24.215,1,18.4,0,1,0
40.50716,1,4.5,0,1,0
51.49028,1,13.8,0,1,0
46.60021,1,18.6,0,1,0
34.53082,1,13.3,0,1,0
55.70349,1,11.7,0,1,0
17.98941,1,7.8,0,1,0
10.49681,1,12.0,0,1,0
8.55597,1,10.2,0,1,0
17.43038,1,6.2,0,1,0
7.26459,1,3.0,0,1,0
3.39658,1,6.6,0,1,0
3.79188,1,14.6,0,1,0
4.50309,1,5.3,0,1,0
4.0786,1,10.3,0,1,0
4.95453,1,-0.5,0,1,0
9.19452,1,-0.5,0,1,0
12.70803,1,1.8,0,1,0
9.94594,1,11.1,0,1,0
11.15121,1,6.0,0,1,0
5.61854,1,8.6,0,1,0
20.16912,1,14.5,0,1,0
17.41649,1,12.9,0,1,0
30.79723,1,10.5,0,1,0
37.3724,1,6.6,0,1,0
32.60013,1,6.4,0,1,0
31.21728,1,3.7,0,1,0
28.30413,1,8.7,0,1,0
16.75414,1,10.7,0,1,0
13.67378,1,10.7,0,1,0
14.15553,1,9.0,0,1,0
13.48517,1,7.2,0,1,0
10.6503,1,15.2,0,1,0
11.26967,1,9.6,0,1,0
7.93704,1,9.7,0,1,0
11.31529,1,15.5,0,1,0
21.91507,1,8.0,0,1,0
36.56218,1,11.4,0,1,0
34.36571,1,11.1,0,1,0
31.46814,1,5.5,0,1,0
20.63719,1,4.5,0,1,0
10.96353,1,9.8,0,1,0
8.90109,1,9.8,0,1,0
12.388,1,7.4,0,1,0
7.63121,1,17.0,0,1,0
14.29487,1,8.8,0,1,0
18.00036,1,8.3,0,1,0
13.86081,1,9.4,0,1,0
9.81688,1,8.9,0,1,0
23.18041,1,6.6,0,1,0
22.64816,1,4.7,0,1,0
24.56535,1,10.3,0,1,0
12.54022,1,18.2,0,1,0
15.62841,1,10.5,0,1,0
20.43283,1,4.9,0,1,0
11.73611,1,10.4,0,1,0
14.77491,1,10.4,0,1,0
4.84427,1,10.4,0,1,0
7.08027,1,10.4,0,1,0
19.90807,1,10.4,0,1,0
7.11506,1,10.4,0,1,0
15.00453,1,10.4,0,1,0
35.04107,1,10.4,0,1,0
28.4175,1,10.4,0,1,0
16.12221,1,10.4,0,1,0
9.3863,1,9.5,0,1,0
13.7285,1,19.1,0,1,0
10.08003,1,5.1,0,1,0
13.60526,1,10.5,0,1,0
11.64696,1,9.9,0,1,0
11.47818,1,15.1,0,1,0
25.08159,1,7.7,0,1,0
27.64053,1,9.8,0,1,0
42.4623,1,15.0,0,1,0
41.46408,1,17.4,0,1,0
39.92629,1,17.1,0,1,0
45.80194,1,10.1,0,1,0
47.41495,1,11.5,0,1,0
44.35239,1,16.6,0,1,0
44.11706,1,18.0,0,1,0
38.71804,1,14.6,0,1,0
39.59034,1,6.9,0,1,0
35.44564,1,4.4,0,1,0
33.56202,1,13.0,0,1,0
35.58876,1,17.7,0,1,0
36.97809,1,14.3,0,1,0
55.783,1,20.8,0,1,0
48.65345,1,23.3,0,1,0
40.73762,1,12.6,0,1,0
35.98382,1,11.4,0,1,0
25.62459,1,15.6,0,1,0
19.61094,1,15.6,0,1,0
19.50372,1,13.2,0,1,0
28.02073,1,7.7,0,1,0
24.97145,1,4.0,0,1,0
22.59674,1,10.3,0,1,0
23.29084,1,8.9,0,1,0
23.05673,1,11.7,0,1,0
27.43579,1,10.8,0,1,0
33.58133,1,12.7,0,1,0
39.81565,1,13.2,0,1,0
33.38338,1,14.1,0,1,0
35.67078,1,13.2,0,1,0
30.64629,1,15.3,0,1,0
30.97056,1,12.1,0,1,0
30.80428,1,9.5,0,1,0
30.33497,1,11.8,0,1,0
27.89194,1,14.1,0,1,0
30.50531,1,20.4,0,1,0
44.02643,1,15.3,0,1,0
52.21658,1,18.3,0,1,0
44.39053,1,17.0,0,1,0
25.89619,1,14.3,0,1,0
25.94964,1,9.5,0,1,0
30.22425,1,12.8,0,1,0
26.44942,1,8.5,0,1,0
27.39952,1,8.0,0,1,0
27.89556,1,9.2,0,1,0
22.1068,1,10.8,0,1,0
20.25528,1,12.0,0,1,0
17.72436,1,12.3,0,1,0
45.4482,1,14.2,0,1,0
60.88939,1,11.6,0,1,0
56.53389,1,14.2,0,1,0
51.38076,1,16.6,0,1,0
54.16797,1,14.3,0,1,0
44.93394,1,12.3,0,1,0
38.094,1,12.8,0,1,0
28.85527,1,11.1,0,1,0
23.3408,1,12.2,0,1,0
24.47918,1,16.7,0,1,0
27.94512,1,20.6,0,1,0
36.32591,1,19.9,0,1,0
38.62756,1,22.2,0,1,0
39.98987,1,20.8,0,1,0
35.45074,1,25.7,0,1,0
35.48306,1,19.1,0,1,0
32.15233,1,20.6,0,1,0
33.30464,1,14.7,0,1,0
31.59164,1,11.4,0,1,0
26.69215,1,9.7,0,1,0
23.0739,1,14.9,0,1,0
28.71045,1,12.2,0,1,0
30.7858,1,17.2,0,1,0
34.36369,1,17.0,0,1,0
30.87257,1,18.3,0,1,0
28.11609,1,10.0,0,1,0
21.889,1,16.6,0,1,0
28.97417,1,13.2,0,1,0
22.16251,1,11.0,0,1,0
15.96951,1,12.3,0,1,0
18.3271,1,8.9,0,1,0
17.43988,1,13.1,0,1,0
15.44007,1,13.1,0,1,0
15.00702,1,10.8,0,1,0
17.98349,1,16.1,0,1,0
21.59035,1,16.3,0,1,0
27.41908,1,13.9,0,1,0
27.78489,1,19.3,0,1,0
27.42074,1,14.0,0,1,0
27.9181,1,17.5,0,1,0
26.81544,1,23.7,0,1,0
26.79879,1,16.0,0,1,0
27.29669,1,10.1,0,1,0
26.1997,1,21.6,0,1,0
25.30829,1,23.2,0,1,0
27.68424,1,15.6,0,1,0
23.09188,1,23.7,0,1,0
33.50399,1,24.2,0,1,0
39.33267,1,23.1,0,1,0
41.99179,1,22.1,0,1,0
36.91796,1,18.3,0,1,0
39.84396,1,19.5,0,1,0
48.98351,1,24.5,0,1,0
48.30734,1,23.6,0,1,0
39.06005,1,23.1,0,1,0
32.95112,1,23.0,0,1,0
31.09362,1,27.2,0,1,0
20.61801,1,22.7,0,1,0
21.28411,1,21.9,0,1,0
22.69174,1,18.6,0,1,0
23.28085,1,20.6,0,1,0
18.29803,1,21.7,0,1,0
23.82926,1,21.9,0,1,0
40.57249,1,20.9,0,1,0
54.11021,1,21.1,0,1,0
58.51217,1,21.7,0,1,0
44.91592,1,24.0,0,1,0
40.60195,1,25.1,0,1,0
35.58204,1,23.2,0,1,0
36.08815,1,30.8,0,1,0
39.10488,1,28.4,0,1,0
43.29876,1,32.6,0,1,0
31.23272,1,21.2,0,1,0
31.96881,1,20.2,0,1,0
25.77739,1,16.9,0,1,0
20.93852,1,9.8,0,1,0
17.26989,1,15.5,0,1,0
11.00566,1,11.5,0,1,0
11.61802,1,12.9,0,1,0
12.04636,1,11.3,0,1,0
11.51209,1,6.6,0,1,0
15.01275,1,7.6,0,1,0
16.1756,1,6.1,0,1,0
23.69114,1,8.1,0,1,0
31.97487,1,11.1,0,1,0
38.61088,1,14.7,0,1,0
31.39209,1,10.1,0,1,0
23.99929,1,4.9,0,1,0
20.65732,1,5.9,0,1,0
21.79751,1,7.8,0,1,0
22.79669,1,9.6,0,1,0
21.38102,1,11.1,0,1,0
20.52645,1,8.1,0,1,0
27.54121,1,10.3,0,1,0
29.74753,1,8.3,0,1,0
32.45607,1,11.6,0,1,0
20.71827,1,6.3,0,1,0
15.38689,1,2.6,0,1,0
12.21727,1,3.8,0,1,0
8.25824,1,4.1,0,1,0
9.19293,1,7.4,0,1,0
7.40964,1,4.0,0,1,0
6.50339,1,6.3,0,1,0
5.80237,1,8.6,0,1,0
5.46111,1,8.5,0,1,0
6.06726,1,9.2,0,1,0
9.46151,1,10.7,0,1,0
16.51828,1,12.1,0,1,0
24.71027,1,7.8,0,1,0
26.66089,1,8.6,0,1,0
27.69861,1,7.5,0,1,0
25.73481,1,10.4,0,1,0
26.67282,1,8.7,0,1,0
44.49656,1,7.5,0,1,0
35.46916,1,2.3,0,1,0
16.26479,1,1.5,0,1,0
22.74411,1,3.6,0,1,0
29.14479,1,8.2,0,1,0
33.26755,1,6.0,0,1,0
23.45668,1,5.1,0,1,0
41.46264,1,7.2,0,1,0
33.92525,1,8.1,0,1,0
33.22854,1,9.1,0,1,0
30.41478,1,10.3,0,1,0
23.64484,1,5.2,0,1,0
19.15184,1,6.4,0,1,0
17.86225,1,4.9,0,1,0
10.43874,1,6.7,0,1,0
9.95746,1,6.0,0,1,0
9.03291,1,2.6,0,1,0
12.36124,1,7.3,0,1,0
24.08123,1,5.7,0,1,0
34.24802,1,4.2,0,1,0
40.98575,1,6.7,0,1,0
39.71931,1,10.4,0,1,0
37.05926,1,8.0,0,1,0
36.49512,1,8.0,0,1,0
28.84292,1,12.1,0,1,0
28.84292,1,3.3,0,1,0
36.57179,1,8.9,0,1,0
37.84556,1,8.9,0,1,0
41.20528,1,11.5,0,1,0
34.89875,1,11.5,0,1,0
45.65444,1,11.5,0,1,0
43.00969,1,11.5,0,1,0
30.62583,1,11.5,0,1,0
39.05146,1,11.5,0,1,0
37.3664,1,11.5,0,1,0
36.6394,1,11.5,0,1,0
33.77988,1,11.5,0,1,0
32.08263,1,11.5,0,1,0
17.13176,1,11.5,0,1,0
14.71445,1,11.5,0,1,0
13.80422,1,11.5,0,1,0
11.32324,1,11.5,0,1,0
13.8385,1,11.5,0,1,0
23.23491,1,11.5,0,1,0
30.3729,1,11.5,0,1,0
29.67673,1,11.5,0,1,0
19.6227,1,11.5,0,1,0
21.56014,1,11.5,0,1,0
14.16361,1,11.5,0,1,0
15.02192,1,11.5,0,1,0
15.09477,1,11.5,0,1,0
15.53515,1,11.5,0,1,0
21.70666,1,11.5,0,1,0
33.38282,1,11.5,0,1,0
31.92388,1,11.5,0,1,0
28.17883,1,11.5,0,1,0
23.71852,1,11.5,0,1,0
17.91191,1,11.5,0,1,0
14.98055,1,11.5,0,1,0
10.93725,1,11.5,0,1,0
8.48772,1,11.5,0,1,0
8.92035,1,11.5,0,1,0
7.14451,1,11.5,0,1,0
6.39396,1,11.5,0,1,0
6.8536,1,11.5,0,1,0
7.53973,1,11.5,0,1,0
16.65801,1,11.5,0,1,0
28.10361,1,11.5,0,1,0
29.07491,1,11.5,0,1,0
24.17301,1,11.5,0,1,0
20.62484,1,11.5,0,1,0
21.1007,1,11.5,0,1,0
24.05654,1,11.5,0,1,0
18.9582,1,11.5,0,1,0
22.71565,1,11.5,0,1,0
17.60986,1,11.5,0,1,0
14.96031,1,11.5,0,1,0
16.74848,1,11.5,0,1,0
19.06025,1,11.5,0,1,0
16.69696,1,11.5,0,1,0
14.42031,1,11.5,0,1,0
17.8334,1,11.5,0,1,0
16.76014,1,11.5,0,1,0
26.38339,1,11.5,0,1,0
18.77482,1,11.5,0,1,0
13.95937,1,11.5,0,1,0
9.76816,1,11.5,0,1,0
8.2598,1,11.5,0,1,0
7.38287,1,11.5,0,1,0
9.08609,1,11.5,0,1,0
12.91995,1,11.5,0,1,0
13.9582,1,11.5,0,1,0
16.85025,1,11.5,0,1,0
17.90321,1,11.5,0,1,0
11.25541,1,11.5,0,1,0
8.03865,1,11.5,0,1,0
9.14669,1,11.5,0,1,0
8.99131,1,11.5,0,1,0
7.33516,1,11.5,0,1,0
9.77658,1,11.5,0,1,0
12.11081,1,1.0,0,1,0
19.77907,1,3.7,0,1,0
22.42929,1,3.7,0,1,0
28.51111,1,4.2,0,1,0
41.40935,1,4.9,0,1,0
34.61471,1,7.0,0,1,0
31.0005,1,8.4,0,1,0
22.46247,1,3.4,0,1,0
19.40573,1,2.1,0,1,0
14.76857,1,5.8,0,1,0
13.26988,1,2.5,0,1,0
12.33663,1,2.5,0,1,0
8.48028,1,1.3,0,1,0
7.51738,1,0.6,0,1,0
9.75903,1,-0.6,0,1,0
18.4237,1,1.4,0,1,0
24.16514,1,2.2,0,1,0
30.65708,1,2.8,0,1,0
26.03207,1,0.1,0,1,0
30.53793,1,1.8,0,1,0
28.69718,1,0.1,0,1,0
33.45913,1,0.1,0,1,0
24.0471,1,0.1,0,1,0
15.82016,1,0.1,0,1,0
9.47961,1,0.1,0,1,0
12.00392,1,0.1,0,1,0
11.21021,1,0.1,0,1,0
13.09806,1,0.1,0,1,0
9.89434,1,0.1,0,1,0
13.5508,1,0.1,0,1,0
5.94513,1,0.1,0,1,0
6.81217,1,0.1,0,1,0
5.27139,1,0.1,0,1,0
5.56979,1,0.1,0,1,0
12.94823,1,0.1,0,1,0
11.06506,1,0.1,0,1,0
6.40256,1,0.1,0,1,0
21.71895,1,0.1,0,1,0
39.92845,1,2.9,0,1,0
55.5848,1,5.0,0,1,0
29.0505,1,1.2,0,1,0
37.03224,1,5.9,0,1,0
30.05106,1,5.2,0,1,0
20.95487,1,0.5,0,1,0
33.24039,1,-0.1,0,1,0
26.97533,1,2.5,0,1,0
34.57446,1,3.8,0,1,0
48.75875,1,6.1,0,1,0
49.15869,1,7.8,0,1,0
60.31124,1,4.3,0,1,0
52.60004,1,9.6,0,1,0
44.65079,1,9.0,0,1,0
35.98906,1,4.5,0,1,0
37.38094,1,2.1,0,1,0
24.35086,1,3.0,0,1,0
16.22888,1,-0.2,0,1,0
12.82067,1,-0.2,0,1,0
10.56232,1,-0.2,0,1,0
6.17039,1,-0.2,0,1,0
5.10269,1,-0.2,0,1,0
6.42478,1,-0.2,0,1,0
19.39781,1,-0.2,0,1,0
35.43655,1,0.0,0,1,0
46.74805,1,0.3,0,1,0
47.44963,1,5.0,0,1,0
40.65678,1,1.2,0,1,0
40.69873,1,0.0,0,1,0
35.54372,1,1.3,0,1,0
36.61884,1,4.9,0,1,0
35.95037,1,0.3,0,1,0
35.41549,1,1.9,0,1,0
32.3161,1,2.5,0,1,0
37.86827,1,5.0,0,1,0
37.56344,1,2.8,0,1,0
40.5547,1,3.7,0,1,0
32.55478,1,4.5,0,1,0
23.56138,1,0.9,0,1,0
16.24203,1,2.2,0,1,0
17.43587,1,2.2,0,1,0
17.88391,1,5.0,0,1,0
14.13244,1,5.0,0,1,0
9.44263,1,5.0,0,1,0
7.65258,1,5.0,0,1,0
6.32569,1,5.0,0,1,0
10.0113,1,5.0,0,1,0
21.98354,1,5.0,0,1,0
38.63888,1,5.0,0,1,0
34.58158,1,5.0,0,1,0
17.85166,1,5.0,0,1,0
14.68603,1,5.0,0,1,0
10.03579,1,5.0,0,1,0
6.33141,1,5.0,0,1,0
6.02936,1,5.0,0,1,0
4.98633,1,5.0,0,1,0
6.18911,1,5.0,0,1,0
13.73576,1,1.4,0,1,0
16.78275,1,1.8,0,1,0
28.81802,1,9.3,0,1,0
33.88404,1,2.5,0,1,0
30.52458,1,7.2,0,1,0
27.56387,1,8.7,0,1,0
29.60419,1,1.0,0,1,0
30.37569,1,5.8,0,1,0
22.42638,1,8.8,0,1,0
31.78066,1,4.7,0,1,0
26.95822,1,0.2,0,1,0
19.14302,1,4.9,0,1,0
22.97319,1,5.0,0,1,0
22.7164,1,4.7,0,1,0
28.71578,1,9.0,0,1,0
42.03962,1,11.4,0,1,0
37.69976,1,11.8,0,1,0
46.30922,1,8.1,0,1,0
36.16925,1,5.1,0,1,0
31.91391,1,8.3,0,1,0
34.39894,1,16.8,0,1,0
51.49857,1,11.4,0,1,0
37.29565,1,7.4,0,1,0
39.48347,1,14.6,0,1,0
35.33044,1,16.7,0,1,0
33.50553,1,14.2,0,1,0
32.65241,1,9.4,0,1,0
30.51789,1,17.1,0,1,0
27.88684,1,12.3,0,1,0
25.73191,1,15.4,0,1,0
21.79055,1,16.3,0,1,0
16.41936,1,14.4,0,1,0
14.08111,1,9.2,0,1,0
10.38894,1,7.1,0,1,0
8.12059,1,6.3,0,1,0
10.28504,1,9.2,0,1,0
12.64409,1,8.1,0,1,0
18.55665,1,11.2,0,1,0
33.66353,1,12.8,0,1,0
59.6094,1,11.0,0,1,0
47.93981,1,13.0,0,1,0
36.69248,1,7.6,0,1,0
43.09244,1,14.9,0,1,0
28.75719,1,10.0,0,1,0
15.36881,1,8.5,0,1,0
15.27303,1,4.8,0,1,0
27.78415,1,4.8,0,1,0
38.78805,1,6.2,0,1,0
42.42047,1,7.2,0,1,0
52.27094,1,11.3,0,1,0
44.54071,1,13.6,0,1,0
60.96736,1,14.0,0,1,0
56.04999,1,17.1,0,1,0
45.04327,1,12.6,0,1,0
35.07828,1,15.4,0,1,0
36.03114,1,12.7,0,1,0
24.35532,1,15.2,0,1,0
31.58784,1,15.6,0,1,0
15.40624,1,15.7,0,1,0
22.10943,1,16.3,0,1,0
23.72843,1,15.6,0,1,0
19.53253,1,13.6,0,1,0
20.97998,1,25.1,0,1,0
22.54218,1,12.7,0,1,0
22.03746,1,10.8,0,1,0
23.0411,1,17.4,0,1,0
45.09312,1,18.4,0,1,0
40.11168,1,13.8,0,1,0
31.55523,1,10.0,0,1,0
35.36898,1,13.1,0,1,0
20.5086,1,11.7,0,1,0
24.49316,1,11.9,0,1,0
28.97987,1,13.5,0,1,0
34.04242,1,15.0,0,1,0
33.37633,1,14.0,0,1,0
30.48268,1,15.0,0,1,0
21.39513,1,12.7,0,1,0
16.59001,1,12.7,0,1,0
15.43001,1,14.8,0,1,0
15.35215,1,8.9,0,1,0
13.31248,1,12.9,0,1,0
12.47478,1,12.9,0,1,0
10.65347,1,12.9,0,1,0
9.79513,1,12.9,0,1,0
7.8686,1,12.9,0,1,0
7.54026,1,12.9,0,1,0
9.19878,1,12.9,0,1,0
11.00108,1,12.9,0,1,0
18.11538,1,12.9,0,1,0
31.55981,1,12.9,0,1,0
16.58934,1,12.9,0,1,0
14.71042,1,12.9,0,1,0
11.69072,1,12.9,0,1,0
21.98444,1,12.9,0,1,0
32.39861,1,12.9,0,1,0
33.18113,1,12.9,0,1,0
36.76369,1,12.9,0,1,0
39.78717,1,12.9,0,1,0
45.34823,1,12.9,0,1,0
34.90864,1,12.9,0,1,0
27.88981,1,12.9,0,1,0
22.41716,1,12.9,0,1,0
22.79217,1,12.9,0,1,0
26.62407,1,12.9,0,1,0
21.625,1,12.9,0,1,0
12.72225,1,12.9,0,1,0
10.36423,1,12.9,0,1,0
10.40499,1,12.9,0,1,0
11.73448,1,12.9,0,1,0
15.01293,1,12.9,0,1,0
22.21529,1,12.9,0,1,0
24.9179,1,12.9,0,1,0
28.28742,1,12.9,0,1,0
24.27585,1,12.9,0,1,0
20.91799,1,12.9,0,1,0
18.44222,1,12.9,0,1,0
22.40961,1,12.9,0,1,0
19.14234,1,12.9,0,1,0
23.64844,1,12.9,0,1,0
27.54072,1,12.9,0,1,0
30.13311,1,12.9,0,1,0
30.28589,1,12.9,0,1,0
30.75931,1,12.9,0,1,0
39.48071,1,12.9,0,1,0
38.63489,1,12.9,0,1,0
38.53024,1,12.9,0,1,0
32.74699,1,12.9,0,1,0
29.14845,1,12.9,0,1,0
33.02414,1,12.9,0,1,0
38.24756,1,12.9,0,1,0
16.50717,1,12.9,0,1,0
13.20774,1,12.9,0,1,0
12.35555,1,12.9,0,1,0
13.51655,1,12.9,0,1,0
28.82372,1,12.9,0,1,0
48.83623,1,12.9,0,1,0
46.97981,1,12.9,0,1,0
36.11254,1,12.9,0,1,0
24.64563,1,12.9,0,1,0
20.06101,1,12.9,0,1,0
12.33424,1,12.9,0,1,0
9.99582,1,12.9,0,1,0
13.31959,1,12.9,0,1,0
15.30098,1,12.9,0,1,0
15.57719,1,12.9,0,1,0
14.56017,1,12.9,0,1,0
16.89757,1,12.9,0,1,0
21.23817,1,12.9,0,1,0
25.85779,1,12.9,0,1,0
23.67861,1,12.9,0,1,0
17.07053,1,12.9,0,1,0
15.62893,1,12.9,0,1,0
11.48329,1,12.9,0,1,0
8.81649,1,12.9,0,1,0
6.77952,1,12.9,0,1,0
6.69433,1,12.9,0,1,0
7.94581,1,12.9,0,1,0
9.15187,1,12.9,0,1,0
17.05742,1,12.9,0,1,0
38.50462,1,12.9,0,1,0
33.15487,1,12.9,0,1,0
31.46402,1,12.9,0,1,0
23.9037,1,12.9,0,1,0
20.14939,1,12.9,0,1,0
19.39411,1,12.9,0,1,0
15.75857,1,12.9,0,1,0
18.56064,1,12.9,0,1,0
16.14587,1,12.9,0,1,0
17.77251,1,12.9,0,1,0
28.26778,1,12.9,0,1,0
41.58334,1,12.9,0,1,0
35.09064,1,12.9,0,1,0
28.22365,1,12.9,0,1,0
25.07623,1,12.9,0,1,0
19.84784,1,12.9,0,1,0
21.19502,1,12.9,0,1,0
18.73827,1,12.9,0,1,0
16.4931,1,12.9,0,1,0
10.4126,1,12.9,0,1,0
8.23328,1,12.9,0,1,0
8.63084,1,12.9,0,1,0
8.84632,1,12.9,0,1,0
24.36889,1,12.9,0,1,0
46.60029,1,12.9,0,1,0
23.17692,1,12.9,0,1,0
14.8479,1,12.9,0,1,0
14.39848,1,12.9,0,1,0
13.44466,1,12.9,0,1,0
27.79841,1,12.9,0,1,0
28.44019,1,12.9,0,1,0
19.52632,1,12.9,0,1,0
21.11328,1,12.9,0,1,0
22.76845,1,12.9,0,1,0
26.03297,1,12.9,0,1,0
29.0111,1,12.9,0,1,0
36.37195,1,12.9,0,1,0
21.65299,1,12.9,0,1,0
16.90781,1,12.9,0,1,0
14.1301,1,12.9,0,1,0
11.88762,1,12.9,0,1,0
7.59409,1,12.9,0,1,0
12.01949,1,12.9,0,1,0
4.33836,1,12.9,0,1,0
6.30782,1,12.9,0,1,0
12.46692,1,12.9,0,1,0
23.84289,1,12.9,0,1,0
52.74642,1,12.9,0,1,0
61.93675,1,12.9,0,1,0
47.94287,1,12.9,0,1,0
54.36133,1,12.9,0,1,0
45.98338,1,12.9,0,1,0
24.87511,1,12.9,0,1,0
21.82788,1,12.9,0,1,0
20.63049,1,12.9,0,1,0
15.381,1,12.9,0,1,0
16.80807,1,12.9,0,1,0
29.7754,1,12.9,0,1,0
33.41582,1,12.9,0,1,0
25.9939,1,12.9,0,1,0
21.67735,1,12.9,0,1,0
24.39299,1,12.9,0,1,0
27.10584,1,12.9,0,1,0
23.14483,1,12.9,0,1,0
21.95814,1,12.9,0,1,0
22.74453,1,12.9,0,1,0
14.44152,1,12.9,0,1,0
13.82115,1,12.9,0,1,0
12.09055,1,12.9,0,1,0
17.0594,1,12.9,0,1,0
33.10443,1,12.9,0,1,0
33.65581,1,12.9,0,1,0
37.8408,1,12.9,0,1,0
38.8559,1,12.9,0,1,0
26.1907,1,12.9,0,1,0
27.07725,1,12.9,0,1,0
24.17719,1,12.9,0,1,0
24.79133,1,12.9,0,1,0
20.87266,1,12.9,0,1,0
21.57959,1,12.9,0,1,0
32.46292,1,12.9,0,1,0
55.19982,1,12.9,0,1,0
51.14955,1,12.9,0,1,0
41.6768,1,12.9,0,1,0
40.52376,1,12.9,0,1,0
51.24031,1,12.9,0,1,0
44.38075,1,12.9,0,1,0
35.89991,1,12.9,0,1,0
27.23417,1,12.9,0,1,0
25.03059,1,12.9,0,1,0
18.24155,1,12.9,0,1,0
15.00764,1,12.9,0,1,0
11.29403,1,12.9,0,1,0
10.43016,1,12.9,0,1,0
11.6874,1,12.9,0,1,0
19.82617,1,12.9,0,1,0
21.72463,1,12.9,0,1,0
25.67873,1,12.9,0,1,0
37.58856,1,12.9,0,1,0
46.87817,1,12.9,0,1,0
38.25143,1,12.9,0,1,0
19.81395,1,12.9,0,1,0
22.9821,1,12.9,0,1,0
20.28991,1,12.9,0,1,0
30.61039,1,12.9,0,1,0
33.84044,1,12.9,0,1,0
19.1365,1,12.9,0,1,0
35.2867,1,12.9,0,1,0
17.275,1,12.9,0,1,0
12.30738,1,12.9,0,1,0
9.38989,1,12.9,0,1,0
11.99862,1,12.9,0,1,0
18.25314,1,12.9,0,1,0
15.40361,1,12.9,0,1,0
14.76208,1,12.9,0,1,0
13.83258,1,12.9,0,1,0
15.56939,1,12.9,0,1,0
23.69415,1,12.9,0,1,0
39.20687,1,12.9,0,1,0
44.70275,1,12.9,0,1,0
40.3948,1,12.9,0,1,0
45.3019,1,12.9,0,1,0
37.82106,1,12.9,0,1,0
33.05509,1,12.9,0,1,0
31.3032,1,12.9,0,1,0
43.45669,1,12.9,0,1,0
37.45447,1,12.9,0,1,0
36.25247,1,12.9,0,1,0
53.63155,1,12.9,0,1,0
51.62753,1,12.9,0,1,0
44.41974,1,12.9,0,1,0
42.81266,1,12.9,0,1,0
28.70609,1,12.9,0,1,0
27.21218,1,12.9,0,1,0
20.42286,1,12.9,0,1,0
28.45995,1,12.9,0,1,0
21.18015,1,12.9,0,1,0
10.10836,1,12.9,0,1,0
5.30263,1,12.9,0,1,0
6.65037,1,12.9,0,1,0
8.18837,1,12.9,0,1,0
5.47816,1,12.9,0,1,0
9.07221,1,12.9,0,1,0
17.49837,1,12.9,0,1,0
16.90341,1,12.9,0,1,0
22.18752,1,12.9,0,1,0
18.85278,1,12.9,0,1,0
16.82083,1,12.9,0,1,0
15.02848,1,12.9,0,1,0
27.77468,1,12.9,0,1,0
42.71879,1,12.9,0,1,0
50.06884,1,12.9,0,1,0
46.39096,1,12.9,0,1,0
44.47429,1,12.9,0,1,0
47.1354,1,12.9,0,1,0
55.62813,1,12.9,0,1,0
56.06659,1,12.9,0,1,0
47.46014,1,12.9,0,1,0
33.58034,1,12.9,0,1,0
21.48697,1,12.9,0,1,0
15.8041,1,12.9,0,1,0
15.06501,1,12.9,0,1,0
24.05019,1,12.9,0,1,0
17.24159,1,12.9,0,1,0
12.56891,1,12.9,0,1,0
16.76491,1,12.9,0,1,0
23.35018,1,12.9,0,1,0
25.68165,1,12.9,0,1,0
26.93022,1,12.9,0,1,0
32.18324,1,12.9,0,1,0
27.6732,1,12.9,0,1,0
30.84957,1,12.9,0,1,0
24.75064,1,12.9,0,1,0
16.03643,1,12.9,0,1,0
10.11364,1,12.9,0,1,0
9.75713,1,12.9,0,1,0
15.36435,1,12.9,0,1,0
18.36073,1,12.9,0,1,0
34.78822,1,12.9,0,1,0
43.39022,1,12.9,0,1,0
47.70319,1,12.9,0,1,0
59.1463,1,12.9,0,1,0
53.57349,1,12.9,0,1,0
46.91965,1,12.9,0,1,0
40.95644,1,12.9,0,1,0
31.59181,1,12.9,0,1,0
29.37227,1,12.9,0,1,0
32.66693,1,12.9,0,1,0
34.19409,1,12.9,0,1,0
33.07329,1,12.9,0,1,0
36.81051,1,12.9,0,1,0
41.73499,1,12.9,0,1,0
45.39904,1,12.9,0,1,0
40.82653,1,12.9,0,1,0
38.13799,1,12.9,0,1,0
35.19117,1,12.9,0,1,0
28.70428,1,12.9,0,1,0
32.68516,1,12.9,0,1,0
28.6192,1,12.9,0,1,0
33.58636,1,12.9,0,1,0
35.88548,1,12.9,0,1,0
36.72691,1,12.9,0,1,0
35.77754,1,12.9,0,1,0
30.1592,1,12.9,0,1,0
27.9845,1,12.9,0,1,0
21.75037,1,12.9,0,1,0
15.53875,1,12.9,0,1,0
11.9588,1,12.9,0,1,0
11.69854,1,12.9,0,1,0
9.33624,1,12.9,0,1,0
9.24162,1,12.9,0,1,0
10.46226,1,12.9,0,1,0
14.81218,1,12.9,0,1,0
22.57165,1,12.9,0,1,0
29.25445,1,12.9,0,1,0
43.28491,1,12.9,0,1,0
47.00045,1,12.9,0,1,0
39.15218,1,12.9,0,1,0
37.23795,1,12.9,0,1,0
28.08954,1,12.9,0,1,0
24.20661,1,12.9,0,1,0
23.74525,1,12.9,0,1,0
31.47575,1,12.9,0,1,0
35.07618,1,12.9,0,1,0
49.20494,1,12.9,0,1,0
55.02583,1,12.9,0,1,0
48.83957,1,12.9,0,1,0
40.66949,1,12.9,0,1,0
33.05529,1,12.9,0,1,0
24.93794,1,12.9,0,1,0
22.8126,1,12.9,0,1,0
22.65216,1,12.9,0,1,0
16.83829,1,12.9,0,1,0
12.95038,1,12.9,0,1,0
21.64857,1,12.9,0,1,0
25.16932,1,12.9,0,1,0
21.4211,1,12.9,0,1,0
25.30173,1,12.9,0,1,0
35.0675,1,12.9,0,1,0
42.02138,1,12.9,0,1,0
40.80288,1,12.9,0,1,0
36.99538,1,12.9,0,1,0
30.53787,1,12.9,0,1,0
18.42709,1,12.9,0,1,0
18.39617,1,12.9,0,1,0
22.69722,1,12.9,0,1,0
20.39685,1,12.9,0,1,0
24.98962,1,12.9,0,1,0
27.03079,1,12.9,0,1,0
11.61996,1,12.9,0,1,0
15.05457,1,12.9,0,1,0
10.28112,1,12.9,0,1,0
8.45438,1,12.9,0,1,0
6.68636,1,12.9,0,1,0
9.66438,1,12.9,0,1,0
5.14057,1,12.9,0,1,0
3.69688,1,12.9,0,1,0
5.20668,1,12.9,0,1,0
4.2838,1,12.9,0,1,0
2.63492,1,12.9,0,1,0
2.00146,1,12.9,0,1,0
2.15486,1,12.9,0,1,0
4.8945,1,12.9,0,1,0
7.40285,1,12.9,0,1,0
7.52568,1,12.9,0,1,0
7.91958,1,12.9,0,1,0
6.0349,1,12.9,0,1,0
7.90102,1,12.9,0,1,0
7.1172,1,12.9,0,1,0
10.07325,1,12.9,0,1,0
23.34464,1,12.9,0,1,0
30.98257,1,12.9,0,1,0
35.54376,1,12.9,0,1,0
26.35039,1,12.9,0,1,0
32.61395,1,12.9,0,1,0
11.62605,1,12.9,0,1,0
15.02742,1,12.9,0,1,0
23.80543,1,12.9,0,1,0
26.74426,1,12.9,0,1,0
11.83854,1,12.9,0,1,0
28.081,1,12.9,0,1,0
15.57347,1,12.9,0,1,0
11.28146,1,12.9,0,1,0
11.94288,1,12.9,0,1,0
22.49619,1,12.9,0,1,0
50.54757,1,12.9,0,1,0
19.59831,1,12.9,0,1,0
18.11479,1,12.9,0,1,0
28.08145,1,12.9,0,1,0
16.81885,1,12.9,0,1,0
28.08377,1,12.9,0,1,0
27.54067,1,12.9,0,1,0
22.28233,1,12.9,0,1,0
16.09091,1,12.9,0,1,0
24.23658,1,12.9,0,1,0
25.78702,1,12.9,0,1,0
27.57637,1,12.9,0,1,0
42.17853,1,12.9,0,1,0
61.97725,1,12.9,0,1,0
68.09739,1,12.9,0,1,0
59.22208,1,12.9,0,1,0
48.11104,1,12.9,0,1,0
41.52096,1,12.9,0,1,0
27.86592,1,12.9,0,1,0
18.10872,1,12.9,0,1,0
21.73625,1,12.9,0,1,0
26.23879,1,12.9,0,1,0
27.61509,1,12.9,0,1,0
28.13676,1,12.9,0,1,0
32.22736,1,12.9,0,1,0
45.42603,1,12.9,0,1,0
47.35208,1,12.9,0,1,0
52.02375,1,12.9,0,1,0
55.05657,1,12.9,0,1,0
49.2128,1,12.9,0,1,0
43.90532,1,12.9,0,1,0
36.94208,1,12.9,0,1,0
30.07878,1,12.9,0,1,0
33.04864,1,12.9,0,1,0
41.84558,1,12.9,0,1,0
55.66678,1,12.9,0,1,0
49.61268,1,12.9,0,1,0
43.46357,1,12.9,0,1,0
43.52748,1,12.9,0,1,0
40.76611,1,12.9,0,1,0
35.81386,1,12.9,0,1,0
28.068,1,12.9,0,1,0
25.63194,1,12.9,0,1,0
25.80254,1,12.9,0,1,0
22.73401,1,12.9,0,1,0
21.99336,1,12.9,0,1,0
24.89435,1,12.9,0,1,0
24.89887,1,12.9,0,1,0
38.14342,1,12.9,0,1,0
41.85833,1,12.9,0,1,0
48.53651,1,12.9,0,1,0
54.52294,1,12.9,0,1,0
40.37642,1,12.9,0,1,0
37.60157,1,12.9,0,1,0
34.52773,1,12.9,0,1,0
25.30837,1,12.9,0,1,0
27.46582,1,12.9,0,1,0
29.11717,1,12.9,0,1,0
27.57097,1,12.9,0,1,0
44.46024,1,12.9,0,1,0
59.81067,1,12.9,0,1,0
69.57643,1,12.9,0,1,0
64.52325,1,12.9,0,1,0
51.65733,1,12.9,0,1,0
36.17598,1,12.9,0,1,0
28.87097,1,12.9,0,1,0
23.64686,1,12.9,0,1,0
21.33805,1,12.9,0,1,0
19.47596,1,12.9,0,1,0
21.61198,1,12.9,0,1,0
19.68908,1,12.9,0,1,0
25.37382,1,12.9,0,1,0
39.71287,1,12.9,0,1,0
48.68243,1,12.9,0,1,0
47.76141,1,12.9,0,1,0
46.95836,1,12.9,0,1,0
43.4837,1,12.9,0,1,0
46.03799,1,12.9,0,1,0
43.91133,1,12.9,0,1,0
52.99854,1,12.9,0,1,0
56.32296,1,12.9,0,1,0
56.52136,1,12.9,0,1,0
53.12585,1,12.9,0,1,0
48.6538,1,12.9,0,1,0
48.99801,1,12.9,0,1,0
47.96111,1,12.9,0,1,0
49.95937,1,12.9,0,1,0
43.05684,1,12.9,0,1,0
38.44434,1,12.9,0,1,0
31.58327,1,12.9,0,1,0
23.85688,1,12.9,0,1,0
12.1907,1,12.9,0,1,0
19.43021,1,12.9,0,1,0
13.98492,1,12.9,0,1,0
16.06408,1,12.9,0,1,0
24.5181,1,12.9,0,1,0
38.40436,1,12.9,0,1,0
57.78461,1,12.9,0,1,0
60.18305,1,12.9,0,1,0
60.27715,1,12.9,0,1,0
56.30119,1,12.9,0,1,0
41.03186,1,12.9,0,1,0
37.94227,1,12.9,0,1,0
39.79172,1,12.9,0,1,0
39.90712,1,12.9,0,1,0
41.38202,1,12.9,0,1,0
54.88373,1,12.9,0,1,0
58.18085,1,12.9,0,1,0
43.64774,1,12.9,0,1,0
22.91823,1,12.9,0,1,0
16.99643,1,12.9,0,1,0
17.00447,1,12.9,0,1,0
17.13763,1,12.9,0,1,0
11.13457,1,12.9,0,1,0
10.0702,1,12.9,0,1,0
9.2436,1,12.9,0,1,0
5.14593,1,12.9,0,1,0
7.80419,1,12.9,0,1,0
13.3645,1,12.9,0,1,0
16.84569,1,12.9,0,1,0
24.08938,1,12.9,0,1,0
14.75528,1,12.9,0,1,0
16.55215,1,12.9,0,1,0
22.57868,1,12.9,0,1,0
16.22856,1,12.9,0,1,0
15.58494,1,12.9,0,1,0
16.28649,1,12.9,0,1,0
16.94152,1,12.9,0,1,0
19.3256,1,12.9,0,1,0
27.65659,1,12.9,0,1,0
38.94252,1,12.9,0,1,0
42.98833,1,12.9,0,1,0
53.77986,1,12.9,0,1,0
40.86172,1,12.9,0,1,0
32.99006,1,12.9,0,1,0
18.1415,1,12.9,0,1,0
21.05201,1,12.9,0,1,0
40.25751,1,12.9,0,1,0
13.95308,1,12.9,0,1,0
5.0743,1,12.9,0,1,0
11.08845,1,12.9,0,1,0
6.48006,1,12.9,0,1,0
7.35586,1,12.9,0,1,0
2.47264,1,12.9,0,1,0
2.31241,1,12.9,0,1,0
2.95122,1,12.9,0,1,0
5.57596,1,12.9,0,1,0
10.39596,1,12.9,0,1,0
10.10312,1,12.9,0,1,0
9.32492,1,12.9,0,1,0
9.89983,1,12.9,0,1,0
9.95934,1,12.9,0,1,0
9.48151,1,12.9,0,1,0
9.50269,1,12.9,0,1,0
9.01986,1,12.9,0,1,0
15.92589,1,12.9,0,1,0
35.84284,1,12.9,0,1,0
41.27455,1,12.9,0,1,0
17.46005,1,12.9,0,1,0
30.73087,1,12.9,0,1,0
27.29924,1,12.9,0,1,0
42.0866,1,12.9,0,1,0
43.21021,1,12.9,0,1,0
30.02352,1,12.9,0,1,0
24.86104,1,12.9,0,1,0
30.24629,1,12.9,0,1,0
34.96413,1,12.9,0,1,0
19.72382,1,12.9,0,1,0
16.79217,1,12.9,0,1,0
19.11304,1,12.9,0,1,0
23.56446,1,12.9,0,1,0
17.49824,1,12.9,0,1,0
18.36903,1,12.9,0,1,0
23.12542,1,12.9,0,1,0
19.43329,1,12.9,0,1,0
17.67895,1,12.9,0,1,0
32.20665,1,12.9,0,1,0
40.38696,1,12.9,0,1,0
43.09003,1,12.9,0,1,0
57.14111,1,12.9,0,1,0
66.7575,1,12.9,0,1,0
63.02996,1,12.9,0,1,0
63.49902,1,12.9,0,1,0
60.84885,1,12.9,0,1,0
45.99556,1,12.9,0,1,0
41.84231,1,12.9,0,1,0
37.13804,1,12.9,0,1,0
32.36578,1,12.9,0,1,0
19.16604,1,12.9,0,1,0
18.52277,1,12.9,0,1,0
12.17812,1,12.9,0,1,0
20.51349,1,12.9,0,1,0
29.17732,1,12.9,0,1,0
38.52699,1,12.9,0,1,0
40.73133,1,12.9,0,1,0
40.837,1,12.9,0,1,0
42.72206,1,12.9,0,1,0
46.35329,1,12.9,0,1,0
51.80672,1,12.9,0,1,0
51.6839,1,12.9,0,1,0
54.13429,1,12.9,0,1,0
54.91469,1,12.9,0,1,0
69.00746,1,12.9,0,1,0
70.95075,1,12.9,0,1,0
67.47638,1,12.9,0,1,0
58.25673,1,12.9,0,1,0
58.07386,1,12.9,0,1,0
53.22669,1,12.9,0,1,0
53.78839,1,12.9,0,1,0
49.32874,1,12.9,0,1,0
38.02956,1,12.9,0,1,0
12.58055,1,12.9,0,1,0
13.022,1,12.9,0,1,0
32.89039,1,12.9,0,1,0
11.29042,1,12.9,0,1,0
18.96349,1,12.9,0,1,0
45.06078,1,12.9,0,1,0
70.28259,1,12.9,0,1,0
65.79409,1,12.9,0,0,1
61.03131,1,8.4,0,0,1
46.46858,1,8.7,0,0,1
32.58444,1,9.8,0,0,1
22.9757,1,9.7,0,0,1
26.9645,1,14.0,0,0,1
28.18442,1,17.3,0,0,1
51.20296,1,19.2,0,0,1
67.64595,1,19.6,0,0,1
70.25684,1,20.2,0,0,1
66.35253,1,18.1,0,0,1
64.45799,1,21.1,0,0,1
61.2989,1,18.2,0,0,1
49.62163,1,16.5,0,0,1
44.1784,1,17.6,0,0,1
34.78575,1,14.1,0,0,1
27.33925,1,11.5,0,0,1
22.86933,1,11.1,0,0,1
18.38043,1,11.6,0,0,1
22.3239,1,10.3,0,0,1
17.34123,1,12.4,0,0,1
42.46917,1,14.0,0,0,1
61.11566,1,16.0,0,0,1
91.85705,1,23.5,0,0,1
64.37489,1,19.8,0,0,1
53.59546,1,26.0,0,0,1
39.94578,1,20.2,0,0,1
32.19272,1,22.3,0,0,1
29.8301,1,24.0,0,0,1
28.19672,1,17.3,0,0,1
28.71077,1,20.3,0,0,1
35.09367,1,20.3,0,0,1
52.09994,1,24.1,0,0,1
50.01172,1,23.7,0,0,1
43.22746,1,24.3,0,0,1
36.99957,1,25.2,0,0,1
30.60758,1,24.9,0,0,1
27.91216,1,26.0,0,0,1
26.47596,1,25.1,0,0,1
24.97881,1,24.7,0,0,1
20.37153,1,25.3,0,0,1
16.02791,1,26.4,0,0,1
14.63064,1,26.0,0,0,1
14.6721,1,25.8,0,0,1
16.69596,1,25.2,0,0,1
20.22933,1,24.0,0,0,1
27.71287,1,21.3,0,0,1
32.19109,1,16.8,0,0,1
27.70171,1,12.4,0,0,1
25.67723,1,12.8,0,0,1
27.41525,1,13.4,0,0,1
31.88583,1,10.8,0,0,1
26.74814,1,8.8,0,0,1
27.64668,1,10.2,0,0,1
32.38763,1,12.3,0,0,1
34.77331,1,11.7,0,0,1
38.63714,1,11.3,0,0,1
39.88394,1,13.7,0,0,1
45.17819,1,15.5,0,0,1
33.78916,1,14.9,0,0,1
30.68024,1,16.1,0,0,1
21.57093,1,14.3,0,0,1
17.52976,1,14.3,0,0,1
14.05908,1,10.9,0,0,1
11.16449,1,10.4,0,0,1
13.01255,1,9.7,0,0,1
12.90049,1,8.6,0,0,1
8.94571,1,6.3,0,0,1
5.14233,1,5.4,0,0,1
8.48742,1,6.8,0,0,1
10.3343,1,6.4,0,0,1
18.41143,1,10.5,0,0,1
18.20967,1,11.7,0,0,1
13.26157,1,10.2,0,0,1
16.99316,1,13.6,0,0,1
29.16577,1,15.9,0,0,1
42.98267,1,16.2,0,0,1
42.07212,1,13.1,0,0,1
32.96183,1,9.8,0,0,1
21.33654,1,9.8,0,0,1
16.02102,1,8.8,0,0,1
28.79975,1,22.9,0,0,1
29.19012,1,23.2,0,0,1
29.49973,1,20.8,0,0,1
26.23595,1,25.2,0,0,1
24.2503,1,19.9,0,0,1
22.0907,1,22.3,0,0,1
25.46006,1,18.1,0,0,1
20.27162,1,17.6,0,0,1
15.17813,1,18.1,0,0,1
13.68615,1,22.4,0,0,1
10.6811,1,14.5,0,0,1
9.02481,1,12.8,0,0,1
11.28673,1,12.0,0,0,1
13.78949,1,16.4,0,0,1
22.72584,1,19.9,0,0,1
25.53195,1,19.5,0,0,1
25.13369,1,13.9,0,0,1
31.68111,1,14.7,0,0,1
36.68688,1,13.4,0,0,1
37.64268,1,14.1,0,0,1
37.27045,1,16.0,0,0,1
36.24927,1,15.5,0,0,1
34.49697,1,16.7,0,0,1
41.27937,1,20.5,0,0,1
44.49449,1,25.2,0,0,1
52.07548,1,26.3,0,0,1
43.35276,1,28.2,0,0,1
36.12897,1,29.4,0,0,1
34.33902,1,29.9,0,0,1
29.92864,1,30.0,0,0,1
23.95686,1,27.7,0,0,1
22.74776,1,27.6,0,0,1
22.67412,1,27.4,0,0,1
21.41412,1,25.7,0,0,1
18.02974,1,27.9,0,0,1
21.78629,1,26.5,0,0,1
27.7413,1,27.0,0,0,1
32.24542,1,24.1,0,0,1
45.41084,1,26.2,0,0,1
44.22393,1,22.7,0,0,1
48.38818,1,18.5,0,0,1
45.61323,1,16.9,0,0,1
36.8134,1,13.8,0,0,1
34.61985,1,10.4,0,0,1
40.34168,1,13.9,0,0,1
49.91586,1,17.0,0,0,1
53.85663,1,20.8,0,0,1
60.01437,1,22.7,0,0,1
50.57287,1,17.5,0,0,1
45.52743,1,15.7,0,0,1
37.92195,1,14.6,0,0,1
37.18923,1,14.3,0,0,1
32.6662,1,10.9,0,0,1
30.11875,1,8.4,0,0,1
17.20416,1,7.3,0,0,1
17.50694,1,3.5,0,0,1
6.59227,1,1.6,0,0,1
5.32265,1,1.6,0,0,1
10.49968,1,2.4,0,0,1
8.12187,1,2.7,0,0,1
33.56878,1,9.1,0,0,1
36.78644,1,8.7,0,0,1
27.88683,1,6.1,0,0,1
33.55535,1,4.0,0,0,1
25.72152,1,4.3,0,0,1
25.05517,1,7.1,0,0,1
22.2819,1,8.2,0,0,1
25.6402,1,4.3,0,0,1
26.67962,1,8.1,0,0,1
35.19015,1,10.2,0,0,1
31.87171,1,12.4,0,0,1
43.79998,1,12.5,0,0,1
40.15748,1,24.3,0,0,1
41.3986,1,63.0,0,0,1
24.04034,1,17.3,0,0,1
20.7825,1,22.9,0,0,1
16.42113,1,21.0,0,0,1
30.96203,1,22.9,0,0,1
17.23941,1,18.8,0,0,1
14.45722,1,19.3,0,0,1
6.73417,1,14.5,0,0,1
8.2992,1,13.4,0,0,1
14.92412,1,12.7,0,0,1
21.79747,1,10.3,0,0,1
24.60365,1,12.5,0,0,1
29.30143,1,14.6,0,0,1
51.3117,1,18.1,0,0,1
45.35065,1,16.9,0,0,1
45.64733,1,17.2,0,0,1
48.47965,1,23.0,0,0,1
47.58273,1,23.2,0,0,1
46.89045,1,20.3,0,0,1
41.59378,1,21.4,0,0,1
43.57431,1,17.8,0,0,1
50.66301,1,17.7,0,0,1
47.69524,1,16.7,0,0,1
46.47536,1,17.3,0,0,1
45.47699,1,19.7,0,0,1
37.78718,1,20.1,0,0,1
31.38577,1,20.4,0,0,1
26.22285,1,23.1,0,0,1
22.01322,1,19.5,0,0,1
21.02795,1,18.2,0,0,1
21.00766,1,19.7,0,0,1
15.804,1,17.1,0,0,1
16.8174,1,14.8,0,0,1
18.83588,1,13.3,0,0,1
12.77559,1,10.9,0,0,1
13.38531,1,12.2,0,0,1
32.90186,1,11.3,0,0,1
46.90723,1,7.3,0,0,1
42.92256,1,7.3,0,0,1
41.9279,1,7.0,0,0,1
37.41342,1,9.1,0,0,1
35.7079,1,9.2,0,0,1
41.04509,1,12.5,0,0,1
31.93219,1,14.3,0,0,1
39.20163,1,16.7,0,0,1
36.7128,1,10.5,0,0,1
42.07692,1,8.9,0,0,1
33.43479,1,8.8,0,0,1
30.49144,1,9.4,0,0,1
28.91522,1,8.3,0,0,1
23.02143,1,7.5,0,0,1
19.03725,1,8.1,0,0,1
24.95991,1,9.8,0,0,1
17.0258,1,6.8,0,0,1
11.77138,1,4.9,0,0,1
12.57191,1,5.2,0,0,1
9.15183,1,4.6,0,0,1
10.43098,1,5.8,0,0,1
14.52735,1,5.3,0,0,1
17.76481,1,3.3,0,0,1
11.6509,1,3.2,0,0,1
13.71635,1,4.2,0,0,1
17.49362,1,5.0,0,0,1
14.04942,1,3.9,0,0,1
13.8723,1,3.3,0,0,1
15.00474,1,4.6,0,0,1
15.85322,1,3.9,0,0,1
16.5398,1,6.7,0,0,1
16.33986,1,4.9,0,0,1
20.12576,1,4.3,0,0,1
20.34725,1,1.6,0,0,1
22.98525,1,6.4,0,0,1
23.71431,1,6.1,0,0,1
29.74931,1,9.4,0,0,1
27.02122,1,8.8,0,0,1
26.24905,1,8.3,0,0,1
32.53743,1,11.5,0,0,1
17.58945,1,8.2,0,0,1
25.14762,1,8.8,0,0,1
11.18847,1,8.2,0,0,1
14.48742,1,8.1,0,0,1
27.36517,1,10.4,0,0,1
27.203,1,9.8,0,0,1
32.16331,1,13.4,0,0,1
35.37214,1,10.9,0,0,1
42.46604,1,14.5,0,0,1
57.63435,1,11.7,0,0,1
61.6203,1,15.0,0,0,1
55.46212,1,15.1,0,0,1
57.67371,1,16.7,0,0,1
49.10816,1,17.3,0,0,1
41.01817,1,14.5,0,0,1
50.72476,1,13.0,0,0,1
49.30932,1,17.5,0,0,1
62.33918,1,18.7,0,0,1
62.76625,1,18.5,0,0,1
51.21216,1,16.3,0,0,1
49.67262,1,16.2,0,0,1
36.39725,1,16.7,0,0,1
44.27981,1,13.7,0,0,1
35.71648,1,10.4,0,0,1
44.05666,1,6.2,0,0,1
31.74928,1,7.4,0,0,1
8.30998,1,4.0,0,0,1
5.72717,1,4.2,0,0,1
5.21431,1,6.7,0,0,1
6.49543,1,10.3,0,0,1
7.29413,1,5.4,0,0,1
7.28535,1,4.1,0,0,1
9.1504,1,4.0,0,0,1
13.34136,1,4.4,0,0,1
17.47453,1,3.8,0,0,1
13.77318,1,5.6,0,0,1
14.81563,1,4.8,0,0,1
36.77982,1,10.2,0,0,1
31.92504,1,17.8,0,0,1
37.80332,1,15.2,0,0,1
39.07625,1,11.8,0,0,1
69.08446,1,21.2,0,0,1
75.3008,1,30.3,0,0,1
58.29393,1,20.1,0,0,1
38.85797,1,18.3,0,0,1
30.8752,1,19.1,0,0,1
28.16368,1,17.0,0,0,1
25.692,1,17.9,0,0,1
19.71037,1,16.1,0,0,1
16.82342,1,15.7,0,0,1
17.27044,1,14.7,0,0,1
13.72345,1,12.1,0,0,1
10.74465,1,12.4,0,0,1
10.79306,1,10.9,0,0,1
13.77956,1,7.9,0,0,1
27.87309,1,9.9,0,0,1
44.65256,1,9.4,0,0,1
44.88243,1,8.2,0,0,1
29.28876,1,7.2,0,0,1
19.63896,1,11.2,0,0,1
25.21155,1,11.2,0,0,1
16.02511,1,9.8,0,0,1
9.88169,1,9.8,0,0,1
13.64408,1,7.8,0,0,1
15.55637,1,8.3,0,0,1
15.47229,1,5.7,0,0,1
19.3783,1,8.2,0,0,1
11.36167,1,4.9,0,0,1
10.08022,1,5.7,0,0,1
8.14253,1,4.8,0,0,1
6.83551,1,3.5,0,0,1
8.52872,1,6.0,0,0,1
4.63667,1,6.8,0,0,1
5.11515,1,4.7,0,0,1
3.30995,1,4.7,0,0,1
3.3929,1,9.9,0,0,1
4.72276,1,8.9,0,0,1
3.76902,1,8.3,0,0,1
3.47128,1,8.1,0,0,1
7.67802,1,6.2,0,0,1
14.68019,1,3.5,0,0,1
30.56374,1,3.9,0,0,1
31.45518,1,3.7,0,0,1
17.69227,1,2.9,0,0,1
15.33089,1,2.3,0,0,1
13.08783,1,2.1,0,0,1
13.35421,1,0.8,0,0,1
9.84555,1,1.9,0,0,1
9.84555,1,3.8,0,0,1
13.01998,1,0.4,0,0,1
13.18955,1,2.6,0,0,1
10.11951,1,2.1,0,0,1
9.54631,1,2.5,0,0,1
10.24741,1,3.5,0,0,1
7.69566,1,2.7,0,0,1
6.80969,1,3.4,0,0,1
7.99954,1,2.5,0,0,1
6.72962,1,3.3,0,0,1
5.92187,1,4.3,0,0,1
9.36785,1,3.7,0,0,1
9.12358,1,5.6,0,0,1
13.86426,1,5.2,0,0,1
25.82783,1,4.8,0,0,1
37.89433,1,8.1,0,0,1
61.5478,1,12.5,0,0,1
60.99258,1,11.8,0,0,1
53.08465,1,9.7,0,0,1
47.0459,1,9.4,0,0,1
38.20588,1,12.8,0,0,1
49.62843,1,13.1,0,0,1
51.21586,1,16.4,0,0,1
52.64996,1,16.1,0,0,1
57.37921,1,16.1,0,0,1
56.96258,1,13.1,0,0,1
54.96147,1,15.7,0,0,1
55.93769,1,17.3,0,0,1
54.02606,1,18.8,0,0,1
50.99965,1,17.3,0,0,1
45.334,1,15.7,0,0,1
45.73426,1,16.8,0,0,1
36.36971,1,13.1,0,0,1
23.84542,1,9.2,0,0,1
18.16204,1,7.6,0,0,1
12.48938,1,6.3,0,0,1
11.60972,1,6.1,0,0,1
10.90025,1,3.7,0,0,1
19.32131,1,3.0,0,0,1
29.81124,1,3.0,0,0,1
40.86467,1,4.9,0,0,1
41.89826,1,5.1,0,0,1
35.88159,1,7.6,0,0,1
31.46825,1,3.9,0,0,1
31.83917,1,6.2,0,0,1
29.35387,1,16.5,0,0,1
31.64218,1,7.4,0,0,1
32.11714,1,6.7,0,0,1
32.98978,1,5.7,0,0,1
42.62096,1,3.8,0,0,1
39.77338,1,7.2,0,0,1
37.48526,1,4.7,0,0,1
36.6585,1,6.3,0,0,1
31.04698,1,4.9,0,0,1
27.0495,1,5.6,0,0,1
25.80997,1,3.6,0,0,1
40.79052,1,3.2,0,0,1
24.99757,1,3.7,0,0,1
23.34126,1,4.5,0,0,1
13.29723,1,4.0,0,0,1
18.96381,1,3.3,0,0,1
28.38559,1,4.7,0,0,1
20.81037,1,5.5,0,0,1
45.51395,1,5.9,0,0,1
39.10003,1,7.7,0,0,1
43.29126,1,6.1,0,0,1
39.24299,1,7.6,0,0,1
37.15792,1,7.6,0,0,1
32.68176,1,8.4,0,0,1
32.48202,1,9.9,0,0,1
34.82428,1,14.5,0,0,1
33.53638,1,13.8,0,0,1
34.28544,1,14.0,0,0,1
42.59056,1,12.3,0,0,1
41.84912,1,12.5,0,0,1
45.17585,1,11.8,0,0,1
45.61571,1,13.1,0,0,1
38.13679,1,12.4,0,0,1
33.23436,1,10.8,0,0,1
32.62214,1,11.8,0,0,1
35.19985,1,7.0,0,0,1
40.47415,1,7.3,0,0,1
20.4389,1,7.2,0,0,1
11.65566,1,6.5,0,0,1
22.75749,1,6.7,0,0,1
15.53334,1,5.3,0,0,1
22.45904,1,6.3,0,0,1
24.48547,1,6.8,0,0,1
19.6334,1,6.4,0,0,1
25.86856,1,8.9,0,0,1
27.86996,1,8.2,0,0,1
21.05302,1,6.8,0,0,1
20.09124,1,6.0,0,0,1
17.51792,1,8.3,0,0,1
16.79129,1,5.6,0,0,1
18.1782,1,6.9,0,0,1
22.59335,1,6.5,0,0,1
22.15806,1,6.3,0,0,1
23.74386,1,6.5,0,0,1
25.09708,1,9.1,0,0,1
24.83151,1,7.3,0,0,1
20.86111,1,7.4,0,0,1
17.12633,1,5.7,0,0,1
18.2375,1,5.1,0,0,1
12.77326,1,4.5,0,0,1
13.05902,1,8.0,0,0,1
11.95436,1,5.3,0,0,1
10.55513,1,4.3,0,0,1
6.75517,1,4.4,0,0,1
6.30202,1,3.4,0,0,1
4.25905,1,2.6,0,0,1
5.61085,1,4.0,0,0,1
15.32157,1,3.4,0,0,1
28.74327,1,4.1,0,0,1
37.83874,1,4.6,0,0,1
39.79455,1,5.1,0,0,1
31.19008,1,6.7,0,0,1
31.66977,1,7.3,0,0,1
32.95855,1,9.0,0,0,1
31.02589,1,4.8,0,0,1
27.90075,1,7.9,0,0,1
49.5123,1,10.5,0,0,1
39.84951,1,9.7,0,0,1
33.63741,1,11.1,0,0,1
24.90127,1,10.9,0,0,1
24.95886,1,10.9,0,0,1
26.83577,1,11.4,0,0,1
19.79763,1,9.5,0,0,1
15.55434,1,7.5,0,0,1
14.82442,1,8.4,0,0,1
12.57154,1,6.3,0,0,1
9.07577,1,5.1,0,0,1
9.7795,1,4.4,0,0,1
7.96996,1,6.7,0,0,1
10.34171,1,6.9,0,0,1
11.99764,1,5.5,0,0,1
17.01803,1,6.0,0,0,1
18.47244,1,5.4,0,0,1
19.35517,1,6.7,0,0,1
13.30606,1,6.3,0,0,1
14.47668,1,7.9,0,0,1
14.98113,1,5.8,0,0,1
13.30795,1,6.9,0,0,1
18.97533,1,9.1,0,0,1
18.91278,1,8.9,0,0,1
40.27598,1,8.2,0,0,1
56.48303,1,12.5,0,0,1
56.28403,1,15.3,0,0,1
52.41964,1,12.8,0,0,1
48.37087,1,13.0,0,0,1
42.83968,1,13.0,0,0,1
26.7839,1,10.8,0,0,1
29.49897,1,11.8,0,0,1
37.04907,1,11.1,0,0,1
24.58797,1,9.6,0,0,1
28.14327,1,8.8,0,0,1
24.77963,1,11.2,0,0,1
37.46274,1,8.7,0,0,1
38.39656,1,11.7,0,0,1
50.94534,1,16.0,0,0,1
71.85107,1,14.8,0,0,1
59.5684,1,16.4,0,0,1
62.24026,1,17.3,0,0,1
57.57423,1,19.2,0,0,1
52.09811,1,19.4,0,0,1
55.91545,1,22.4,0,0,1
57.42231,1,25.4,0,0,1
60.30945,1,27.3,0,0,1
57.32316,1,24.6,0,0,1
56.77813,1,25.8,0,0,1
56.13904,1,28.3,0,0,1
55.10765,1,27.3,0,0,1
52.48405,1,25.2,0,0,1
48.53299,1,24.4,0,0,1
44.08538,1,23.7,0,0,1
42.21187,1,22.7,0,0,1
42.986,1,23.4,0,0,1
37.62514,1,21.9,0,0,1
35.2382,1,21.0,0,0,1
34.1353,1,22.6,0,0,1
31.67826,1,22.9,0,0,1
28.43966,1,20.4,0,0,1
27.60562,1,20.0,0,0,1
32.70187,1,17.9,0,0,1
45.26375,1,21.9,0,0,1
41.99659,1,17.4,0,0,1
36.59309,1,16.7,0,0,1
34.79404,1,15.5,0,0,1
32.60772,1,15.6,0,0,1
34.00767,1,16.1,0,0,1
33.77162,1,18.6,0,0,1
35.46703,1,20.5,0,0,1
40.89679,1,16.9,0,0,1
51.60975,1,19.6,0,0,1
69.7673,1,24.8,0,0,1
59.92956,1,22.9,0,0,1
43.12975,1,16.8,0,0,1
32.97418,1,15.1,0,0,1
23.67059,1,14.4,0,0,1
21.32574,1,14.6,0,0,1
17.38041,1,16.4,0,0,1
14.89548,1,17.7,0,0,1
14.60346,1,18.9,0,0,1
14.77988,1,19.2,0,0,1
16.38678,1,19.8,0,0,1
22.90946,1,20.7,0,0,1
33.65512,1,22.6,0,0,1
49.74198,1,24.0,0,0,1
70.76321,1,26.5,0,0,1
65.86526,1,25.9,0,0,1
57.76024,1,22.1,0,0,1
39.40242,1,19.1,0,0,1
27.66602,1,18.5,0,0,1
33.17937,1,19.9,0,0,1
34.50838,1,20.7,0,0,1
35.89566,1,20.4,0,0,1
46.23808,1,21.3,0,0,1
53.07444,1,19.2,0,0,1
43.62241,1,23.2,0,0,1
50.10367,1,23.3,0,0,1
48.5062,1,19.6,0,0,1
46.91772,1,18.4,0,0,1
40.03547,1,16.3,0,0,1
32.19637,1,17.6,0,0,1
34.50482,1,16.4,0,0,1
20.89703,1,21.1,0,0,1
17.32468,1,22.0,0,0,1
16.76038,1,19.8,0,0,1
20.6067,1,22.2,0,0,1
19.65042,1,21.7,0,0,1
19.89153,1,23.6,0,0,1
29.65034,1,21.0,0,0,1
38.27655,1,19.7,0,0,1
33.03466,1,16.1,0,0,1
29.49309,1,14.8,0,0,1
28.91931,1,11.9,0,0,1
32.14745,1,11.7,0,0,1
33.35974,1,10.5,0,0,1
37.6333,1,10.4,0,0,1
44.20909,1,12.1,0,0,1
38.78535,1,11.1,0,0,1
40.99238,1,13.2,0,0,1
37.21479,1,11.4,0,0,1
35.9347,1,15.0,0,0,1
34.38392,1,14.1,0,0,1
33.60775,1,14.2,0,0,1
29.5359,1,15.2,0,0,1
23.77908,1,16.1,0,0,1
27.16805,1,13.7,0,0,1
25.7806,1,15.4,0,0,1
19.92742,1,17.1,0,0,1
17.03359,1,15.8,0,0,1
18.28437,1,16.5,0,0,1
15.64756,1,17.2,0,0,1
16.35375,1,18.0,0,0,1
19.99621,1,15.2,0,0,1
23.17377,1,13.8,0,0,1
30.35902,1,14.4,0,0,1
34.3406,1,10.8,0,0,1
30.76107,1,10.6,0,0,1
34.76497,1,16.9,0,0,1
37.3545,1,17.0,0,0,1
46.62486,1,22.5,0,0,1
42.04698,1,15.0,0,0,1
46.06408,1,15.7,0,0,1
46.30644,1,17.6,0,0,1
51.65395,1,25.4,0,0,1
42.57863,1,22.3,0,0,1
38.10827,1,21.0,0,0,1
41.76527,1,21.2,0,0,1
40.57277,1,21.1,0,0,1
35.89514,1,25.1,0,0,1
29.8043,1,17.5,0,0,1
21.16106,1,21.1,0,0,1
20.07535,1,22.0,0,0,1
18.63941,1,24.6,0,0,1
19.27104,1,22.8,0,0,1
15.96229,1,22.0,0,0,1
16.68401,1,23.0,0,0,1
24.59454,1,23.1,0,0,1
28.82799,1,24.5,0,0,1
29.66237,1,27.1,0,0,1
32.60202,1,28.4,0,0,1
33.92599,1,29.9,0,0,1
32.04501,1,29.5,0,0,1
29.05229,1,31.0,0,0,1
28.88808,1,31.3,0,0,1
34.49526,1,34.1,0,0,1
38.26951,1,35.6,0,0,1
38.93849,1,35.1,0,0,1
37.57366,1,38.2,0,0,1
35.87708,1,35.6,0,0,1
33.17838,1,34.9,0,0,1
30.91036,1,31.8,0,0,1
26.01634,1,30.2,0,0,1
26.86261,1,28.0,0,0,1
28.40552,1,26.0,0,0,1
29.27483,1,24.9,0,0,1
31.69095,1,23.5,0,0,1
29.85778,1,22.6,0,0,1
18.16086,1,18.1,0,0,1
9.20329,1,15.1,0,0,1
10.74306,1,17.2,0,0,1
24.58613,1,16.9,0,0,1
29.94265,1,15.1,0,0,1
31.44165,1,16.1,0,0,1
29.82137,1,17.3,0,0,1
31.69313,1,20.0,0,0,1
34.46283,1,19.2,0,0,1
31.38093,1,18.9,0,0,1
30.19951,1,17.3,0,0,1
32.21005,1,14.7,0,0,1
30.69096,1,13.9,0,0,1
34.32733,1,14.6,0,0,1
32.17261,1,13.0,0,0,1
32.08768,1,14.9,0,0,1
27.45982,1,15.6,0,0,1
26.69786,1,13.0,0,0,1
25.34137,1,14.5,0,0,1
23.44044,1,13.6,0,0,1
20.47628,1,14.6,0,0,1
17.50099,1,14.3,0,0,1
14.2682,1,15.4,0,0,1
14.10093,1,13.7,0,0,1
13.59011,1,13.5,0,0,1
15.93694,1,15.4,0,0,1
18.53082,1,15.8,0,0,1
27.3629,1,15.1,0,0,1
41.71161,1,11.9,0,0,1
33.61881,1,15.1,0,0,1
34.4369,1,13.8,0,0,1
34.34356,1,14.5,0,0,1
31.36075,1,12.5,0,0,1
26.04656,1,11.5,0,0,1
29.61293,1,11.4,0,0,1
39.41209,1,12.1,0,0,1
41.03501,1,10.6,0,0,1
46.93382,1,11.5,0,0,1
45.97451,1,13.1,0,0,1
53.01465,1,17.0,0,0,1
42.72524,1,19.3,0,0,1
48.29292,1,17.1,0,0,1
31.91807,1,16.5,0,0,1
39.94933,1,17.7,0,0,1
22.13654,1,15.6,0,0,1
20.18494,1,14.0,0,0,1
12.62003,1,14.1,0,0,1
13.28216,1,16.6,0,0,1
19.35257,1,16.3,0,0,1
22.10878,1,16.1,0,0,1
21.75288,1,16.6,0,0,1
36.44314,1,15.8,0,0,1
40.99173,1,14.3,0,0,1
41.28545,1,14.6,0,0,1
34.52572,1,14.3,0,0,1
32.06492,1,14.1,0,0,1
27.79568,1,14.4,0,0,1
23.77237,1,13.7,0,0,1
32.57,1,12.7,0,0,1
28.93104,1,10.7,0,0,1
33.96632,1,8.9,0,0,1
25.28606,1,7.4,0,0,1
16.63328,1,5.9,0,0,1
12.82652,1,5.5,0,0,1
12.94743,1,5.2,0,0,1
10.96569,1,4.6,0,0,1
8.3432,1,3.8,0,0,1
6.09073,1,2.5,0,0,1
6.95218,1,3.5,0,0,1
8.17389,1,3.9,0,0,1
5.22677,1,2.3,0,0,1
5.508,1,3.5,0,0,1
5.1462,1,2.3,0,0,1
7.89532,1,0.8,0,0,1
9.21787,1,2.3,0,0,1
13.09928,1,1.7,0,0,1
18.97345,1,1.4,0,0,1
17.98573,1,2.4,0,0,1
18.25382,1,1.4,0,0,1
21.98983,1,3.8,0,0,1
25.15367,1,5.7,0,0,1
28.69571,1,5.7,0,0,1
33.83292,1,5.8,0,0,1
32.98544,1,8.7,0,0,1
36.70704,1,6.4,0,0,1
50.66382,1,16.2,0,0,1
35.76749,1,8.1,0,0,1
38.57523,1,7.8,0,0,1
29.83643,1,9.7,0,0,1
30.10442,1,11.4,0,0,1
32.25075,1,9.5,0,0,1
21.82238,1,8.4,0,0,1
23.83642,1,9.2,0,0,1
15.70741,1,5.5,0,0,1
12.01202,1,4.6,0,0,1
8.57335,1,5.0,0,0,1
7.47937,1,3.3,0,0,1
9.62025,1,5.4,0,0,1
14.20826,1,3.0,0,0,1
16.96514,1,3.2,0,0,1
33.49187,1,5.6,0,0,1
39.20145,1,6.3,0,0,1
31.55083,1,5.7,0,0,1
21.36208,1,6.0,0,0,1
20.78088,1,5.2,0,0,1
17.54399,1,5.4,0,0,1
19.31861,1,6.2,0,0,1
33.14927,1,12.3,0,0,1
33.76154,1,8.1,0,0,1
56.28503,1,9.7,0,0,1
68.52474,1,13.4,0,0,1
59.24759,1,13.7,0,0,1
61.64086,1,16.2,0,0,1
56.52465,1,18.4,0,0,1
53.17201,1,21.2,0,0,1
52.084,1,19.8,0,0,1
44.65615,1,19.0,0,0,1
45.25561,1,16.6,0,0,1
40.56387,1,15.6,0,0,1
37.09659,1,15.6,0,0,1
35.75588,1,18.3,0,0,1
31.57087,1,15.4,0,0,1
34.66532,1,15.7,0,0,1
32.98163,1,16.1,0,0,1
32.12467,1,17.3,0,0,1
33.2512,1,15.5,0,0,1
34.5708,1,12.5,0,0,1
30.88836,1,11.4,0,0,1
31.94688,1,12.1,0,0,1
45.59324,1,17.0,0,0,1
53.45358,1,16.8,0,0,1
98.77474,1,17.8,0,0,1
68.37424,1,21.4,0,0,1
68.84821,1,24.2,0,0,1
59.71608,1,21.1,0,0,1
55.7375,1,24.6,0,0,1
53.66477,1,28.5,0,0,1
53.03311,1,28.7,0,0,1
48.05448,1,25.9,0,0,1
41.42334,1,20.8,0,0,1
38.27425,1,20.5,0,0,1
39.05797,1,19.9,0,0,1
38.18459,1,20.7,0,0,1
38.39683,1,21.1,0,0,1
33.41363,1,20.2,0,0,1
24.35658,1,17.5,0,0,1
24.38777,1,16.0,0,0,1
17.87315,1,13.5,0,0,1
29.94967,1,12.6,0,0,1
28.04112,1,11.2,0,0,1
23.9324,1,5.9,0,0,1
20.04365,1,7.0,0,0,1
14.08138,1,6.5,0,0,1
14.06129,1,6.1,0,0,1
14.33113,1,6.2,0,0,1
21.35915,1,8.3,0,0,1
29.96908,1,8.5,0,0,1
51.30825,1,11.1,0,0,1
56.04697,1,11.9,0,0,1
43.04995,1,12.8,0,0,1
34.7114,1,14.8,0,0,1
41.23838,1,12.5,0,0,1
40.12324,1,14.0,0,0,1
53.17799,1,14.5,0,0,1
49.42529,1,10.5,0,0,1
43.81072,1,8.6,0,0,1
21.2485,1,6.8,0,0,1
30.55716,1,8.2,0,0,1
22.60246,1,8.1,0,0,1
30.34679,1,5.8,0,0,1
27.40537,1,5.0,0,0,1
57.90188,1,6.4,0,0,1
92.68492,1,6.4,0,0,1
80.46467,1,7.6,0,0,1
65.79725,1,8.5,0,0,1
56.66822,1,8.8,0,0,1
49.89596,1,8.4,0,0,1
54.85902,1,10.5,0,0,1
37.72118,1,9.8,0,0,1
43.44013,1,12.5,0,0,1
69.97038,1,16.3,0,0,1
72.40979,1,16.9,0,0,1
49.42499,1,14.0,0,0,1
68.9162,1,19.1,0,0,1
81.53839,1,23.5,0,0,1
73.14935,1,18.9,0,0,1
71.84901,1,19.8,0,0,1
67.35666,1,17.6,0,0,1
64.45197,1,16.4,0,0,1
46.6256,1,11.4,0,0,1
8.49071,1,5.7,0,0,1
6.11925,1,6.2,0,0,1
5.67368,1,8.1,0,0,1
6.79468,1,9.8,0,0,1
13.23309,1,9.3,0,0,1
20.00876,1,8.6,0,0,1
53.95772,1,14.1,0,0,1
75.12425,1,12.6,0,0,1
75.75889,1,11.9,0,0,1
51.52193,1,10.0,0,0,1
27.57217,1,11.3,0,0,1
18.67802,1,10.6,0,0,1
20.61675,1,9.9,0,0,1
25.54804,1,16.8,0,0,1
34.97565,1,12.7,0,0,1
44.4652,1,16.8,0,0,1
60.01337,1,17.6,0,0,1
84.31874,1,22.4,0,0,1
73.57286,1,23.8,0,0,1
71.74792,1,25.3,0,0,1
70.37167,1,22.7,0,0,1
64.53228,1,22.8,0,0,1
69.68015,1,23.7,0,0,1
55.85495,1,22.1,0,0,1
54.58987,1,23.7,0,0,1
49.34954,1,21.5,0,0,1
46.64978,1,18.5,0,0,1
42.71316,1,17.8,0,0,1
40.33263,1,19.5,0,0,1
48.56113,1,19.5,0,0,1
67.34835,1,23.0,0,0,1
63.8817,1,20.6,0,0,1
57.72599,1,18.6,0,0,1
53.05367,1,18.3,0,0,1
52.04053,1,16.6,0,0,1
41.51741,1,15.8,0,0,1
45.50211,1,17.4,0,0,1
49.51783,1,16.6,0,0,1
50.46598,1,17.0,0,0,1
54.47335,1,16.4,0,0,1
59.53208,1,18.9,0,0,1
72.89679,1,24.4,0,0,1
74.11436,1,22.3,0,0,1
59.40179,1,20.2,0,0,1
53.59062,1,18.4,0,0,1
42.4273,1,17.6,0,0,1
37.1286,1,16.3,0,0,1
35.69113,1,19.5,0,0,1
24.72464,1,19.2,0,0,1
19.21029,1,15.1,0,0,1
18.16479,1,15.2,0,0,1
12.34574,1,13.1,0,0,1
15.39841,1,11.8,0,0,1
24.5642,1,11.2,0,0,1
37.78229,1,11.4,0,0,1
41.46015,1,12.3,0,0,1
45.19451,1,13.3,0,0,1
46.56602,1,12.0,0,0,1
38.63139,1,13.4,0,0,1
38.20593,1,16.3,0,0,1
36.9268,1,12.8,0,0,1
35.98901,1,8.7,0,0,1
33.11036,1,7.5,0,0,1
32.76504,1,7.9,0,0,1
27.79672,1,7.0,0,0,1
20.8954,1,6.3,0,0,1
16.22446,1,6.2,0,0,1
11.26606,1,7.6,0,0,1
12.89106,1,7.8,0,0,1
13.77399,1,4.5,0,0,1
11.9366,1,4.8,0,0,1
7.74437,1,5.0,0,0,1
6.23088,1,5.9,0,0,1
6.08003,1,5.0,0,0,1
6.21827,1,7.7,0,0,1
5.66159,1,6.9,0,0,1
7.79955,1,7.7,0,0,1
17.25153,1,6.3,0,0,1
37.24394,1,7.7,0,0,1
40.31284,1,6.9,0,0,1
31.01764,1,7.9,0,0,1
35.3593,1,8.3,0,0,1
20.31609,1,5.5,0,0,1
15.48047,1,8.3,0,0,1
19.21524,1,3.4,0,0,1
19.40974,1,6.5,0,0,1
22.25759,1,6.4,0,0,1
27.46222,1,3.5,0,0,1
22.86225,1,3.7,0,0,1
26.50083,1,6.1,0,0,1
21.01388,1,6.0,0,0,1
15.5077,1,5.6,0,0,1
12.21631,1,4.4,0,0,1
9.87102,1,5.9,0,0,1
14.92603,1,5.1,0,0,1
5.36021,1,5.6,0,0,1
4.75284,1,5.4,0,0,1
4.31027,1,4.3,0,0,1
5.8396,1,4.6,0,0,1
7.10636,1,4.2,0,0,1
9.23098,1,5.9,0,0,1
6.73681,1,5.6,0,0,1
14.31107,1,8.1,0,0,1
17.55733,1,10.2,0,0,1
30.27733,1,8.8,0,0,1
30.31625,1,5.8,0,0,1
32.60842,1,10.9,0,0,1
27.87589,1,12.3,0,0,1
35.28347,1,14.4,0,0,1
37.50462,1,11.8,0,0,1
33.12118,1,14.1,0,0,1
35.90299,1,12.7,0,0,1
37.56646,1,13.3,0,0,1
51.89336,1,15.9,0,0,1
31.47408,1,17.9,0,0,1
25.47298,1,20.9,0,0,1
18.10819,1,13.1,0,0,1
11.73969,1,10.4,0,0,1
10.44803,1,9.8,0,0,1
9.14889,1,11.6,0,0,1
9.05743,1,4.7,0,0,1
6.40059,1,3.5,0,0,1
4.14027,1,2.3,0,0,1
2.15182,1,7.3,0,0,1
1.90506,1,8.7,0,0,1
2.39658,1,8.1,0,0,1
5.26737,1,8.9,0,0,1
6.94623,1,13.9,0,0,1
8.63679,1,14.3,0,0,1
13.73392,1,5.9,0,0,1
15.10242,1,11.5,0,0,1
16.55136,1,12.4,0,0,1
13.25276,1,8.6,0,0,1
11.64209,1,11.0,0,0,1
12.93075,1,13.0,0,0,1
15.55949,1,10.1,0,0,1
22.3822,1,14.2,0,0,1
17.16152,1,12.0,0,0,1
15.10735,1,11.4,0,0,1
14.5182,1,12.3,0,0,1
10.97244,1,10.0,0,0,1
9.86729,1,9.6,0,0,1
12.70853,1,8.8,0,0,1
9.20713,1,5.7,0,0,1
16.01881,1,2.1,0,0,1
17.26656,1,5.8,0,0,1
7.53237,1,1.9,0,0,1
3.94766,1,-0.7,0,0,1
3.28298,1,-1.9,0,0,1
4.36474,1,0.7,0,0,1
6.10803,1,0.7,0,0,1
9.58848,1,4.5,0,0,1
13.32009,1,4.5,0,0,1
13.29403,1,6.2,0,0,1
10.41746,1,5.7,0,0,1
8.77995,1,4.1,0,0,1
10.67868,1,6.0,0,0,1
11.47036,1,9.1,0,0,1
20.30737,1,10.1,0,0,1
30.40752,1,6.5,0,0,1
25.76951,1,6.7,0,0,1
36.99931,1,8.3,0,0,1
62.41339,1,17.6,0,0,1
61.5971,1,20.3,0,0,1
62.43225,1,18.4,0,0,1
53.07371,1,19.1,0,0,1
58.68802,1,19.7,0,0,1
57.81859,1,18.9,0,0,1
46.13003,1,17.1,0,0,1
42.10328,1,18.2,0,0,1
30.56552,1,17.5,0,0,1
20.50855,1,14.3,0,0,1
20.47073,1,14.9,0,0,1
24.85349,1,16.7,0,0,1
27.78995,1,16.5,0,0,1
34.79113,1,16.3,0,0,1
28.7125,1,15.1,0,0,1
27.15736,1,15.2,0,0,1
25.33251,1,12.0,0,0,1
20.87325,1,12.7,0,0,1
20.95669,1,10.5,0,0,1
20.62196,1,9.4,0,0,1
20.46904,1,6.7,0,0,1
23.25499,1,5.2,0,0,1
19.49944,1,5.7,0,0,1
14.15202,1,2.9,0,0,1
19.22131,1,2.5,0,0,1
13.95244,1,2.7,0,0,1
10.60531,1,4.4,0,0,1
9.21684,1,8.8,0,0,1
10.29302,1,8.9,0,0,1
10.33199,1,11.4,0,0,1
7.59497,1,11.8,0,0,1
9.8179,1,11.4,0,0,1
9.3812,1,11.8,0,0,1
8.96187,1,11.3,0,0,1
15.34402,1,11.8,0,0,1
46.84589,1,13.9,0,0,1
67.17859,1,14.9,0,0,1
42.99245,1,12.6,0,0,1
38.11428,1,6.1,0,0,1
38.92563,1,9.8,0,0,1
38.19444,1,13.6,0,0,1
36.88014,1,13.1,0,0,1
50.84713,1,11.6,0,0,1
29.4712,1,7.3,0,0,1
42.49797,1,7.5,0,0,1
43.71905,1,8.1,0,0,1
61.3025,1,12.2,0,0,1
67.05979,1,15.6,0,0,1
76.29557,1,20.2,0,0,1
73.40984,1,14.4,0,0,1
59.56401,1,13.1,0,0,1
58.45795,1,12.6,0,0,1
47.64279,1,12.3,0,0,1
38.43278,1,11.6,0,0,1
24.03796,1,10.0,0,0,1
21.52036,1,11.2,0,0,1
29.00698,1,10.5,0,0,1
17.43351,1,8.9,0,0,1
19.17893,1,8.5,0,0,1
24.14498,1,10.2,0,0,1
38.09331,1,10.7,0,0,1
40.9265,1,12.4,0,0,1
42.52774,1,15.2,0,0,1
40.36344,1,15.0,0,0,1
35.28649,1,13.0,0,0,1
35.19528,1,12.7,0,0,1
40.13538,1,13.9,0,0,1
37.47505,1,11.8,0,0,1
42.96003,1,10.5,0,0,1
48.33924,1,14.1,0,0,1
54.6316,1,16.3,0,0,1
46.20579,1,13.9,0,0,1
47.86283,1,14.8,0,0,1
58.31938,1,15.6,0,0,1
71.58156,1,21.3,0,0,1
58.14857,1,14.9,0,0,1
37.96057,1,8.8,0,0,1
34.04624,1,8.5,0,0,1
22.42611,1,5.8,0,0,1
10.34863,1,6.7,0,0,1
8.93956,1,6.8,0,0,1
8.36493,1,6.7,0,0,1
10.94431,1,4.3,0,0,1
15.33229,1,5.2,0,0,1
31.44073,1,4.8,0,0,1
48.7171,1,4.7,0,0,1
62.90195,1,5.0,0,0,1
58.61166,1,6.0,0,0,1
30.20587,1,5.1,0,0,1
25.6875,1,4.7,0,0,1
25.2413,1,5.4,0,0,1
27.28545,1,7.1,0,0,1
37.35561,1,5.5,0,0,1
44.1811,1,7.1,0,0,1
51.53755,1,10.5,0,0,1
50.09503,1,12.7,0,0,1
37.51799,1,8.1,0,0,1
17.31564,1,3.9,0,0,1
17.50922,1,7.7,0,0,1
16.78359,1,10.5,0,0,1
23.80105,1,11.4,0,0,1
12.43598,1,9.5,0,0,1
12.92858,1,7.4,0,0,1
9.40392,1,6.8,0,0,1
7.6657,1,6.0,0,0,1
4.56592,1,5.1,0,0,1
3.3343,1,4.1,0,0,1
6.99071,1,3.9,0,0,1
13.2398,1,6.1,0,0,1
18.50267,1,8.6,0,0,1
22.06216,1,9.5,0,0,1
28.7179,1,12.3,0,0,1
22.02876,1,6.7,0,0,1
19.41514,1,4.4,0,0,1
22.99001,1,6.7,0,0,1
25.21033,1,7.9,0,0,1
22.6093,1,11.4,0,0,1
32.56009,1,12.6,0,0,1
32.65933,1,14.1,0,0,1
35.42351,1,16.5,0,0,1
39.27781,1,19.4,0,0,1
16.36408,1,12.3,0,0,1
20.62107,1,14.6,0,0,1
27.34293,1,13.7,0,0,1
22.18044,1,15.1,0,0,1
13.18135,1,12.0,0,0,1
18.02734,1,11.7,0,0,1
14.71455,1,8.9,0,0,1
6.7703,1,1.6,0,0,1
4.38034,1,1.9,0,0,1
3.27408,1,1.4,0,0,1
4.8866,1,0.4,0,0,1
11.7483,1,2.2,0,0,1
13.56159,1,0.3,0,0,1
19.70927,1,1.9,0,0,1
43.35682,1,3.6,0,0,1
38.26075,1,5.0,0,0,1
36.91475,1,3.5,0,0,1
38.613,1,6.2,0,0,1
48.84743,1,9.4,0,0,1
62.59631,1,8.6,0,0,1
47.50047,1,11.8,0,0,1
41.08225,1,10.4,0,0,1
29.34796,1,9.9,0,0,1
25.38159,1,8.0,0,0,1
25.07992,1,8.5,0,0,1
18.76913,1,6.7,0,0,1
14.12662,1,7.1,0,0,1
14.92732,1,8.3,0,0,1
14.11977,1,5.5,0,0,1
9.94921,1,4.9,0,0,1
10.55782,1,6.7,0,0,1
10.12308,1,7.2,0,0,1
9.63637,1,6.5,0,0,1
15.71372,1,4.8,0,0,1
19.9096,1,3.9,0,0,1
31.81563,1,2.1,0,0,1
32.0019,1,6.4,0,0,1
57.968,1,9.7,0,0,1
90.16649,1,14.0,0,0,1
70.56673,1,8.3,0,0,1
59.41067,1,8.7,0,0,1
42.21448,1,8.9,0,0,1
54.98224,1,13.6,0,0,1
79.07328,1,14.4,0,0,1
77.06457,1,19.9,0,0,1
68.83486,1,15.0,0,0,1
75.39747,1,21.5,0,0,1
74.7889,1,21.4,0,0,1
76.56942,1,24.3,0,0,1
70.20333,1,21.0,0,0,1
65.67943,1,20.1,0,0,1
61.21932,1,19.6,0,0,1
59.86983,1,19.6,0,0,1
52.43715,1,17.4,0,0,1
48.54034,1,22.2,0,0,1
43.94106,1,18.2,0,0,1
41.53993,1,16.9,0,0,1
42.57048,1,18.6,0,0,1
59.15324,1,21.7,0,0,1
65.30655,1,22.4,0,0,1
61.26625,1,24.4,0,0,1
63.64559,1,26.9,0,0,1
63.47108,1,25.8,0,0,1
70.08663,1,46.0,0,0,1
105.72552,1,39.1,0,0,1
65.5253,1,31.3,0,0,1
61.04273,1,29.1,0,0,1
67.20878,1,30.3,0,0,1
81.76529,1,35.6,0,0,1
74.38059,1,37.1,0,0,1
85.19278,1,34.5,0,0,1
88.71485,1,30.1,0,0,1
74.82385,1,23.8,0,0,1
71.26515,1,21.3,0,0,1
65.70097,1,19.9,0,0,1
67.45224,1,19.2,0,0,1
60.72552,1,22.6,0,0,1
49.82739,1,17.6,0,0,1
50.28345,1,19.1,0,0,1
46.38426,1,18.5,0,0,1
39.58137,1,18.4,0,0,1
41.99299,1,17.8,0,0,1
41.06354,1,16.8,0,0,1
52.34743,1,16.9,0,0,1
44.81217,1,11.0,0,0,1
39.44281,1,8.7,0,0,1
44.80677,1,18.4,0,0,1
39.24463,1,16.9,0,0,1
48.2068,1,12.9,0,0,1
44.65679,1,20.1,0,0,1
43.97876,1,19.3,0,0,1
39.68596,1,16.0,0,0,1
45.83237,1,19.1,0,0,1
38.29147,1,16.4,0,0,1
31.69859,1,14.2,0,0,1
25.86706,1,17.5,0,0,1
19.26202,1,11.2,0,0,1
16.272,1,15.1,0,0,1
16.21713,1,12.5,0,0,1
17.93618,1,8.9,0,0,1
16.97856,1,10.4,0,0,1
13.52016,1,12.6,0,0,1
11.46094,1,11.5,0,0,1
11.28218,1,11.9,0,0,1
9.56766,1,10.8,0,0,1
9.69699,1,11.0,0,0,1
12.11715,1,9.4,0,0,1
22.36898,1,8.4,0,0,1
21.14353,1,8.7,0,0,1
22.3101,1,11.3,0,0,1
21.66407,1,13.6,0,0,1
19.92164,1,12.4,0,0,1
22.26297,1,14.0,0,0,1
22.26297,1,16.3,0,0,1
34.3845,1,18.5,0,0,1
38.56002,1,20.5,0,0,1
29.96127,1,19.0,0,0,1
24.54168,1,14.9,0,0,1
21.66875,1,16.3,0,0,1
32.20267,1,15.4,0,0,1
23.81942,1,12.0,0,0,1
20.27562,1,8.4,0,0,1
9.28483,1,6.8,0,0,1
9.2289,1,10.2,0,0,1
9.96504,1,10.7,0,0,1
7.09773,1,12.4,0,0,1
6.90777,1,13.8,0,0,1
7.52881,1,13.4,0,0,1
8.96464,1,13.1,0,0,1
12.34158,1,12.0,0,0,1
33.3395,1,12.6,0,0,1
59.82963,1,13.6,0,0,1
60.67923,1,15.5,0,0,1
64.53116,1,15.1,0,0,1
57.74634,1,17.9,0,0,1
48.59665,1,13.6,0,0,1
37.17794,1,16.3,0,0,1
39.91955,1,17.6,0,0,1
44.66945,1,17.4,0,0,1
41.5574,1,15.2,0,0,1
55.14915,1,14.6,0,0,1
53.78255,1,11.5,0,0,1
51.64226,1,14.5,0,0,1
32.30506,1,7.1,0,0,1
19.40888,1,8.7,0,0,1
31.60233,1,11.9,0,0,1
36.61659,1,9.5,0,0,1
36.81369,1,11.1,0,0,1
29.12903,1,9.7,0,0,1
17.70316,1,8.5,0,0,1
18.08831,1,9.0,0,0,1
17.01962,1,11.9,0,0,1
16.22975,1,10.3,0,0,1
14.60417,1,13.6,0,0,1
17.02467,1,12.3,0,0,1
23.60925,1,11.9,0,0,1
26.93889,1,14.7,0,0,1
38.82089,1,18.6,0,0,1
39.28537,1,16.7,0,0,1
33.20798,1,14.9,0,0,1
29.3857,1,9.4,0,0,1
31.96707,1,11.1,0,0,1
41.99818,1,12.1,0,0,1
45.29254,1,13.7,0,0,1
36.31629,1,10.8,0,0,1
53.37964,1,15.7,0,0,1
54.83512,1,17.8,0,0,1
53.23572,1,20.1,0,0,1
45.69346,1,19.3,0,0,1
43.16838,1,18.0,0,0,1
50.93905,1,18.4,0,0,1
55.40102,1,18.8,0,0,1
43.74856,1,17.5,0,0,1
47.53677,1,17.6,0,0,1
27.2973,1,15.9,0,0,1
28.58047,1,14.9,0,0,1
19.70793,1,15.8,0,0,1
14.17947,1,15.7,0,0,1
14.5223,1,15.5,0,0,1
17.54493,1,19.1,0,0,1
30.78355,1,17.9,0,0,1
42.47248,1,17.0,0,0,1
35.21464,1,16.9,0,0,1
30.4057,1,16.2,0,0,1
21.15678,1,10.5,0,0,1
33.55277,1,11.8,0,0,1
33.77391,1,11.6,0,0,1
51.03629,1,10.0,0,0,1
77.73676,1,18.7,0,0,1
65.31371,1,15.1,0,0,1
63.90444,1,17.2,0,0,1
53.97452,1,15.3,0,0,1
54.50638,1,16.8,0,0,1
56.70502,1,14.0,0,0,1
46.27687,1,11.9,0,0,1
31.25141,1,8.6,0,0,1
41.23849,1,11.3,0,0,1
34.5661,1,9.2,0,0,1
19.821,1,8.5,0,0,1
15.72984,1,7.0,0,0,1
12.35669,1,6.0,0,0,1
10.4278,1,4.7,0,0,1
12.05573,1,7.5,0,0,1
14.38219,1,9.0,0,0,1
19.04231,1,7.7,0,0,1
17.54125,1,7.1,0,0,1
18.46144,1,10.3,0,0,1
20.06459,1,11.3,0,0,1
14.42143,1,13.6,0,0,1
12.3477,1,13.5,0,0,1
9.82468,1,14.4,0,0,1
12.66583,1,12.8,0,0,1
17.06477,1,12.3,0,0,1
22.05117,1,15.7,0,0,1
23.43355,1,16.7,0,0,1
30.93195,1,14.6,0,0,1
33.28166,1,16.9,0,0,1
29.17084,1,12.5,0,0,1
26.2653,1,13.3,0,0,1
21.75405,1,11.8,0,0,1
18.56954,1,12.3,0,0,1
28.08507,1,14.7,0,0,1
22.60484,1,13.4,0,0,1
16.15883,1,14.2,0,0,1
14.69173,1,13.8,0,0,1
22.53165,1,10.6,0,0,1
33.30503,1,11.2,0,0,1
50.83715,1,8.6,0,0,1
46.11974,1,7.8,0,0,1
52.20572,1,11.4,0,0,1
51.38589,1,11.0,0,0,1
47.38546,1,12.3,0,0,1
53.28909,1,14.9,0,0,1
68.80198,1,16.2,0,0,1
41.84113,1,10.4,0,0,1
23.28051,1,5.5,0,0,1
20.57558,1,5.7,0,0,1
24.22973,1,6.1,0,0,1
21.15308,1,5.9,0,0,1
14.13417,1,7.5,0,0,1
14.64526,1,9.4,0,0,1
11.77848,1,2.9,0,0,1
6.39999,1,4.3,0,0,1
8.34743,1,3.2,0,0,1
7.95382,1,3.3,0,0,1
10.31843,1,3.3,0,0,1
10.34137,1,1.3,0,0,1
9.78899,1,3.8,0,0,1
15.04029,1,3.6,0,0,1
9.54724,1,5.1,0,0,1
9.35233,1,7.7,0,0,1
10.01747,1,8.0,0,0,1
53.13522,1,11.9,0,0,1
28.77184,1,12.6,0,0,1
34.13618,1,11.5,0,0,1
42.14963,1,11.2,0,0,1
19.41379,1,7.3,0,0,1
17.37536,1,9.3,0,0,1
17.17342,1,9.1,0,0,1
37.15014,1,13.3,0,0,1
40.35365,1,14.7,0,0,1
56.54206,1,20.7,0,0,1
58.11478,1,26.1,0,0,1
63.8592,1,23.3,0,0,1
45.76867,1,22.9,0,0,1
36.5448,1,23.4,0,0,1
30.81269,1,21.7,0,0,1
20.02921,1,20.8,0,0,1
16.10352,1,15.9,0,0,1
12.44576,1,12.7,0,0,1
13.11273,1,16.2,0,0,1
13.29049,1,18.8,0,0,1
10.98898,1,16.0,0,0,1
9.20976,1,14.5,0,0,1
8.46094,1,12.7,0,0,1
10.86444,1,12.3,0,0,1
13.96066,1,13.1,0,0,1
14.73065,1,12.3,0,0,1
15.62888,1,12.6,0,0,1
18.20594,1,9.4,0,0,1
15.79856,1,10.9,0,0,1
17.38819,1,9.5,0,0,1
20.84161,1,10.9,0,0,1
30.43394,1,12.5,0,0,1
39.66939,1,17.0,0,0,1
46.12998,1,14.7,0,0,1
39.18126,1,12.2,0,0,1
32.04523,1,11.9,0,0,1
37.99503,1,11.3,0,0,1
41.24627,1,9.8,0,0,1
31.19681,1,5.9,0,0,1
30.69415,1,9.7,0,0,1
23.5158,1,11.5,0,0,1
21.53123,1,12.5,0,0,1
22.55524,1,13.9,0,0,1
24.86579,1,14.6,0,0,1
19.37926,1,15.7,0,0,1
19.09471,1,13.7,0,0,1
29.26896,1,13.4,0,0,1
40.69803,1,16.6,0,0,1
41.49332,1,15.8,0,0,1
45.42645,1,17.4,0,0,1
43.91596,1,14.0,0,0,1
39.72412,1,14.0,0,0,1
34.69079,1,14.3,0,0,1
27.73607,1,14.2,0,0,1
28.35189,1,13.5,0,0,1
27.05698,1,16.5,0,0,1
24.77516,1,20.4,0,0,1
25.38311,1,19.3,0,0,1
24.72854,1,20.8,0,0,1
26.97574,1,23.5,0,0,1
21.89083,1,22.6,0,0,1
19.476,1,19.8,0,0,1
18.93371,1,20.5,0,0,1
19.12419,1,21.7,0,0,1
21.74826,1,20.0,0,0,1
20.25125,1,24.6,0,0,1
16.19221,1,18.8,0,0,1
13.85364,1,16.4,0,0,1
12.81873,1,17.3,0,0,1
14.51786,1,17.0,0,0,1
17.65339,1,16.1,0,0,1
19.34155,1,13.7,0,0,1
18.2485,1,13.3,0,0,1
24.93432,1,13.8,0,0,1
31.51001,1,13.6,0,0,1
25.15846,1,14.1,0,0,1
37.01646,1,14.2,0,0,1
37.10915,1,14.8,0,0,1
34.87494,1,15.1,0,0,1
37.77798,1,15.6,0,0,1
35.867,1,16.7,0,0,1
36.69586,1,17.8,0,0,1
31.31857,1,18.0,0,0,1
40.13766,1,20.4,0,0,1
31.41699,1,19.2,0,0,1
24.62287,1,17.1,0,0,1
27.09186,1,12.4,0,0,1
21.85252,1,13.1,0,0,1
16.01243,1,14.8,0,0,1
20.06362,1,11.4,0,0,1
18.68116,1,12.5,0,0,1
9.63054,1,11.8,0,0,1
9.17678,1,11.6,0,0,1
14.88605,1,14.5,0,0,1
11.71833,1,10.6,0,0,1
10.33271,1,13.4,0,0,1
10.48735,1,9.3,0,0,1
13.22911,1,12.2,0,0,1
16.57973,1,14.9,0,0,1
19.14153,1,14.1,0,0,1
24.48132,1,15.1,0,0,1
33.81317,1,18.6,0,0,1
40.81681,1,21.1,0,0,1
35.64296,1,18.5,0,0,1
42.28602,1,23.2,0,0,1
44.786,1,28.8,0,0,1
46.72041,1,26.8,0,0,1
50.92178,1,26.0,0,0,1
49.59137,1,23.5,0,0,1
35.45602,1,17.5,0,0,1
35.27089,1,17.0,0,0,1
34.8607,1,17.1,0,0,1
33.41678,1,18.1,0,0,1
22.05403,1,14.2,0,0,1
16.73158,1,14.1,0,0,1
14.58915,1,15.3,0,0,1
14.73416,1,12.1,0,0,1
18.44708,1,12.9,0,0,1
29.61852,1,15.3,0,0,1
33.37189,1,16.8,0,0,1
39.60558,1,15.0,0,0,1
40.29276,1,16.7,0,0,1
44.32012,1,18.0,0,0,1
47.49892,1,16.0,0,0,1
67.91263,1,20.8,0,0,1
41.5342,1,15.6,0,0,1
23.02157,1,15.5,0,0,1
20.62711,1,17.6,0,0,1
18.73222,1,19.2,0,0,1
17.45862,1,11.7,0,0,1
18.09564,1,9.1,0,0,1
20.09671,1,8.6,0,0,1
18.52664,1,5.7,0,0,1
15.49701,1,4.7,0,0,1
33.84892,1,4.6,0,0,1
13.95694,1,6.2,0,0,1
20.54283,1,8.9,0,0,1
39.13465,1,7.7,0,0,1
30.97128,1,8.3,0,0,1
44.64337,1,5.8,0,0,1
42.89018,1,7.4,0,0,1
46.05523,1,11.2,0,0,1
47.53682,1,10.5,0,0,1
50.96052,1,10.4,0,0,1
50.63784,1,11.9,0,0,1
46.72271,1,12.2,0,0,1
49.15887,1,17.8,0,0,1
43.95712,1,18.4,0,0,1
49.05265,1,16.2,0,0,1
68.69019,1,22.6,0,0,1
68.69019,1,17.8,0,0,1
68.69019,1,27.8,0,0,1
68.69019,1,37.2,0,0,1
68.69019,1,33.9,0,0,1
68.69019,1,46.9,0,0,1
55.89874,1,25.8,0,0,1
59.51904,1,21.6,0,0,1
63.14693,1,21.1,0,0,1
41.88599,1,23.2,0,0,1
33.63501,1,22.9,0,0,1
30.80269,1,30.8,1,0,0
21.49183,1,20.8,1,0,0
19.12186,1,24.3,1,0,0
21.53991,1,19.0,1,0,0
17.38251,1,18.5,1,0,0
17.52934,1,20.9,1,0,0
20.08723,1,16.5,1,0,0
27.8931,1,18.4,1,0,0
28.96592,1,19.1,1,0,0
33.12544,1,19.1,1,0,0
24.01253,1,15.9,1,0,0
23.01441,1,16.4,1,0,0
22.27353,1,19.6,1,0,0
24.60349,1,20.9,1,0,0
29.10253,1,24.7,1,0,0
33.26836,1,21.9,1,0,0
36.20031,1,26.9,1,0,0
38.79631,1,29.6,1,0,0
39.95996,1,33.1,1,0,0
33.4923,1,33.2,1,0,0
29.52382,1,26.6,1,0,0
32.95353,1,24.7,1,0,0
26.50702,1,23.5,1,0,0
18.03341,1,18.1,1,0,0
16.56836,1,14.1,1,0,0
15.3753,1,10.5,1,0,0
14.19145,1,10.5,1,0,0
12.17593,1,5.0,1,0,0
11.00037,1,3.9,1,0,0
12.39268,1,6.7,1,0,0
11.89385,1,6.3,1,0,0
22.6752,1,6.9,1,0,0
26.66253,1,6.6,1,0,0
25.21399,1,6.3,1,0,0
26.68053,1,7.0,1,0,0
30.36926,1,7.6,1,0,0
33.19373,1,9.5,1,0,0
30.66049,1,9.2,1,0,0
25.5851,1,10.6,1,0,0
30.16583,1,13.9,1,0,0
27.52746,1,12.2,1,0,0
25.71996,1,11.5,1,0,0
24.796,1,15.5,1,0,0
21.14141,1,14.5,1,0,0
19.18672,1,14.4,1,0,0
17.61846,1,9.1,1,0,0
13.74839,1,6.0,1,0,0
13.39934,1,8.0,1,0,0
12.53809,1,7.2,1,0,0
7.35688,1,16.1,1,0,0
8.57288,1,18.4,1,0,0
9.66182,1,21.2,1,0,0
10.44448,1,21.2,1,0,0
3.48832,1,5.7,1,0,0
8.95623,1,18.6,1,0,0
8.26251,1,11.9,1,0,0
25.1461,1,7.8,1,0,0
39.72992,1,16.8,1,0,0
45.21485,1,21.1,1,0,0
21.35384,1,13.7,1,0,0
9.94285,1,16.0,1,0,0
14.79387,1,18.2,1,0,0
22.98961,1,24.1,1,0,0
25.63424,1,23.4,1,0,0
24.56713,1,18.2,1,0,0
24.9877,1,15.1,1,0,0
23.71279,1,19.1,1,0,0
25.21522,1,19.6,1,0,0
17.30312,1,20.5,1,0,0
16.74522,1,21.0,1,0,0
11.73291,1,20.1,1,0,0
17.32263,1,18.4,1,0,0
10.31031,1,15.3,1,0,0
5.34031,1,13.4,1,0,0
4.86424,1,14.8,1,0,0
3.58635,1,16.1,1,0,0
5.89934,1,17.6,1,0,0
4.42303,1,13.1,1,0,0
6.60078,1,11.9,1,0,0
6.92828,1,10.8,1,0,0
11.60707,1,10.4,1,0,0
13.7497,1,9.1,1,0,0
15.33934,1,11.5,1,0,0
13.88979,1,9.5,1,0,0
12.35246,1,11.0,1,0,0
16.09361,1,9.8,1,0,0
12.64315,1,8.3,1,0,0
13.22301,1,9.8,1,0,0
31.30877,1,13.4,1,0,0
35.27481,1,17.0,1,0,0
46.92196,1,16.3,1,0,0
55.24415,1,19.0,1,0,0
44.98589,1,20.2,1,0,0
35.70475,1,13.0,1,0,0
29.38325,1,10.6,1,0,0
27.4036,1,8.6,1,0,0
19.23779,1,8.2,1,0,0
15.13979,1,5.1,1,0,0
11.11614,1,8.4,1,0,0
9.97452,1,9.2,1,0,0
8.8229,1,6.3,1,0,0
8.7183,1,8.1,1,0,0
8.62604,1,7.5,1,0,0
14.26316,1,6.1,1,0,0
17.09115,1,7.6,1,0,0
22.6788,1,10.4,1,0,0
32.71767,1,6.9,1,0,0
36.16253,1,9.1,1,0,0
30.56735,1,8.2,1,0,0
34.54542,1,13.6,1,0,0
36.34927,1,14.5,1,0,0
47.21531,1,18.2,1,0,0
32.12306,1,11.7,1,0,0
24.04053,1,11.2,1,0,0
26.41548,1,12.8,1,0,0
24.70399,1,10.4,1,0,0
21.45794,1,12.3,1,0,0
15.90853,1,6.8,1,0,0
12.10341,1,4.8,1,0,0
10.06058,1,4.9,1,0,0
6.71283,1,1.9,1,0,0
7.53169,1,2.7,1,0,0
7.78396,1,2.5,1,0,0
7.8336,1,-0.8,1,0,0
8.88182,1,5.8,1,0,0
13.5167,1,7.4,1,0,0
29.20973,1,10.1,1,0,0
51.86152,1,12.2,1,0,0
57.44847,1,13.5,1,0,0
61.30297,1,13.0,1,0,0
58.30244,1,23.8,1,0,0
47.88607,1,13.3,1,0,0
42.34472,1,11.7,1,0,0
40.46997,1,17.2,1,0,0
42.14871,1,23.3,1,0,0
47.99022,1,23.0,1,0,0
34.69354,1,13.7,1,0,0
29.03642,1,19.7,1,0,0
17.63846,1,19.6,1,0,0
25.59459,1,24.6,1,0,0
18.98124,1,13.7,1,0,0
26.55175,1,17.9,1,0,0
30.45779,1,20.9,1,0,0
30.775,1,20.3,1,0,0
18.96246,1,21.4,1,0,0
16.0597,1,18.4,1,0,0
21.07804,1,21.5,1,0,0
20.62143,1,17.6,1,0,0
18.41784,1,16.6,1,0,0
17.20431,1,10.4,1,0,0
26.04581,1,15.1,1,0,0
38.36775,1,17.7,1,0,0
42.95897,1,19.6,1,0,0
39.93982,1,19.1,1,0,0
39.25074,1,20.7,1,0,0
39.12797,1,23.4,1,0,0
37.48832,1,19.4,1,0,0
42.62421,1,19.4,1,0,0
40.5043,1,19.4,1,0,0
24.03345,1,19.4,1,0,0
19.42191,1,19.4,1,0,0
17.79804,1,19.4,1,0,0
11.98347,1,19.4,1,0,0
12.61278,1,19.4,1,0,0
11.07014,1,1.0,1,0,0
11.08673,1,1.7,1,0,0
9.08817,1,16.9,1,0,0
6.02492,1,25.0,1,0,0
6.58494,1,23.5,1,0,0
5.74521,1,25.8,1,0,0
5.74521,1,24.2,1,0,0
8.2575,1,23.2,1,0,0
14.57462,1,27.4,1,0,0
26.19462,1,33.3,1,0,0
34.14048,1,34.2,1,0,0
32.41531,1,44.5,1,0,0
23.4413,1,38.4,1,0,0
19.31456,1,34.4,1,0,0
24.26536,1,38.7,1,0,0
28.61621,1,44.0,1,0,0
22.28905,1,38.5,1,0,0
22.28905,1,44.0,1,0,0
46.34732,1,48.2,1,0,0
74.13701,1,61.3,1,0,0
71.4601,1,61.3,1,0,0
72.3842,1,64.9,1,0,0
71.38713,1,61.0,1,0,0
59.8808,1,52.7,1,0,0
43.34071,1,31.9,1,0,0
30.17974,1,24.1,1,0,0
18.40331,1,4.1,1,0,0
15.28694,1,0.8,1,0,0
10.21837,1,-3.0,1,0,0
8.06506,1,-2.5,1,0,0
9.83334,1,-4.5,1,0,0
11.60202,1,-0.5,1,0,0
32.84833,1,3.1,1,0,0
43.90113,1,9.3,1,0,0
39.50112,1,10.1,1,0,0
45.55175,1,13.1,1,0,0
18.94189,1,11.3,1,0,0
16.9882,1,7.4,1,0,0
18.83358,1,7.0,1,0,0
20.80049,1,10.7,1,0,0
29.7584,1,8.5,1,0,0
29.81353,1,10.4,1,0,0
33.501,1,8.7,1,0,0
23.00225,1,9.1,1,0,0
41.28487,1,16.7,1,0,0
29.4296,1,12.5,1,0,0
23.26956,1,12.7,1,0,0
22.93748,1,12.4,1,0,0
13.19996,1,8.9,1,0,0
12.5025,1,8.8,1,0,0
10.24874,1,6.9,1,0,0
5.46292,1,8.0,1,0,0
7.48788,1,7.3,1,0,0
12.79949,1,9.8,1,0,0
15.80132,1,11.1,1,0,0
14.80501,1,7.3,1,0,0
23.04202,1,7.2,1,0,0
35.62456,1,9.4,1,0,0
52.87235,1,11.6,1,0,0
55.55178,1,39.3,1,0,0
46.47278,1,14.8,1,0,0
49.96071,1,12.0,1,0,0
36.30626,1,19.0,1,0,0
53.11061,1,19.7,1,0,0
55.01128,1,18.6,1,0,0
69.05387,1,20.8,1,0,0
72.80838,1,28.2,1,0,0
61.62548,1,22.4,1,0,0
48.47704,1,25.0,1,0,0
41.87857,1,19.7,1,0,0
34.69111,1,19.1,1,0,0
26.90672,1,17.6,1,0,0
20.24419,1,15.4,1,0,0
19.1646,1,17.6,1,0,0
18.26494,1,16.2,1,0,0
16.52362,1,12.6,1,0,0
9.95839,1,12.0,1,0,0
9.1458,1,8.0,1,0,0
7.1316,1,6.3,1,0,0
8.07481,1,5.3,1,0,0
9.70231,1,6.3,1,0,0
17.03242,1,5.5,1,0,0
16.20368,1,8.7,1,0,0
19.46529,1,9.9,1,0,0
23.82237,1,9.5,1,0,0
24.77607,1,6.1,1,0,0
24.79701,1,6.4,1,0,0
24.71177,1,5.8,1,0,0
23.27694,1,4.9,1,0,0
23.82199,1,7.8,1,0,0
29.63812,1,13.7,1,0,0
27.06813,1,8.3,1,0,0
20.32245,1,10.4,1,0,0
22.33799,1,5.9,1,0,0
26.21805,1,8.0,1,0,0
21.13343,1,5.4,1,0,0
19.92205,1,5.4,1,0,0
18.66226,1,5.9,1,0,0
16.44643,1,4.5,1,0,0
23.68071,1,5.6,1,0,0
39.2166,1,7.4,1,0,0
19.24389,1,6.1,1,0,0
30.6582,1,4.0,1,0,0
25.76743,1,8.0,1,0,0
24.06394,1,5.3,1,0,0
40.48756,1,10.3,1,0,0
48.94059,1,13.6,1,0,0
32.89354,1,11.4,1,0,0
19.28949,1,7.8,1,0,0
29.83267,1,8.0,1,0,0
17.84759,1,6.9,1,0,0
12.16601,1,8.7,1,0,0
13.18965,1,10.7,1,0,0
16.90599,1,10.6,1,0,0
36.18905,1,14.2,1,0,0
47.40763,1,17.3,1,0,0
49.6243,1,19.4,1,0,0
44.28255,1,22.7,1,0,0
43.48265,1,21.5,1,0,0
36.652,1,15.3,1,0,0
34.56503,1,15.6,1,0,0
28.42467,1,13.7,1,0,0
18.59555,1,9.1,1,0,0
17.37442,1,6.1,1,0,0
9.69065,1,9.3,1,0,0
9.82317,1,9.4,1,0,0
14.13908,1,9.1,1,0,0
23.6186,1,11.1,1,0,0
38.29216,1,13.0,1,0,0
46.32786,1,11.4,1,0,0
43.16653,1,8.9,1,0,0
33.10202,1,13.7,1,0,0
33.48305,1,11.9,1,0,0
30.3031,1,9.9,1,0,0
27.4469,1,9.0,1,0,0
20.46543,1,4.8,1,0,0
18.65181,1,6.0,1,0,0
17.33597,1,6.8,1,0,0
20.3675,1,4.6,1,0,0
18.77449,1,8.1,1,0,0
16.84598,1,10.5,1,0,0
22.88425,1,6.3,1,0,0
27.84033,1,8.0,1,0,0
15.2411,1,19.2,1,0,0
11.80084,1,25.7,1,0,0
18.63679,1,26.7,1,0,0
10.57237,1,22.7,1,0,0
5.38491,1,14.8,1,0,0
6.25097,1,12.1,1,0,0
4.7572,1,13.2,1,0,0
6.31721,1,16.6,1,0,0
13.34943,1,17.5,1,0,0
21.82453,1,19.0,1,0,0
33.97319,1,21.1,1,0,0
40.33751,1,15.6,1,0,0
29.62232,1,16.0,1,0,0
32.32992,1,21.2,1,0,0
29.73872,1,20.0,1,0,0
35.69797,1,19.9,1,0,0
36.72868,1,11.2,1,0,0
32.65089,1,6.1,1,0,0
30.2937,1,11.0,1,0,0
29.49435,1,12.4,1,0,0
13.1482,1,8.8,1,0,0
13.12851,1,4.7,1,0,0
16.14398,1,7.6,1,0,0
17.89154,1,9.1,1,0,0
19.55588,1,9.0,1,0,0
13.00364,1,7.1,1,0,0
15.30185,1,7.8,1,0,0
18.26149,1,7.9,1,0,0
12.44951,1,9.5,1,0,0
8.44102,1,10.2,1,0,0
8.4876,1,12.4,1,0,0
9.3296,1,12.2,1,0,0
13.64541,1,12.6,1,0,0
30.31253,1,13.4,1,0,0
44.53155,1,15.9,1,0,0
47.20692,1,16.8,1,0,0
44.09449,1,23.1,1,0,0
44.10816,1,22.0,1,0,0
36.89257,1,21.0,1,0,0
22.51359,1,19.6,1,0,0
18.98667,1,29.9,1,0,0
22.42402,1,33.1,1,0,0
32.29291,1,28.7,1,0,0
42.39925,1,23.4,1,0,0
38.39379,1,22.6,1,0,0
29.68391,1,19.8,1,0,0
26.85784,1,18.4,1,0,0
18.80886,1,16.3,1,0,0
15.0788,1,16.6,1,0,0
16.33196,1,15.5,1,0,0
20.24339,1,13.6,1,0,0
10.65277,1,16.5,1,0,0
12.18212,1,18.2,1,0,0
9.47695,1,15.5,1,0,0
9.29293,1,14.7,1,0,0
12.7022,1,15.3,1,0,0
17.54372,1,14.9,1,0,0
26.45085,1,17.4,1,0,0
28.09914,1,16.8,1,0,0
30.28875,1,18.6,1,0,0
30.00461,1,22.4,1,0,0
27.43366,1,16.3,1,0,0
23.27888,1,14.8,1,0,0
28.95412,1,12.7,1,0,0
34.16006,1,12.0,1,0,0
33.63786,1,10.3,1,0,0
36.18704,1,15.2,1,0,0
33.25481,1,11.7,1,0,0
32.36179,1,13.5,1,0,0
30.27167,1,16.0,1,0,0
25.24885,1,16.9,1,0,0
22.76239,1,13.1,1,0,0
19.54446,1,9.8,1,0,0
12.00842,1,9.7,1,0,0
21.07388,1,10.2,1,0,0
12.04225,1,10.2,1,0,0
7.9742,1,10.0,1,0,0
9.90159,1,12.1,1,0,0
11.93324,1,15.2,1,0,0
13.80637,1,14.1,1,0,0
18.48912,1,16.0,1,0,0
34.35936,1,15.8,1,0,0
67.5087,1,21.1,1,0,0
57.32918,1,21.2,1,0,0
60.15549,1,23.1,1,0,0
68.42039,1,13.5,1,0,0
29.39863,1,4.8,1,0,0
15.25378,1,6.1,1,0,0
31.98524,1,13.5,1,0,0
39.45467,1,18.7,1,0,0
37.33884,1,18.7,1,0,0
29.08215,1,20.4,1,0,0
34.56657,1,20.5,1,0,0
30.0182,1,22.3,1,0,0
55.90777,1,25.2,1,0,0
33.18402,1,18.2,1,0,0
16.23701,1,6.9,1,0,0
11.78069,1,11.1,1,0,0
11.05761,1,10.0,1,0,0
5.5825,1,11.1,1,0,0
4.34613,1,8.7,1,0,0
5.85404,1,12.5,1,0,0
4.97568,1,9.7,1,0,0
5.27003,1,11.0,1,0,0
10.33436,1,12.9,1,0,0
22.57849,1,13.0,1,0,0
13.36385,1,15.5,1,0,0
22.01848,1,15.7,1,0,0
26.80487,1,18.0,1,0,0
20.51351,1,16.2,1,0,0
25.55269,1,16.6,1,0,0
19.82611,1,19.5,1,0,0
21.36021,1,18.3,1,0,0
16.28993,1,13.0,1,0,0
13.25173,1,13.2,1,0,0
21.25719,1,14.3,1,0,0
27.09974,1,17.7,1,0,0
26.77909,1,16.3,1,0,0
35.39805,1,18.7,1,0,0
34.22613,1,19.1,1,0,0
36.36391,1,19.4,1,0,0
23.53661,1,17.4,1,0,0
22.006,1,13.3,1,0,0
14.00877,1,13.3,1,0,0
12.7508,1,11.0,1,0,0
33.1267,1,13.2,1,0,0
25.39536,1,10.8,1,0,0
30.40103,1,14.0,1,0,0
39.95996,1,14.9,1,0,0
48.89355,1,15.6,1,0,0
55.10481,1,13.8,1,0,0
57.7489,1,16.9,1,0,0
39.69224,1,15.8,1,0,0
35.90443,1,17.3,1,0,0
45.3108,1,18.8,1,0,0
52.73755,1,23.6,1,0,0
53.14599,1,22.2,1,0,0
40.94098,1,23.9,1,0,0
33.20649,1,21.7,1,0,0
48.38933,1,24.5,1,0,0
47.91306,1,26.2,1,0,0
66.94446,1,26.6,1,0,0
50.12372,1,27.7,1,0,0
66.44269,1,35.0,1,0,0
65.77653,1,31.6,1,0,0
52.83562,1,25.3,1,0,0
47.56792,1,19.9,1,0,0
42.96256,1,17.7,1,0,0
46.0097,1,21.6,1,0,0
45.45469,1,23.6,1,0,0
43.15898,1,18.4,1,0,0
41.59869,1,19.1,1,0,0
43.19607,1,16.8,1,0,0
50.91517,1,17.1,1,0,0
61.56286,1,15.9,1,0,0
72.78255,1,20.1,1,0,0
75.31792,1,24.2,1,0,0
75.2435,1,24.7,1,0,0
65.59745,1,22.7,1,0,0
30.286,1,16.2,1,0,0
19.91718,1,16.1,1,0,0
24.41156,1,15.0,1,0,0
28.67393,1,15.9,1,0,0
37.09991,1,18.4,1,0,0
50.34971,1,19.7,1,0,0
53.06582,1,19.1,1,0,0
57.7994,1,23.9,1,0,0
47.61642,1,21.3,1,0,0
40.13323,1,18.3,1,0,0
39.38676,1,18.2,1,0,0
34.68216,1,17.9,1,0,0
26.28057,1,15.9,1,0,0
55.76824,1,16.7,1,0,0
44.825,1,16.3,1,0,0
45.82758,1,16.1,1,0,0
44.41811,1,12.4,1,0,0
45.47375,1,16.9,1,0,0
59.14507,1,17.6,1,0,0
97.56696,1,25.4,1,0,0
89.14326,1,25.1,1,0,0
90.80637,1,36.9,1,0,0
83.62373,1,43.9,1,0,0
82.88588,1,43.3,1,0,0
80.15124,1,35.6,1,0,0
50.4152,1,29.1,1,0,0
31.85007,1,12.4,1,0,0
31.35852,1,14.0,1,0,0
41.8992,1,10.2,1,0,0
44.44029,1,12.7,1,0,0
36.49819,1,13.0,1,0,0
46.35434,1,16.1,1,0,0
38.98554,1,16.3,1,0,0
32.8956,1,15.2,1,0,0
19.28921,1,7.1,1,0,0
16.39594,1,8.1,1,0,0
11.89986,1,5.4,1,0,0
17.72161,1,7.6,1,0,0
21.53806,1,6.7,1,0,0
12.23382,1,5.7,1,0,0
36.32316,1,7.8,1,0,0
45.52357,1,8.1,1,0,0
53.52682,1,10.9,1,0,0
98.09881,1,30.4,1,0,0
80.50362,1,23.9,1,0,0
63.68947,1,23.1,1,0,0
64.0209,1,23.6,1,0,0
77.78819,1,32.8,1,0,0
87.40541,1,37.1,1,0,0
58.32858,1,27.1,1,0,0
49.39266,1,22.3,1,0,0
85.02595,1,29.4,1,0,0
86.03542,1,37.1,1,0,0
66.03551,1,27.3,1,0,0
76.91115,1,35.4,1,0,0
57.28409,1,20.9,1,0,0
56.21354,1,21.3,1,0,0
44.39993,1,17.9,1,0,0
34.40536,1,11.1,1,0,0
40.15418,1,13.3,1,0,0
34.70981,1,6.6,1,0,0
30.84685,1,6.1,1,0,0
29.15977,1,10.2,1,0,0
33.41402,1,11.8,1,0,0
34.54804,1,14.3,1,0,0
38.28813,1,12.1,1,0,0
46.58184,1,13.9,1,0,0
70.45861,1,24.1,1,0,0
71.19969,1,20.0,1,0,0
56.79175,1,13.7,1,0,0
34.09777,1,9.2,1,0,0
28.99262,1,6.5,1,0,0
21.4096,1,8.1,1,0,0
21.4096,1,8.5,1,0,0
29.14351,1,9.6,1,0,0
32.21117,1,9.7,1,0,0
45.98671,1,13.2,1,0,0
57.09267,1,15.0,1,0,0
69.9199,1,21.0,1,0,0
68.74186,1,21.9,1,0,0
34.11339,1,17.6,1,0,0
21.57245,1,8.1,1,0,0
17.66699,1,7.4,1,0,0
18.0141,1,6.2,1,0,0
12.04829,1,3.3,1,0,0
12.04829,1,5.1,1,0,0
12.04829,1,6.2,1,0,0
12.04829,1,9.1,1,0,0
12.04829,1,6.6,1,0,0
12.04829,1,6.5,1,0,0
12.04829,1,10.6,1,0,0
12.04829,1,11.5,1,0,0
12.04829,1,13.1,1,0,0
23.16673,1,13.1,1,0,0
24.48398,1,13.1,1,0,0
29.06846,1,13.1,1,0,0
30.95201,1,13.1,1,0,0
32.07833,1,13.1,1,0,0
51.97057,1,4.6,1,0,0
54.93578,1,11.0,1,0,0
55.96555,1,9.5,1,0,0
58.72577,1,10.0,1,0,0
48.91193,1,8.7,1,0,0
37.43166,1,5.5,1,0,0
34.68482,1,4.1,1,0,0
31.61482,1,3.6,1,0,0
17.30928,1,1.6,1,0,0
18.30952,1,4.3,1,0,0
13.72593,1,4.1,1,0,0
16.61603,1,1.8,1,0,0
14.68117,1,1.4,1,0,0
19.18944,1,9.6,1,0,0
21.21726,1,6.5,1,0,0
33.7199,1,12.0,1,0,0
40.0821,1,12.4,1,0,0
38.518,1,13.1,1,0,0
39.75546,1,8.1,1,0,0
42.16674,1,7.5,1,0,0
32.10013,1,5.1,1,0,0
24.27425,1,12.8,1,0,0
25.56888,1,20.4,1,0,0
35.36554,1,28.0,1,0,0
32.79919,1,27.3,1,0,0
43.45926,1,36.0,1,0,0
38.74068,1,24.8,1,0,0
44.32399,1,30.9,1,0,0
40.53752,1,28.9,1,0,0
30.82538,1,28.1,1,0,0
26.53808,1,48.7,1,0,0
24.59491,1,43.2,1,0,0
20.34273,1,29.4,1,0,0
17.43525,1,33.0,1,0,0
14.40303,1,29.5,1,0,0
13.30275,1,26.6,1,0,0
11.73311,1,26.4,1,0,0
11.00944,1,21.1,1,0,0
10.94764,1,17.8,1,0,0
11.2824,1,19.7,1,0,0
11.68524,1,16.1,1,0,0
16.95311,1,15.9,1,0,0
18.02925,1,16.9,1,0,0
21.86655,1,20.2,1,0,0
21.19885,1,19.8,1,0,0
20.53799,1,17.9,1,0,0
25.7308,1,15.0,1,0,0
33.66394,1,14.1,1,0,0
43.06947,1,13.5,1,0,0
54.3038,1,16.5,1,0,0
63.25422,1,32.7,1,0,0
57.70753,1,37.8,1,0,0
65.86593,1,30.3,1,0,0
52.70637,1,27.4,1,0,0
45.30647,1,24.6,1,0,0
35.32914,1,23.4,1,0,0
36.41556,1,18.6,1,0,0
25.79454,1,15.9,1,0,0
22.58498,1,13.0,1,0,0
16.3666,1,9.4,1,0,0
14.25534,1,11.0,1,0,0
20.27833,1,10.0,1,0,0
34.00986,1,8.3,1,0,0
58.87062,1,11.2,1,0,0
64.00019,1,11.1,1,0,0
53.73648,1,13.9,1,0,0
56.61141,1,15.5,1,0,0
33.48037,1,12.2,1,0,0
32.37593,1,11.9,1,0,0
29.72177,1,12.6,1,0,0
36.5841,1,18.4,1,0,0
40.2687,1,20.0,1,0,0
58.35825,1,21.9,1,0,0
69.60608,1,20.9,1,0,0
52.0152,1,19.2,1,0,0
66.53341,1,20.5,1,0,0
80.26317,1,22.4,1,0,0
33.01346,1,19.5,1,0,0
33.32494,1,19.4,1,0,0
27.03845,1,13.7,1,0,0
23.05091,1,8.5,1,0,0
13.63277,1,9.3,1,0,0
16.64374,1,8.6,1,0,0
14.73426,1,5.4,1,0,0
9.70903,1,5.9,1,0,0
6.63082,1,7.2,1,0,0
11.68837,1,9.5,1,0,0
24.73967,1,9.3,1,0,0
30.6494,1,11.1,1,0,0
29.91787,1,15.0,1,0,0
24.47789,1,17.2,1,0,0
25.21451,1,10.3,1,0,0
33.72903,1,9.3,1,0,0
30.65667,1,60.2,1,0,0
20.27399,1,13.6,1,0,0
25.00754,1,14.7,1,0,0
20.22883,1,14.8,1,0,0
23.06005,1,15.6,1,0,0
23.44805,1,13.0,1,0,0
16.74699,1,15.8,1,0,0
13.18953,1,20.3,1,0,0
11.3397,1,18.7,1,0,0
8.21374,1,14.8,1,0,0
10.52782,1,14.1,1,0,0
10.52782,1,11.8,1,0,0
10.52782,1,11.9,1,0,0
10.52782,1,15.8,1,0,0
10.52782,1,17.1,1,0,0
10.52782,1,15.2,1,0,0
10.52782,1,18.9,1,0,0
14.36602,1,17.0,1,0,0
20.48634,1,21.2,1,0,0
22.29497,1,23.2,1,0,0
16.96771,1,22.5,1,0,0
19.09485,1,24.1,1,0,0
15.45555,1,22.1,1,0,0
24.7393,1,21.9,1,0,0
16.21107,1,25.4,1,0,0
19.67753,1,25.3,1,0,0
22.02832,1,24.7,1,0,0
44.48346,1,24.9,1,0,0
44.48346,1,17.7,1,0,0
28.19218,1,17.6,1,0,0
24.12776,1,17.3,1,0,0
16.09128,1,14.9,1,0,0
20.07022,1,13.6,1,0,0
13.3266,1,10.9,1,0,0
13.3266,1,11.0,1,0,0
13.3266,1,9.1,1,0,0
13.3266,1,8.5,1,0,0
13.3266,1,10.0,1,0,0
13.3266,1,6.8,1,0,0
12.17771,1,8.1,1,0,0
20.00274,1,10.0,1,0,0
52.38026,1,11.8,1,0,0
68.58559,1,16.6,1,0,0
72.38356,1,17.0,1,0,0
54.63835,1,17.9,1,0,0
45.12233,1,15.4,1,0,0
32.88808,1,12.0,1,0,0
33.99696,1,15.5,1,0,0
37.73692,1,12.0,1,0,0
30.83116,1,8.7,1,0,0
29.1024,1,8.9,1,0,0
34.14823,1,12.3,1,0,0
13.27569,1,7.6,1,0,0
11.22499,1,10.9,1,0,0
13.09322,1,11.8,1,0,0
7.66447,1,26.1,1,0,0
10.97982,1,24.1,1,0,0
8.10763,1,25.0,1,0,0
8.01969,1,28.3,1,0,0
8.01969,1,28.4,1,0,0
3.47713,1,24.1,1,0,0
3.47713,1,20.4,1,0,0
6.75386,1,20.9,1,0,0
9.98094,1,19.5,1,0,0
9.77091,1,13.8,1,0,0
16.78299,1,9.5,1,0,0
61.31565,1,15.7,1,0,0
62.88215,1,13.0,1,0,0
30.45157,1,10.0,1,0,0
27.40471,1,13.5,1,0,0
24.65236,1,20.9,1,0,0
21.40837,1,11.6,1,0,0
17.04277,1,17.4,1,0,0
18.96226,1,6.6,1,0,0
20.87895,1,5.6,1,0,0
25.69593,1,7.6,1,0,0
22.39771,1,6.4,1,0,0
27.57423,1,8.1,1,0,0
21.04285,1,18.3,1,0,0
18.71679,1,4.6,1,0,0
13.8454,1,2.2,1,0,0
11.40921,1,4.1,1,0,0
11.5999,1,8.9,1,0,0
8.48997,1,11.0,1,0,0
4.27906,1,14.2,1,0,0
4.69896,1,23.8,1,0,0
5.51333,1,29.7,1,0,0
3.9534,1,31.2,1,0,0
6.11813,1,29.4,1,0,0
9.71914,1,36.0,1,0,0
7.32419,1,28.6,1,0,0
8.06337,1,29.3,1,0,0
9.80129,1,23.9,1,0,0
10.75307,1,27.6,1,0,0
10.18244,1,27.0,1,0,0
11.42583,1,26.4,1,0,0
9.98975,1,27.5,1,0,0
9.63037,1,25.6,1,0,0
8.06079,1,24.1,1,0,0
9.61624,1,16.1,1,0,0
15.7143,1,16.7,1,0,0
11.48493,1,16.1,1,0,0
12.45773,1,14.8,1,0,0
10.72625,1,16.0,1,0,0
7.88185,1,11.4,1,0,0
6.88746,1,13.6,1,0,0
23.71368,1,15.7,1,0,0
11.09331,1,13.9,1,0,0
21.42301,1,16.3,1,0,0
20.1269,1,14.4,1,0,0
24.7932,1,15.1,1,0,0
16.67341,1,20.5,1,0,0
17.10155,1,15.4,1,0,0
17.5431,1,11.3,1,0,0
19.13592,1,5.8,1,0,0
26.08,1,7.9,1,0,0
24.817,1,9.5,1,0,0
29.12472,1,11.6,1,0,0
26.01817,1,5.9,1,0,0
32.5053,1,10.5,1,0,0
50.82295,1,14.2,1,0,0
22.83365,1,17.2,1,0,0
20.52665,1,26.7,1,0,0
32.33464,1,26.1,1,0,0
27.75714,1,28.8,1,0,0
21.6539,1,26.0,1,0,0
24.14705,1,17.5,1,0,0
27.49791,1,13.2,1,0,0
63.17914,1,26.3,1,0,0
40.73115,1,28.9,1,0,0
11.23956,1,23.8,1,0,0
5.99028,1,16.3,1,0,0
2.0349,1,18.5,1,0,0
2.64136,1,14.6,1,0,0
1.07007,1,9.9,1,0,0
1.01461,1,7.7,1,0,0
2.23691,1,15.9,1,0,0
6.18479,1,18.0,1,0,0
8.60411,1,22.0,1,0,0
18.90633,1,25.7,1,0,0
19.60891,1,30.3,1,0,0
12.38244,1,34.4,1,0,0
11.69107,1,32.6,1,0,0
12.1795,1,31.2,1,0,0
11.66499,1,28.1,1,0,0
12.92203,1,31.5,1,0,0
15.77927,1,33.1,1,0,0
17.46247,1,31.0,1,0,0
26.49845,1,28.2,1,0,0
17.03778,1,32.8,1,0,0
12.1081,1,21.8,1,0,0
9.62679,1,11.1,1,0,0
8.45638,1,21.5,1,0,0
7.53814,1,15.2,1,0,0
5.55535,1,15.9,1,0,0
5.60329,1,13.0,1,0,0
2.88802,1,9.6,1,0,0
3.1764,1,6.9,1,0,0
3.82959,1,8.4,1,0,0
2.76911,1,15.8,1,0,0
5.42269,1,17.4,1,0,0
8.66651,1,16.9,1,0,0
9.02047,1,21.1,1,0,0
10.78018,1,27.3,1,0,0
8.25614,1,21.4,1,0,0
8.09679,1,17.6,1,0,0
10.45263,1,15.5,1,0,0
8.9035,1,15.9,1,0,0
8.01632,1,16.0,1,0,0
16.29263,1,13.5,1,0,0
19.69261,1,21.0,1,0,0
33.92897,1,36.1,1,0,0
57.06484,1,49.7,1,0,0
68.06799,1,82.8,1,0,0
75.58656,1,92.8,1,0,0
49.57469,1,46.7,1,0,0
43.98256,1,33.6,1,0,0
38.59924,1,24.6,1,0,0
55.19923,1,23.0,1,0,0
56.21841,1,26.7,1,0,0
48.52983,1,23.6,1,0,0
46.79156,1,28.3,1,0,0
32.78463,1,20.6,1,0,0
37.52844,1,15.0,1,0,0
40.39776,1,18.3,1,0,0
51.93716,1,20.4,1,0,0
76.40106,1,34.0,1,0,0
77.81855,1,44.6,1,0,0
70.67473,1,38.8,1,0,0
43.12365,1,21.5,1,0,0
36.58012,1,20.5,1,0,0
15.93955,1,18.0,1,0,0
26.02205,1,23.7,1,0,0
34.70792,1,35.3,1,0,0
35.9503,1,49.8,1,0,0
44.41238,1,35.5,1,0,0
49.42305,1,33.3,1,0,0
50.27074,1,40.5,1,0,0
66.17581,1,40.5,1,0,0
63.31474,1,41.2,1,0,0
60.47654,1,37.1,1,0,0
57.94341,1,40.7,1,0,0
51.92563,1,38.5,1,0,0
44.98502,1,33.0,1,0,0
37.92009,1,30.3,1,0,0
39.11372,1,27.8,1,0,0
28.0313,1,25.4,1,0,0
28.86229,1,23.9,1,0,0
42.20635,1,22.4,1,0,0
59.99327,1,19.1,1,0,0
89.65876,1,36.5,1,0,0
73.63588,1,32.6,1,0,0
61.72194,1,33.3,1,0,0
82.40297,1,30.9,1,0,0
51.03876,1,27.9,1,0,0
40.53407,1,24.1,1,0,0
47.65388,1,25.7,1,0,0
49.33818,1,26.5,1,0,0
59.85862,1,31.5,1,0,0
85.75547,1,41.3,1,0,0
98.32884,1,42.3,1,0,0
79.16908,1,45.4,1,0,0
76.89793,1,52.2,1,0,0
75.00926,1,64.4,1,0,0
69.67652,1,50.2,1,0,0
54.62092,1,40.5,1,0,0
49.42895,1,36.8,1,0,0
48.57161,1,32.7,1,0,0
34.64945,1,29.8,1,0,0
30.69709,1,25.5,1,0,0
27.82776,1,22.4,1,0,0
24.10603,1,23.1,1,0,0
28.22591,1,22.0,1,0,0
32.13707,1,23.8,1,0,0
39.61964,1,19.5,1,0,0
36.56218,1,14.0,1,0,0
37.98097,1,17.9,1,0,0
34.17873,1,20.1,1,0,0
28.2871,1,17.6,1,0,0
27.56506,1,15.1,1,0,0
32.06099,1,21.3,1,0,0
37.28531,1,25.4,1,0,0
37.28531,1,27.5,1,0,0
38.58501,1,20.9,1,0,0
44.05724,1,23.2,1,0,0
48.50219,1,26.5,1,0,0
47.05207,1,21.6,1,0,0
34.67663,1,20.0,1,0,0
28.6512,1,27.2,1,0,0
22.4216,1,23.7,1,0,0
17.40957,1,25.5,1,0,0
13.34384,1,27.3,1,0,0
10.03325,1,26.7,1,0,0
8.31427,1,23.7,1,0,0
6.68692,1,6.0,1,0,0
3.49368,1,8.1,1,0,0
5.64309,1,17.9,1,0,0
19.29668,1,13.7,1,0,0
23.80685,1,16.4,1,0,0
42.25545,1,19.3,1,0,0
39.36356,1,16.0,1,0,0
35.89782,1,17.9,1,0,0
27.59728,1,17.9,1,0,0
17.76749,1,25.1,1,0,0
17.0222,1,28.1,1,0,0
16.69133,1,35.4,1,0,0
19.53002,1,34.0,1,0,0
16.11856,1,29.4,1,0,0
18.11416,1,28.9,1,0,0
17.61685,1,29.9,1,0,0
16.46341,1,30.4,1,0,0
13.97923,1,25.4,1,0,0
9.67257,1,22.0,1,0,0
8.67509,1,16.6,1,0,0
7.81273,1,14.7,1,0,0
5.51218,1,6.9,1,0,0
3.77749,1,7.7,1,0,0
2.87906,1,7.0,1,0,0
4.05641,1,2.3,1,0,0
4.13885,1,-1.0,1,0,0
3.18202,1,1.7,1,0,0
3.0043,1,-1.9,1,0,0
3.76361,1,-1.9,1,0,0
5.30297,1,0.2,1,0,0
5.32051,1,2.7,1,0,0
5.8208,1,2.6,1,0,0
5.8452,1,2.6,1,0,0
5.21545,1,2.6,1,0,0
9.01417,1,14.3,1,0,0
10.58778,1,13.5,1,0,0
7.84744,1,11.7,1,0,0
5.4546,1,25.3,1,0,0
6.26051,1,10.4,1,0,0
5.95599,1,12.7,1,0,0
3.78351,1,14.1,1,0,0
7.34564,1,17.9,1,0,0
5.1319,1,14.9,1,0,0
3.99212,1,7.8,1,0,0
3.04547,1,10.7,1,0,0
0.52714,1,2.6,1,0,0
0.93824,1,12.6,1,0,0
1.30025,1,14.4,1,0,0
0.50988,1,14.9,1,0,0
0.45489,1,16.5,1,0,0
1.66418,1,20.4,1,0,0
7.08304,1,16.4,1,0,0
10.54058,1,21.2,1,0,0
14.62338,1,18.8,1,0,0
17.90778,1,24.8,1,0,0
17.2273,1,20.8,1,0,0
14.8301,1,18.7,1,0,0
16.72466,1,29.5,1,0,0
12.17692,1,20.7,1,0,0
13.5765,1,24.5,1,0,0
15.64587,1,34.1,1,0,0
18.24639,1,28.8,1,0,0
17.98525,1,9.8,1,0,0
13.04464,1,14.5,1,0,0
10.95916,1,17.1,1,0,0
10.34589,1,22.8,1,0,0
5.27244,1,28.6,1,0,0
3.49217,1,25.1,1,0,0
3.37003,1,27.9,1,0,0
2.03394,1,25.9,1,0,0
1.08136,1,26.8,1,0,0
1.47005,1,24.3,1,0,0
1.50034,1,26.5,1,0,0
1.28428,1,19.6,1,0,0
1.97373,1,19.8,1,0,0
5.76185,1,23.0,1,0,0
10.9636,1,25.4,1,0,0
13.90177,1,16.2,1,0,0
14.34485,1,17.9,1,0,0
15.13781,1,16.8,1,0,0
10.84278,1,14.4,1,0,0
10.95912,1,18.0,1,0,0
8.70281,1,17.2,1,0,0
10.06839,1,19.2,1,0,0
9.82011,1,15.0,1,0,0
10.51774,1,21.1,1,0,0
12.43736,1,21.8,1,0,0
9.78558,1,21.8,1,0,0
11.06949,1,23.7,1,0,0
8.07521,1,23.5,1,0,0
5.53078,1,19.5,1,0,0
3.7766,1,23.5,1,0,0
2.98803,1,21.8,1,0,0
1.89222,1,21.7,1,0,0
1.19244,1,20.9,1,0,0
2.29188,1,21.6,1,0,0
0.9228,1,20.1,1,0,0
1.43037,1,21.6,1,0,0
3.57337,1,17.4,1,0,0
7.86222,1,20.0,1,0,0
18.99337,1,17.4,1,0,0
19.20795,1,19.6,1,0,0
17.75073,1,20.1,1,0,0
14.66086,1,18.5,1,0,0
14.67418,1,29.8,1,0,0
11.55978,1,36.2,1,0,0
14.85447,1,25.0,1,0,0
9.40313,1,23.6,1,0,0
20.65579,1,26.5,1,0,0
24.38122,1,31.7,1,0,0
32.66706,1,25.9,1,0,0
33.358,1,22.8,1,0,0
53.64071,1,21.7,1,0,0
60.53068,1,24.3,1,0,0
51.95684,1,23.1,1,0,0
38.46347,1,20.5,1,0,0
29.03347,1,18.4,1,0,0
26.51312,1,17.6,1,0,0
15.42086,1,15.9,1,0,0
11.06154,1,9.8,1,0,0
11.3992,1,11.1,1,0,0
10.27562,1,7.7,1,0,0
8.58225,1,1.5,1,0,0
13.85549,1,4.9,1,0,0
26.90341,1,4.8,1,0,0
41.72902,1,7.8,1,0,0
56.19359,1,17.4,1,0,0
37.27173,1,12.8,1,0,0
24.68673,1,17.3,1,0,0
14.61529,1,15.3,1,0,0
11.29475,1,10.5,1,0,0
12.80965,1,9.8,1,0,0
15.45257,1,12.4,1,0,0
17.31922,1,15.4,1,0,0
25.56626,1,17.0,1,0,0
21.74548,1,14.4,1,0,0
22.73487,1,16.0,1,0,0
22.95137,1,16.1,1,0,0
15.98392,1,14.3,1,0,0
16.75857,1,9.6,1,0,0
14.26278,1,12.7,1,0,0
17.18643,1,13.5,1,0,0
7.99211,1,9.5,1,0,0
17.02958,1,10.3,1,0,0
13.69961,1,8.4,1,0,0
19.44056,1,10.0,1,0,0
40.19632,1,13.3,1,0,0
41.96282,1,13.8,1,0,0
39.56724,1,13.6,1,0,0
37.58939,1,13.5,1,0,0
27.00313,1,14.5,1,0,0
26.89689,1,12.3,1,0,0
29.08566,1,16.6,1,0,0
29.39878,1,22.5,1,0,0
29.16514,1,25.8,1,0,0
34.75298,1,28.3,1,0,0
33.04952,1,19.9,1,0,0
35.27027,1,18.4,1,0,0
52.80448,1,19.9,1,0,0
45.93524,1,19.4,1,0,0
45.76363,1,23.3,1,0,0
36.75038,1,29.6,1,0,0
35.82242,1,26.8,1,0,0
27.94172,1,30.7,1,0,0
30.62297,1,31.2,1,0,0
46.00523,1,28.5,1,0,0
21.84042,1,25.8,1,0,0
19.27025,1,23.3,1,0,0
16.35766,1,20.2,1,0,0
13.40159,1,17.7,1,0,0
14.09114,1,22.4,1,0,0
18.9927,1,13.7,1,0,0
17.93764,1,14.0,1,0,0
14.41287,1,10.4,1,0,0
19.62877,1,5.8,1,0,0
18.66309,1,8.3,1,0,0
13.9844,1,1.4,1,0,0
14.63846,1,2.8,1,0,0
14.86761,1,-0.1,1,0,0
11.85687,1,2.3,1,0,0
12.66582,1,-0.3,1,0,0
9.47367,1,1.4,1,0,0
9.28722,1,3.8,1,0,0
10.25158,1,9.3,1,0,0
9.27664,1,7.4,1,0,0
6.72695,1,4.4,1,0,0
7.00308,1,5.6,1,0,0
4.98037,1,6.0,1,0,0
8.7617,1,7.1,1,0,0
7.71962,1,5.6,1,0,0
2.70866,1,0.5,1,0,0
2.00979,1,0.5,1,0,0
1.35419,1,0.4,1,0,0
1.57593,1,1.0,1,0,0
1.34539,1,2.0,1,0,0
1.40211,1,-1.2,1,0,0
2.60899,1,10.8,1,0,0
3.47573,1,3.8,1,0,0
6.61451,1,10.8,1,0,0
19.17719,1,12.8,1,0,0
14.25084,1,15.3,1,0,0
13.89088,1,17.2,1,0,0
14.069,1,15.2,1,0,0
14.93558,1,19.9,1,0,0
14.09277,1,11.2,1,0,0
13.77028,1,21.6,1,0,0
14.24405,1,20.2,1,0,0
10.44189,1,18.1,1,0,0
9.14745,1,12.2,1,0,0
7.53082,1,15.7,1,0,0
6.41484,1,24.0,1,0,0
6.7143,1,20.9,1,0,0
5.59438,1,22.1,1,0,0
4.01819,1,31.7,1,0,0
2.98691,1,26.1,1,0,0
1.86491,1,20.5,1,0,0
3.17789,1,20.9,1,0,0
1.47279,1,14.9,1,0,0
2.69517,1,15.3,1,0,0
6.48896,1,20.5,1,0,0
17.217,1,26.0,1,0,0
26.75112,1,24.7,1,0,0
31.83056,1,22.8,1,0,0
32.98192,1,28.9,1,0,0
29.197,1,33.2,1,0,0
19.85716,1,31.2,1,0,0
13.57806,1,33.7,1,0,0
13.03064,1,33.9,1,0,0
11.75051,1,29.4,1,0,0
15.35713,1,26.8,1,0,0
13.1072,1,22.9,1,0,0
17.22051,1,30.6,1,0,0
17.06861,1,25.3,1,0,0
9.45609,1,14.0,1,0,0
7.93944,1,17.8,1,0,0
7.38283,1,20.8,1,0,0
8.26352,1,24.1,1,0,0
3.92811,1,21.4,1,0,0
2.6575,1,24.1,1,0,0
3.16682,1,23.5,1,0,0
2.82829,1,21.5,1,0,0
3.31997,1,20.0,1,0,0
9.69831,1,18.3,1,0,0
16.60205,1,18.1,1,0,0
35.09152,1,20.2,1,0,0
40.81047,1,19.4,1,0,0
29.91704,1,22.4,1,0,0
25.74633,1,15.9,1,0,0
19.08103,1,22.1,1,0,0
14.36037,1,24.5,1,0,0
22.13459,1,26.8,1,0,0
17.30342,1,23.2,1,0,0
21.31147,1,22.9,1,0,0
15.24219,1,14.1,1,0,0
14.81201,1,13.6,1,0,0
16.28231,1,11.9,1,0,0
13.9211,1,18.4,1,0,0
13.03025,1,20.4,1,0,0
8.86416,1,22.3,1,0,0
7.2854,1,20.4,1,0,0
4.51734,1,20.4,1,0,0
5.8514,1,19.8,1,0,0
2.69496,1,17.9,1,0,0
2.96148,1,19.7,1,0,0
1.4425,1,21.3,1,0,0
4.20748,1,24.1,1,0,0
4.30766,1,23.1,1,0,0
10.0308,1,26.8,1,0,0
33.34302,1,28.2,1,0,0
28.65665,1,29.9,1,0,0
27.23823,1,28.8,1,0,0
40.8851,1,33.1,1,0,0
41.11187,1,35.3,1,0,0
42.27449,1,59.3,1,0,0
31.0584,1,27.8,1,0,0
32.06415,1,18.2,1,0,0
30.15431,1,13.5,1,0,0
27.91016,1,11.7,1,0,0
35.13126,1,16.6,1,0,0
34.59119,1,12.7,1,0,0
38.02896,1,12.8,1,0,0
31.07307,1,10.7,1,0,0
23.43345,1,11.7,1,0,0
7.6935,1,7.6,1,0,0
7.37238,1,3.7,1,0,0
4.95189,1,4.4,1,0,0
4.24553,1,2.9,1,0,0
4.65505,1,1.8,1,0,0
3.23196,1,1.8,1,0,0
4.28152,1,-0.7,1,0,0
6.05744,1,0.9,1,0,0
10.68716,1,1.4,1,0,0
21.58861,1,8.2,1,0,0
25.4124,1,9.4,1,0,0
22.26759,1,10.7,1,0,0
17.76686,1,3.7,1,0,0
16.67633,1,5.1,1,0,0
10.2734,1,0.6,1,0,0
14.08334,1,6.9,1,0,0
10.9694,1,6.4,1,0,0
8.44638,1,11.3,1,0,0
12.45026,1,19.8,1,0,0
14.13838,1,22.2,1,0,0
8.57097,1,24.6,1,0,0
11.66203,1,20.0,1,0,0
11.68306,1,23.4,1,0,0
9.45523,1,21.6,1,0,0
8.14737,1,25.8,1,0,0
8.68172,1,28.5,1,0,0
7.08992,1,30.2,1,0,0
2.48633,1,26.6,1,0,0
3.59492,1,26.5,1,0,0
6.24208,1,24.0,1,0,0
6.99874,1,21.7,1,0,0
9.51451,1,20.5,1,0,0
11.89687,1,22.9,1,0,0
29.45973,1,24.4,1,0,0
28.49038,1,24.1,1,0,0
21.93183,1,15.3,1,0,0
17.15494,1,18.9,1,0,0
20.81446,1,27.0,1,0,0
18.6221,1,21.4,1,0,0
17.96045,1,22.8,1,0,0
17.65505,1,20.7,1,0,0
16.22884,1,14.7,1,0,0
18.29172,1,13.4,1,0,0
16.54681,1,10.3,1,0,0
13.64075,1,7.7,1,0,0
13.25998,1,10.2,1,0,0
10.78684,1,8.1,1,0,0
11.45787,1,7.4,1,0,0
8.16031,1,3.2,1,0,0
4.11036,1,2.0,1,0,0
2.90679,1,3.6,1,0,0
1.54762,1,1.5,1,0,0
1.43443,1,1.7,1,0,0
1.66072,1,5.6,1,0,0
2.28676,1,7.5,1,0,0
3.28707,1,6.0,1,0,0
2.64299,1,8.5,1,0,0
4.57076,1,10.0,1,0,0
7.5586,1,9.1,1,0,0
8.5398,1,10.2,1,0,0
7.56726,1,16.8,1,0,0
7.26535,1,21.0,1,0,0
7.4978,1,25.8,1,0,0
8.34656,1,27.9,1,0,0
7.42911,1,23.1,1,0,0
7.53566,1,29.5,1,0,0
7.79878,1,20.0,1,0,0
8.41385,1,27.8,1,0,0
13.1798,1,31.7,1,0,0
13.14058,1,32.4,1,0,0
9.37998,1,25.3,1,0,0
14.26133,1,15.7,1,0,0
5.93564,1,13.7,1,0,0
10.91497,1,10.1,1,0,0
7.77038,1,6.0,1,0,0
7.08811,1,4.8,1,0,0
5.86084,1,2.2,1,0,0
7.85315,1,0.8,1,0,0
7.41776,1,3.9,1,0,0
16.73284,1,4.3,1,0,0
27.24628,1,7.4,1,0,0
34.91396,1,7.9,1,0,0
23.35406,1,12.3,1,0,0
18.91485,1,8.9,1,0,0
7.59338,1,4.1,1,0,0
5.60886,1,9.1,1,0,0
4.33356,1,10.9,1,0,0
4.37136,1,21.0,1,0,0
3.98683,1,15.0,1,0,0
5.47504,1,22.9,1,0,0
5.61537,1,22.1,1,0,0
14.46644,1,32.8,1,0,0
18.73476,1,35.3,1,0,0
12.95005,1,28.8,1,0,0
23.29787,1,29.6,1,0,0
29.64976,1,32.5,1,0,0
38.21718,1,36.5,1,0,0
36.4594,1,33.2,1,0,0
27.70078,1,29.2,1,0,0
20.25664,1,26.7,1,0,0
18.81389,1,22.8,1,0,0
14.43112,1,15.8,1,0,0
6.10048,1,7.3,1,0,0
12.47978,1,1.4,1,0,0
25.27436,1,-0.1,1,0,0
30.28436,1,1.6,1,0,0
25.99671,1,3.7,1,0,0
36.06141,1,8.4,1,0,0
36.38991,1,12.7,1,0,0
40.6482,1,21.6,1,0,0
24.41414,1,11.3,1,0,0
17.02233,1,6.0,1,0,0
9.8484,1,0.7,1,0,0
8.06197,1,7.9,1,0,0
6.26637,1,10.3,1,0,0
8.03268,1,14.0,1,0,0
8.63045,1,11.1,1,0,0
7.21299,1,14.0,1,0,0
5.91754,1,10.4,1,0,0
6.67412,1,9.4,1,0,0
4.70244,1,9.8,1,0,0
3.80825,1,8.4,1,0,0
4.41021,1,9.1,1,0,0
1.43172,1,8.2,1,0,0
1.91067,1,11.9,1,0,0
2.97375,1,15.7,1,0,0
6.9138,1,10.6,1,0,0
8.37683,1,11.8,1,0,0
12.49751,1,12.5,1,0,0
22.78983,1,8.3,1,0,0
36.648,1,5.9,1,0,0
33.43916,1,5.7,1,0,0
17.15384,1,33.1,1,0,0
9.65338,1,17.2,1,0,0
9.89428,1,14.7,1,0,0
11.08075,1,24.1,1,0,0
17.9188,1,22.0,1,0,0
25.91875,1,10.6,1,0,0
32.43395,1,7.3,1,0,0
40.16123,1,9.0,1,0,0
52.83049,1,23.3,1,0,0
53.3021,1,17.1,1,0,0
54.67246,1,20.7,1,0,0
40.36524,1,16.0,1,0,0
15.403,1,8.1,1,0,0
12.88758,1,7.6,1,0,0
6.7623,1,8.3,1,0,0
4.78055,1,5.1,1,0,0
6.68821,1,6.3,1,0,0
4.30695,1,7.2,1,0,0
6.82736,1,8.4,1,0,0
11.16321,1,11.9,1,0,0
18.16785,1,7.6,1,0,0
50.33044,1,14.0,1,0,0
50.47003,1,14.9,1,0,0
32.9813,1,10.2,1,0,0
12.20461,1,6.3,1,0,0
14.10707,1,23.2,1,0,0
8.86188,1,29.0,1,0,0
5.35219,1,9.7,1,0,0
6.14512,1,21.3,1,0,0
8.66142,1,28.9,1,0,0
12.85651,1,29.3,1,0,0
14.16875,1,21.1,1,0,0
29.04444,1,32.0,1,0,0
33.18403,1,30.7,1,0,0
53.84961,1,25.1,1,0,0
48.14363,1,25.8,1,0,0
35.07621,1,23.5,1,0,0
23.73412,1,14.0,1,0,0
13.30784,1,15.5,1,0,0
14.89696,1,15.9,1,0,0
13.32969,1,15.0,1,0,0
11.89637,1,14.2,1,0,0
11.6953,1,12.4,1,0,0
19.45289,1,9.6,1,0,0
29.83395,1,6.8,1,0,0
52.39481,1,11.1,1,0,0
34.97677,1,11.0,1,0,0
17.33735,1,8.0,1,0,0
7.23563,1,5.4,1,0,0
6.29889,1,8.0,1,0,0
4.04872,1,6.2,1,0,0
4.22878,1,14.5,1,0,0
5.00038,1,14.1,1,0,0
5.51598,1,17.1,1,0,0
13.11554,1,26.3,1,0,0
21.44952,1,23.6,1,0,0
21.89748,1,25.8,1,0,0
17.40597,1,21.6,1,0,0
16.77241,1,18.1,1,0,0
11.03721,1,19.4,1,0,0
12.83249,1,32.1,1,0,0
19.48999,1,18.2,1,0,0
23.97234,1,19.8,1,0,0
19.33584,1,17.1,1,0,0
20.52028,1,16.2,1,0,0
16.95663,1,17.9,1,0,0
19.50751,1,15.6,1,0,0
18.23114,1,13.3,1,0,0
28.16908,1,14.9,1,0,0
37.23748,1,14.1,1,0,0
39.12995,1,15.9,1,0,0
32.27992,1,15.3,1,0,0
26.65434,1,11.4,1,0,0
24.53146,1,6.9,1,0,0
25.13378,1,2.8,1,0,0
28.27775,1,5.5,1,0,0
31.33851,1,7.5,1,0,0
29.84617,1,7.6,1,0,0
31.95039,1,9.2,1,0,0
36.16145,1,13.3,1,0,0
39.7121,1,15.4,1,0,0
41.73248,1,19.8,1,0,0
28.17793,1,18.5,1,0,0
22.9429,1,12.9,1,0,0
15.83255,1,8.0,1,0,0
15.32763,1,4.2,1,0,0
13.3943,1,7.2,1,0,0
7.79118,1,4.9,1,0,0
6.49141,1,1.0,1,0,0
5.39663,1,1.1,1,0,0
3.56419,1,3.0,1,0,0
5.04542,1,7.9,1,0,0
6.56404,1,-0.5,1,0,0
13.08019,1,3.6,1,0,0
15.74404,1,8.0,1,0,0
21.44494,1,12.8,1,0,0
18.61351,1,5.8,1,0,0
17.40283,1,12.0,1,0,0
12.13525,1,15.0,1,0,0
14.55894,1,14.1,1,0,0
9.46148,1,15.0,1,0,0
8.54344,1,12.7,1,0,0
11.5429,1,14.4,1,0,0
14.95513,1,18.0,1,0,0
12.77922,1,20.1,1,0,0
12.90806,1,14.4,1,0,0
10.36662,1,10.8,1,0,0
6.24065,1,18.5,1,0,0
6.3105,1,26.4,1,0,0
7.74573,1,24.4,1,0,0
6.7276,1,26.3,1,0,0
4.33077,1,23.4,1,0,0
3.91757,1,20.7,1,0,0
4.00501,1,20.4,1,0,0
4.32024,1,20.6,1,0,0
4.51638,1,18.2,1,0,0
5.83239,1,16.6,1,0,0
6.35695,1,17.7,1,0,0
8.30765,1,23.1,1,0,0
14.7529,1,23.5,1,0,0
11.718,1,27.8,1,0,0
7.4983,1,24.0,1,0,0
7.00389,1,26.1,1,0,0
6.54011,1,19.9,1,0,0
7.0171,1,18.6,1,0,0
9.40425,1,18.2,1,0,0
11.9557,1,19.1,1,0,0
23.37469,1,32.7,1,0,0
26.76299,1,30.0,1,0,0
27.04668,1,36.2,1,0,0
23.01752,1,28.3,1,0,0
24.25303,1,16.5,1,0,0
25.94097,1,16.3,1,0,0
19.36241,1,19.0,1,0,0
14.17031,1,17.5,1,0,0
16.89104,1,15.6,1,0,0
17.15445,1,14.5,1,0,0
15.90873,1,15.8,1,0,0
28.36685,1,16.9,1,0,0
47.52421,1,18.5,1,0,0
68.83193,1,23.9,1,0,0
64.09946,1,28.7,1,0,0
50.71627,1,21.5,1,0,0
49.50822,1,22.1,1,0,0
28.76805,1,23.2,1,0,0
15.95385,1,24.1,1,0,0
18.3771,1,30.3,1,0,0
15.80186,1,25.3,1,0,0
16.71072,1,28.1,1,0,0
17.42247,1,26.0,1,0,0
16.90231,1,25.4,1,0,0
21.4252,1,26.1,1,0,0
39.02809,1,39.6,1,0,0
58.07742,1,55.7,1,0,0
46.52303,1,34.6,1,0,0
35.17166,1,26.4,1,0,0
33.53815,1,21.5,1,0,0
31.45808,1,18.3,1,0,0
21.12763,1,17.6,1,0,0
5.58056,1,9.3,1,0,0
10.86307,1,12.1,1,0,0
11.12073,1,11.4,1,0,0
13.44503,1,10.2,1,0,0
32.81788,1,11.3,1,0,0
44.93474,1,14.8,1,0,0
70.6792,1,22.2,1,0,0
53.3686,1,20.1,1,0,0
47.59812,1,19.1,1,0,0
40.43263,1,19.7,1,0,0
32.62026,1,12.9,1,0,0
39.55771,1,12.7,1,0,0
36.76804,1,23.4,1,0,0
16.2805,1,21.2,1,0,0
7.33107,1,9.9,1,0,0
15.31002,1,22.9,1,0,0
17.36584,1,22.1,1,0,0
22.70416,1,29.4,1,0,0
21.66675,1,31.5,1,0,0
36.6459,1,33.2,1,0,0
24.35326,1,30.8,1,0,0
16.73694,1,31.3,1,0,0
14.59581,1,27.9,1,0,0
15.4312,1,26.2,1,0,0
19.81518,1,24.3,1,0,0
6.98233,1,21.4,1,0,0
14.8851,1,21.0,1,0,0
33.77173,1,21.7,1,0,0
44.53939,1,22.4,1,0,0
72.01226,1,26.4,1,0,0
85.24703,1,35.7,1,0,0
62.18763,1,32.7,1,0,0
52.95569,1,32.5,1,0,0
41.90877,1,25.9,0,0,1
39.13137,1,33.0,0,0,1
46.15784,1,51.2,0,0,1
44.52802,1,55.5,0,0,1
45.56349,1,52.0,0,0,1
49.41656,1,40.2,0,0,1
66.37028,1,38.6,0,0,1
46.74859,1,31.0,0,0,1
70.5918,1,37.5,0,0,1
71.54134,1,44.2,0,0,1
55.94171,1,38.0,0,0,1
50.58196,1,34.1,0,0,1
39.76597,1,24.1,0,0,1
38.79582,1,26.9,0,0,1
39.00201,1,28.0,0,0,1
32.09321,1,23.1,0,0,1
40.27313,1,26.1,0,0,1
43.43685,1,26.7,0,0,1
37.7379,1,20.2,0,0,1
29.60129,1,19.5,0,0,1
40.4311,1,15.6,0,0,1
42.73668,1,15.8,0,0,1
40.1399,1,11.9,0,0,1
30.23449,1,15.4,0,0,1
31.87755,1,22.1,0,0,1
41.12441,1,90.2,0,0,1
39.38123,1,89.8,0,0,1
43.05333,1,53.8,0,0,1
43.05333,1,42.6,0,0,1
39.02364,1,33.3,0,0,1
50.09634,1,36.1,0,0,1
50.94137,1,37.8,0,0,1
60.43423,1,48.7,0,0,1
59.74936,1,26.8,0,0,1
57.26522,1,24.9,0,0,1
55.41869,1,24.9,0,0,1
55.48073,1,24.5,0,0,1
42.20226,1,28.8,0,0,1
39.79608,1,35.2,0,0,1
38.31373,1,28.4,0,0,1
36.67405,1,28.0,0,0,1
30.1804,1,23.7,0,0,1
22.3595,1,23.8,0,0,1
25.42719,1,19.9,0,0,1
38.92913,1,23.0,0,0,1
33.73627,1,25.3,0,0,1
36.11284,1,21.7,0,0,1
29.02742,1,23.8,0,0,1
23.02506,1,22.7,0,0,1
23.35912,1,24.7,0,0,1
23.61898,1,51.4,0,0,1
19.49106,1,28.4,0,0,1
19.33673,1,26.8,0,0,1
32.12623,1,31.0,0,0,1
43.12234,1,35.0,0,0,1
43.21833,1,40.8,0,0,1
54.22785,1,46.7,0,0,1
72.09643,1,66.2,0,0,1
56.63424,1,43.5,0,0,1
61.27772,1,31.8,0,0,1
69.79493,1,31.7,0,0,1
56.68127,1,22.6,0,0,1
39.39228,1,15.7,0,0,1
31.56734,1,12.8,0,0,1
27.11841,1,15.4,0,0,1
23.52668,1,17.1,0,0,1
19.64282,1,17.3,0,0,1
15.0705,1,15.6,0,0,1
20.12116,1,11.2,0,0,1
24.3847,1,13.9,0,0,1
34.84271,1,14.7,0,0,1
26.75885,1,15.3,0,0,1
27.68357,1,17.5,0,0,1
24.7697,1,21.1,0,0,1
17.88475,1,32.3,0,0,1
17.97684,1,29.6,0,0,1
19.62236,1,25.2,0,0,1
15.91978,1,21.9,0,0,1
29.09533,1,19.3,0,0,1
18.85004,1,19.5,0,0,1
12.96053,1,18.6,0,0,1
14.72115,1,20.1,0,0,1
13.24916,1,21.7,0,0,1
11.91399,1,20.8,0,0,1
9.09366,1,18.3,0,0,1
9.22812,1,20.5,0,0,1
7.78425,1,17.0,0,0,1
5.80031,1,11.1,0,0,1
4.74642,1,13.9,0,0,1
4.13494,1,7.8,0,0,1
5.59082,1,2.7,0,0,1
6.22272,1,-2.4,0,0,1
4.90988,1,2.9,0,0,1
6.43101,1,-0.6,0,0,1
9.26013,1,5.2,0,0,1
8.37331,1,6.6,0,0,1
11.75556,1,9.1,0,0,1
12.10068,1,17.0,0,0,1
12.31576,1,8.6,0,0,1
17.78113,1,12.0,0,0,1
17.23192,1,23.6,0,0,1
16.17763,1,19.0,0,0,1
14.7596,1,9.5,0,0,1
36.56071,1,27.3,0,0,1
39.013,1,27.0,0,0,1
19.96203,1,11.1,0,0,1
20.86523,1,7.6,0,0,1
29.93853,1,5.8,0,0,1
22.39702,1,9.3,0,0,1
20.98147,1,7.3,0,0,1
22.43173,1,12.0,0,0,1
10.95584,1,4.9,0,0,1
11.23829,1,6.9,0,0,1
9.24455,1,8.8,0,0,1
5.25551,1,0.2,0,0,1
5.32604,1,-0.1,0,0,1
19.12155,1,3.4,0,0,1
25.34113,1,15.1,0,0,1
18.83293,1,10.6,0,0,1
16.97979,1,9.8,0,0,1
18.87856,1,16.1,0,0,1
10.51856,1,18.8,0,0,1
13.71016,1,29.0,0,0,1
13.84716,1,30.2,0,0,1
25.75726,1,32.4,0,0,1
21.10867,1,28.9,0,0,1
25.83439,1,20.9,0,0,1
18.85729,1,12.5,0,0,1
17.8305,1,16.5,0,0,1
22.39881,1,18.0,0,0,1
19.34039,1,9.2,0,0,1
17.1462,1,9.3,0,0,1
14.81404,1,11.1,0,0,1
11.11031,1,7.7,0,0,1
6.30696,1,9.3,0,0,1
1.50606,1,4.7,0,0,1
2.7574,1,7.6,0,0,1
3.35381,1,10.7,0,0,1
1.71327,1,6.3,0,0,1
5.51697,1,7.9,0,0,1
8.36387,1,8.4,0,0,1
15.26183,1,8.9,0,0,1
23.86242,1,1.7,0,0,1
23.76624,1,6.6,0,0,1
15.71467,1,7.4,0,0,1
11.76779,1,5.8,0,0,1
7.28261,1,9.2,0,0,1
6.62293,1,6.0,0,0,1
7.55521,1,20.7,0,0,1
9.43848,1,18.6,0,0,1
8.68332,1,16.3,0,0,1
9.9719,1,16.9,0,0,1
13.86755,1,15.3,0,0,1
24.10867,1,17.7,0,0,1
21.35303,1,19.0,0,0,1
25.38428,1,17.9,0,0,1
11.3651,1,10.4,0,0,1
21.70687,1,15.0,0,0,1
13.38845,1,12.4,0,0,1
9.10387,1,11.2,0,0,1
3.71297,1,11.7,0,0,1
5.42605,1,11.7,0,0,1
12.30576,1,12.4,0,0,1
13.75419,1,13.6,0,0,1
30.48704,1,15.0,0,0,1
45.84001,1,22.4,0,0,1
40.59917,1,21.4,0,0,1
26.48509,1,22.6,0,0,1
19.95392,1,15.7,0,0,1
21.23714,1,16.8,0,0,1
16.57522,1,17.1,0,0,1
13.30102,1,13.2,0,0,1
14.3964,1,12.8,0,0,1
12.05313,1,18.3,0,0,1
17.7588,1,20.4,0,0,1
25.11709,1,10.8,0,0,1
22.68823,1,10.9,0,0,1
22.35779,1,12.5,0,0,1
15.97695,1,9.0,0,0,1
7.35656,1,10.4,0,0,1
6.25579,1,3.0,0,0,1
5.1976,1,-3.1,0,0,1
1.4871,1,0.5,0,0,1
0.86283,1,-0.6,0,0,1
0.84827,1,1.6,0,0,1
2.36123,1,3.8,0,0,1
1.05178,1,2.3,0,0,1
7.71918,1,13.9,0,0,1
13.16199,1,5.8,0,0,1
20.15806,1,11.6,0,0,1
18.3832,1,10.3,0,0,1
24.06877,1,11.7,0,0,1
18.60938,1,22.9,0,0,1
13.83363,1,23.1,0,0,1
12.2486,1,25.1,0,0,1
11.17032,1,24.2,0,0,1
10.97559,1,23.7,0,0,1
10.07203,1,22.9,0,0,1
14.44228,1,30.8,0,0,1
15.64603,1,17.2,0,0,1
10.11082,1,17.6,0,0,1
8.75987,1,18.5,0,0,1
9.04252,1,13.7,0,0,1
7.20932,1,11.1,0,0,1
4.79107,1,13.2,0,0,1
3.74811,1,12.7,0,0,1
3.14423,1,10.4,0,0,1
2.4186,1,14.1,0,0,1
2.1853,1,11.0,0,0,1
2.35363,1,14.1,0,0,1
4.27561,1,8.8,0,0,1
13.75194,1,8.1,0,0,1
18.2262,1,-1.3,0,0,1
13.39309,1,-1.3,0,0,1
15.37163,1,0.4,0,0,1
7.48742,1,1.1,0,0,1
7.90122,1,8.2,0,0,1
13.42065,1,7.7,0,0,1
11.06994,1,10.1,0,0,1
36.12604,1,16.9,0,0,1
45.16594,1,16.6,0,0,1
43.59791,1,19.2,0,0,1
44.10989,1,20.6,0,0,1
37.02459,1,24.0,0,0,1
34.96219,1,29.8,0,0,1
32.18819,1,31.6,0,0,1
28.68889,1,30.6,0,0,1
23.36731,1,26.1,0,0,1
26.00362,1,20.6,0,0,1
24.87463,1,16.4,0,0,1
18.72376,1,13.8,0,0,1
8.6361,1,11.0,0,0,1
8.37604,1,12.0,0,0,1
8.35312,1,13.4,0,0,1
11.36146,1,17.5,0,0,1
12.18611,1,14.3,0,0,1
16.86619,1,17.3,0,0,1
17.04189,1,16.2,0,0,1
18.88565,1,16.2,0,0,1
16.48494,1,17.7,0,0,1
21.02447,1,15.5,0,0,1
19.44,1,17.0,0,0,1
19.7649,1,13.8,0,0,1
18.56797,1,15.9,0,0,1
22.65425,1,18.2,0,0,1
23.18598,1,23.6,0,0,1
22.33272,1,23.1,0,0,1
28.86891,1,17.9,0,0,1
24.22092,1,12.0,0,0,1
15.14782,1,10.6,0,0,1
14.33471,1,8.2,0,0,1
12.98776,1,11.7,0,0,1
11.75355,1,13.2,0,0,1
10.08138,1,14.4,0,0,1
9.60703,1,13.4,0,0,1
6.27917,1,8.7,0,0,1
4.24755,1,13.1,0,0,1
3.50434,1,10.0,0,0,1
4.20954,1,12.9,0,0,1
3.20269,1,5.2,0,0,1
4.86794,1,2.0,0,0,1
8.7122,1,2.3,0,0,1
7.81565,1,2.1,0,0,1
8.3725,1,2.5,0,0,1
11.0062,1,8.0,0,0,1
11.27612,1,11.2,0,0,1
14.23118,1,11.1,0,0,1
9.48903,1,12.2,0,0,1
12.07829,1,8.6,0,0,1
9.94086,1,11.4,0,0,1
11.51374,1,9.9,0,0,1
13.00303,1,8.8,0,0,1
10.51815,1,11.1,0,0,1
12.66276,1,15.9,0,0,1
15.44604,1,18.0,0,0,1
10.84013,1,13.4,0,0,1
8.2209,1,9.2,0,0,1
5.63056,1,9.4,0,0,1
6.41662,1,7.2,0,0,1
6.69714,1,8.8,0,0,1
7.26861,1,8.5,0,0,1
29.21935,1,6.2,0,0,1
10.19851,1,8.0,0,0,1
20.80437,1,9.2,0,0,1
46.41706,1,18.1,0,0,1
47.76708,1,18.7,0,0,1
39.26018,1,19.6,0,0,1
25.01423,1,17.8,0,0,1
19.83765,1,19.6,0,0,1
18.26692,1,21.4,0,0,1
23.26633,1,31.6,0,0,1
22.48891,1,20.5,0,0,1
20.85929,1,17.5,0,0,1
24.75324,1,21.0,0,0,1
20.22249,1,22.0,0,0,1
25.74001,1,17.5,0,0,1
21.08888,1,13.3,0,0,1
23.01814,1,18.4,0,0,1
19.86317,1,18.7,0,0,1
15.88129,1,14.5,0,0,1
14.86093,1,16.6,0,0,1
11.52495,1,15.5,0,0,1
6.90812,1,13.7,0,0,1
3.05849,1,8.8,0,0,1
3.21582,1,9.1,0,0,1
2.65138,1,7.5,0,0,1
3.15895,1,4.9,0,0,1
6.21501,1,5.6,0,0,1
15.54544,1,8.9,0,0,1
25.74345,1,9.9,0,0,1
39.13005,1,14.4,0,0,1
29.31493,1,19.4,0,0,1
19.70627,1,21.4,0,0,1
18.25341,1,15.6,0,0,1
18.19738,1,18.5,0,0,1
16.28232,1,14.0,0,0,1
15.67622,1,19.1,0,0,1
17.17521,1,18.0,0,0,1
23.51986,1,23.5,0,0,1
24.66334,1,21.5,0,0,1
23.40122,1,16.1,0,0,1
10.01441,1,9.6,0,0,1
8.20937,1,9.1,0,0,1
5.13753,1,0.5,0,0,1
3.59605,1,7.1,0,0,1
4.06662,1,8.7,0,0,1
3.62342,1,5.5,0,0,1
7.34332,1,6.7,0,0,1
8.28548,1,2.1,0,0,1
2.19985,1,-4.1,0,0,1
4.97863,1,-3.7,0,0,1
3.80878,1,1.4,0,0,1
6.0273,1,0.8,0,0,1
19.59198,1,3.8,0,0,1
38.96283,1,7.5,0,0,1
21.58619,1,7.5,0,0,1
23.26229,1,7.5,0,0,1
22.52266,1,7.5,0,0,1
18.05739,1,7.5,0,0,1
24.18649,1,7.5,0,0,1
19.62545,1,7.5,0,0,1
21.66722,1,7.5,0,0,1
25.40144,1,7.5,0,0,1
22.3315,1,7.5,0,0,1
23.1933,1,7.5,0,0,1
23.11008,1,7.5,0,0,1
20.4067,1,7.5,0,0,1
15.78615,1,7.5,0,0,1
10.14114,1,7.5,0,0,1
10.35763,1,7.5,0,0,1
10.92692,1,16.5,1,0,0
20.44944,1,16.7,1,0,0
28.66333,1,19.5,1,0,0
22.0612,1,20.5,1,0,0
47.86399,1,20.6,1,0,0
46.37919,1,24.1,1,0,0
49.43137,1,29.3,1,0,0
57.66112,1,35.0,1,0,0
43.53411,1,26.9,1,0,0
18.56269,1,18.0,1,0,0
10.51711,1,17.6,1,0,0
14.24634,1,25.4,1,0,0
17.73561,1,29.6,1,0,0
15.81581,1,22.2,1,0,0
17.99232,1,24.8,1,0,0
6.39774,1,18.6,1,0,0
20.50201,1,26.9,1,0,0
39.01718,1,31.9,1,0,0
51.26813,1,63.6,1,0,0
51.24699,1,47.1,1,0,0
36.0917,1,36.5,1,0,0
29.73891,1,30.5,1,0,0
17.93884,1,23.3,1,0,0
26.59303,1,20.7,1,0,0
34.5644,1,19.7,1,0,0
9.88019,1,11.6,1,0,0
16.71451,1,15.5,1,0,0
26.68286,1,15.6,1,0,0
34.37101,1,14.9,1,0,0
30.95586,1,14.1,1,0,0
26.38749,1,17.3,1,0,0
38.18142,1,19.1,1,0,0
35.65289,1,21.1,1,0,0
36.29219,1,36.3,1,0,0
46.15816,1,23.1,1,0,0
31.115,1,34.4,1,0,0
36.18433,1,26.0,1,0,0
36.05567,1,35.9,1,0,0
38.61019,1,27.2,1,0,0
33.73615,1,20.9,1,0,0
35.47043,1,35.3,1,0,0
43.29429,1,35.5,1,0,0
46.46996,1,44.4,1,0,0
46.35128,1,28.8,1,0,0
43.80496,1,38.0,1,0,0
32.43156,1,28.9,1,0,0
31.28171,1,25.4,1,0,0
27.45767,1,23.5,1,0,0
27.21981,1,18.1,1,0,0
14.73675,1,12.6,1,0,0
12.71119,1,16.4,1,0,0
10.97584,1,19.0,1,0,0
10.98728,1,18.7,1,0,0
12.11116,1,24.2,1,0,0
19.81686,1,26.6,1,0,0
28.19713,1,33.8,1,0,0
19.21522,1,35.4,1,0,0
16.59182,1,22.9,1,0,0
13.08498,1,21.9,1,0,0
13.5694,1,31.7,1,0,0
16.25325,1,31.7,1,0,0
15.92274,1,30.8,1,0,0
15.96354,1,32.4,1,0,0
18.74353,1,27.8,1,0,0
18.64078,1,33.2,1,0,0
18.66695,1,30.2,1,0,0
21.04758,1,32.7,1,0,0
24.00585,1,34.9,1,0,0
28.40819,1,31.9,1,0,0
24.93718,1,31.2,1,0,0
20.87618,1,27.9,1,0,0
16.72453,1,25.0,1,0,0
12.96684,1,23.3,1,0,0
14.18168,1,16.6,1,0,0
8.28623,1,18.1,1,0,0
6.01042,1,21.8,1,0,0
6.47046,1,25.1,1,0,0
7.68248,1,25.6,1,0,0
12.27146,1,26.0,1,0,0
15.74742,1,27.1,1,0,0
11.36398,1,25.0,1,0,0
13.39519,1,24.9,1,0,0
15.29737,1,29.7,1,0,0
14.7076,1,33.4,1,0,0
18.38976,1,33.1,1,0,0
17.72922,1,29.0,1,0,0
16.05715,1,25.9,1,0,0
16.95728,1,28.5,1,0,0
22.06651,1,36.0,1,0,0
23.85732,1,38.0,1,0,0
22.40554,1,36.3,1,0,0
22.38382,1,40.1,1,0,0
24.82351,1,39.4,1,0,0
21.0504,1,34.3,1,0,0
21.88323,1,37.0,1,0,0
22.05828,1,38.1,1,0,0
17.03221,1,33.4,1,0,0
15.76902,1,18.8,1,0,0
14.17118,1,25.5,1,0,0
13.50383,1,22.7,1,0,0
13.20136,1,21.4,1,0,0
36.90413,1,24.6,1,0,0
52.93258,1,31.8,1,0,0
49.31754,1,28.9,1,0,0
27.02348,1,38.5,1,0,0
26.56646,1,38.2,1,0,0
26.38886,1,29.9,1,0,0
19.55431,1,25.3,1,0,0
20.04185,1,33.7,1,0,0
21.15547,1,28.8,1,0,0
25.8634,1,29.3,1,0,0
24.38408,1,33.2,1,0,0
28.63217,1,31.9,1,0,0
35.38494,1,36.5,1,0,0
32.4329,1,46.0,1,0,0
34.91192,1,50.9,1,0,0
24.1296,1,33.6,1,0,0
20.59181,1,22.5,1,0,0
18.91396,1,25.9,1,0,0
15.60391,1,24.8,1,0,0
13.56243,1,23.3,1,0,0
13.74073,1,21.2,1,0,0
15.20641,1,21.1,1,0,0
17.35418,1,22.2,1,0,0
16.57352,1,24.6,1,0,0
22.07639,1,26.7,1,0,0
25.41748,1,30.5,1,0,0
29.8,1,29.5,1,0,0
26.66926,1,33.3,1,0,0
24.56392,1,36.1,1,0,0
26.84886,1,43.1,1,0,0
25.40719,1,47.8,1,0,0
24.91065,1,46.9,1,0,0
22.75173,1,50.5,1,0,0
24.24038,1,50.4,1,0,0
21.55351,1,48.0,1,0,0
23.92282,1,48.1,1,0,0
26.14157,1,46.7,1,0,0
26.7925,1,43.8,1,0,0
25.03651,1,43.2,1,0,0
21.00626,1,35.6,1,0,0
20.43352,1,35.3,1,0,0
19.98794,1,32.6,1,0,0
22.03495,1,34.8,1,0,0
17.30578,1,32.8,1,0,0
16.92664,1,22.7,1,0,0
15.68316,1,28.4,1,0,0
15.36108,1,26.5,1,0,0
15.92642,1,23.3,1,0,0
20.70713,1,24.7,1,0,0
28.23394,1,31.9,1,0,0
32.47254,1,33.1,1,0,0
30.85031,1,40.9,1,0,0
25.12294,1,40.9,1,0,0
25.7962,1,40.8,1,0,0
24.72696,1,38.9,1,0,0
27.22888,1,39.7,1,0,0
26.45188,1,30.6,1,0,0
30.87416,1,21.0,1,0,0
35.45027,1,30.7,1,0,0
25.87069,1,23.3,1,0,0
29.37205,1,32.5,1,0,0
39.10842,1,47.8,1,0,0
33.6408,1,64.4,1,0,0
32.34099,1,44.7,1,0,0
29.85688,1,38.4,1,0,0
28.95469,1,35.9,1,0,0
22.09489,1,32.9,1,0,0
17.36134,1,31.6,1,0,0
18.61839,1,23.6,1,0,0
18.6551,1,32.1,1,0,0
21.15338,1,33.0,1,0,0
29.76892,1,32.5,1,0,0
47.74828,1,50.8,1,0,0
47.93324,1,61.7,1,0,0
44.78459,1,42.1,1,0,0
40.14433,1,50.5,1,0,0
32.97876,1,43.2,1,0,0
34.25161,1,36.6,1,0,0
29.72522,1,40.1,1,0,0
23.77328,1,30.4,1,0,0
26.93355,1,38.7,1,0,0
25.27727,1,33.9,1,0,0
25.42958,1,41.5,1,0,0
22.84341,1,32.7,1,0,0
29.51165,1,44.9,1,0,0
31.18518,1,57.7,1,0,0
33.63376,1,53.8,1,0,0
27.81495,1,45.8,1,0,0
22.85437,1,44.3,1,0,0
44.2892,1,41.4,1,0,0
34.04609,1,35.6,1,0,0
16.00755,1,32.4,1,0,0
10.50512,1,29.7,1,0,0
11.36343,1,25.3,1,0,0
20.85135,1,30.4,1,0,0
29.94813,1,20.7,1,0,0
19.55315,1,17.3,1,0,0
20.18878,1,15.7,1,0,0
13.4018,1,20.4,1,0,0
12.72429,1,28.9,1,0,0
12.57451,1,21.2,1,0,0
17.48929,1,35.8,1,0,0
23.69751,1,32.9,1,0,0
29.0962,1,37.9,1,0,0
27.34492,1,35.6,1,0,0
31.38024,1,38.3,1,0,0
30.3515,1,33.6,1,0,0
22.94645,1,39.7,1,0,0
27.01486,1,40.4,1,0,0
25.94214,1,41.7,1,0,0
35.99603,1,41.0,1,0,0
21.84377,1,42.3,1,0,0
22.80168,1,34.7,1,0,0
35.49533,1,34.4,1,0,0
10.5672,1,28.7,1,0,0
7.35144,1,25.7,1,0,0
5.72033,1,24.7,1,0,0
8.03911,1,13.7,1,0,0
12.40222,1,6.5,1,0,0
5.25202,1,15.0,1,0,0
18.20815,1,15.5,1,0,0
48.52579,1,16.7,1,0,0
24.32517,1,15.6,1,0,0
27.2577,1,23.0,1,0,0
16.53571,1,23.0,1,0,0
12.83305,1,29.2,1,0,0
15.24021,1,20.1,1,0,0
17.92093,1,13.7,1,0,0
16.03487,1,23.7,1,0,0
20.5923,1,19.6,1,0,0
14.44741,1,48.1,1,0,0
19.30167,1,14.6,1,0,0
29.12914,1,21.1,1,0,0
21.95701,1,26.4,1,0,0
19.05498,1,30.8,1,0,0
20.09578,1,26.5,1,0,0
32.53948,1,22.9,1,0,0
22.43311,1,24.8,1,0,0
5.38931,1,7.7,1,0,0
3.70297,1,29.8,1,0,0
4.23467,1,21.8,1,0,0
6.49279,1,14.0,1,0,0
7.06683,1,17.9,1,0,0
4.7641,1,23.4,1,0,0
6.58551,1,13.4,1,0,0
7.26522,1,42.6,1,0,0
18.17784,1,16.6,1,0,0
15.76987,1,17.1,1,0,0
19.86154,1,44.5,1,0,0
20.683,1,23.1,1,0,0
16.2519,1,23.1,1,0,0
12.41381,1,42.5,1,0,0
18.2404,1,36.3,1,0,0
25.25841,1,18.6,1,0,0
18.60192,1,22.4,1,0,0
21.76495,1,15.0,1,0,0
19.13404,1,18.2,1,0,0
12.5182,1,18.4,1,0,0
13.9706,1,24.1,1,0,0
30.03704,1,23.7,1,0,0
25.47963,1,24.1,1,0,0
9.53224,1,22.0,1,0,0
10.85542,1,20.5,1,0,0
9.99725,1,12.8,1,0,0
8.60949,1,15.9,1,0,0
6.77288,1,8.3,1,0,0
6.70997,1,10.2,1,0,0
5.54911,1,11.7,1,0,0
10.04749,1,13.1,1,0,0
10.13386,1,14.7,1,0,0
8.07258,1,15.0,1,0,0
9.90058,1,12.9,1,0,0
8.85267,1,19.3,1,0,0
18.75825,1,21.5,1,0,0
16.20911,1,18.9,1,0,0
15.51893,1,23.2,1,0,0
11.77142,1,19.4,1,0,0
12.84816,1,28.5,1,0,0
15.19633,1,18.8,1,0,0
15.85755,1,18.8,1,0,0
16.91056,1,18.8,1,0,0
16.06605,1,18.8,1,0,0
15.14083,1,18.8,1,0,0
18.5972,1,18.8,1,0,0
19.87447,1,18.8,1,0,0
12.1819,1,18.8,1,0,0
9.53033,1,18.8,1,0,0
10.37021,1,18.8,1,0,0
4.32548,1,18.8,1,0,0
7.00979,1,18.8,1,0,0
13.12731,1,18.8,1,0,0
23.43405,1,18.8,1,0,0
18.48958,1,18.8,1,0,0
32.92562,1,18.8,1,0,0
34.61922,1,18.8,1,0,0
25.28732,1,18.8,1,0,0
19.13031,1,18.8,1,0,0
29.97076,1,68.3,1,0,0
32.4178,1,57.2,1,0,0
20.31104,1,44.3,1,0,0
19.95046,1,33.4,1,0,0
9.87803,1,18.2,1,0,0
16.08482,1,25.5,1,0,0
23.6077,1,26.9,1,0,0
23.71997,1,28.8,1,0,0
30.2208,1,26.7,1,0,0
23.21456,1,23.0,1,0,0
17.1262,1,18.5,1,0,0
17.54247,1,21.8,1,0,0
19.12711,1,15.0,1,0,0
10.59948,1,17.7,1,0,0
12.84585,1,17.3,1,0,0
17.18315,1,23.1,1,0,0
18.66086,1,15.0,1,0,0
18.76226,1,11.8,1,0,0
11.94686,1,9.9,1,0,0
17.2448,1,13.2,1,0,0
25.70251,1,19.3,1,0,0
28.11663,1,21.2,1,0,0
22.82432,1,29.4,1,0,0
9.86603,1,11.6,1,0,0
4.31692,1,4.8,1,0,0
3.50068,1,6.4,1,0,0
4.33983,1,6.1,1,0,0
5.879,1,13.3,1,0,0
5.82918,1,10.2,1,0,0
6.07418,1,10.6,1,0,0
10.1789,1,12.8,1,0,0
10.54659,1,14.7,1,0,0
14.08763,1,17.2,1,0,0
9.67079,1,18.3,1,0,0
8.00397,1,16.2,1,0,0
6.31385,1,16.8,1,0,0
6.01646,1,16.1,1,0,0
4.53595,1,14.7,1,0,0
4.26261,1,13.6,1,0,0
6.50712,1,10.3,1,0,0
4.28828,1,5.0,1,0,0
7.7834,1,5.7,1,0,0
3.27745,1,5.9,1,0,0
11.40048,1,10.6,1,0,0
15.21519,1,10.7,1,0,0
9.04441,1,13.2,1,0,0
5.93539,1,18.7,1,0,0
4.88583,1,17.1,1,0,0
4.5427,1,16.8,1,0,0
4.5427,1,16.3,1,0,0
2.85036,1,18.8,1,0,0
3.34608,1,15.7,1,0,0
2.21695,1,25.0,1,0,0
3.72469,1,18.3,1,0,0
4.07114,1,15.7,1,0,0
3.32163,1,12.6,1,0,0
4.45745,1,20.4,1,0,0
4.35855,1,20.5,1,0,0
4.13532,1,19.5,1,0,0
6.91324,1,25.9,1,0,0
7.33281,1,26.7,1,0,0
3.94077,1,24.4,1,0,0
3.25124,1,17.8,1,0,0
3.79292,1,17.4,1,0,0
5.56657,1,18.2,1,0,0
6.50962,1,22.6,1,0,0
5.13285,1,19.0,1,0,0
12.28341,1,22.1,1,0,0
15.45738,1,25.8,1,0,0
13.99648,1,22.2,1,0,0
12.21249,1,19.5,1,0,0
9.01254,1,19.5,1,0,0
8.98696,1,23.9,1,0,0
9.60378,1,24.0,1,0,0
5.79431,1,21.1,1,0,0
6.23177,1,19.3,1,0,0
5.95174,1,22.8,1,0,0
6.05031,1,19.1,1,0,0
9.08338,1,21.5,1,0,0
8.44973,1,21.0,1,0,0
18.24993,1,33.3,1,0,0
24.72235,1,33.7,1,0,0
29.90049,1,30.2,1,0,0
29.94419,1,23.5,1,0,0
26.63321,1,17.5,1,0,0
19.91712,1,22.3,1,0,0
13.28715,1,22.7,1,0,0
14.03761,1,23.4,1,0,0
18.87172,1,10.6,1,0,0
12.17616,1,13.7,1,0,0
18.30892,1,11.1,1,0,0
21.23108,1,12.4,1,0,0
18.48328,1,12.2,1,0,0
20.88822,1,13.5,1,0,0
13.49754,1,13.8,1,0,0
13.81431,1,11.1,1,0,0
16.32619,1,16.8,1,0,0
9.29075,1,10.1,1,0,0
7.68469,1,14.2,1,0,0
6.51825,1,12.9,1,0,0
12.83577,1,16.8,1,0,0
7.13826,1,18.2,1,0,0
14.28497,1,21.9,1,0,0
13.36722,1,24.2,1,0,0
17.10625,1,28.9,1,0,0
18.53825,1,30.1,1,0,0
18.1217,1,27.5,1,0,0
15.31209,1,21.3,1,0,0
12.61993,1,19.4,1,0,0
8.47646,1,16.3,1,0,0
8.10567,1,17.7,1,0,0
7.22794,1,18.6,1,0,0
7.75996,1,20.7,1,0,0
9.26834,1,22.7,1,0,0
11.43121,1,24.3,1,0,0
19.47522,1,23.9,1,0,0
27.39057,1,26.1,1,0,0
18.7817,1,21.5,1,0,0
9.51779,1,18.4,1,0,0
9.09608,1,20.6,1,0,0
7.98769,1,24.2,1,0,0
6.2572,1,28.2,1,0,0
6.94937,1,28.3,1,0,0
6.15943,1,26.5,1,0,0
7.12179,1,23.3,1,0,0
7.22306,1,19.5,1,0,0
8.35284,1,21.3,1,0,0
12.83239,1,25.5,1,0,0
11.75724,1,25.5,1,0,0
10.81604,1,30.0,1,0,0
10.38668,1,27.9,1,0,0
9.07165,1,18.8,1,0,0
7.44619,1,19.9,1,0,0
7.6983,1,20.0,1,0,0
7.523,1,19.9,1,0,0
6.39784,1,22.8,1,0,0
5.95608,1,22.6,1,0,0
6.09261,1,20.6,1,0,0
12.0104,1,19.3,1,0,0
9.50587,1,9.9,1,0,0
16.23957,1,9.7,1,0,0
20.30634,1,15.5,1,0,0
12.15487,1,16.2,1,0,0
6.24102,1,24.6,1,0,0
8.06648,1,34.4,1,0,0
5.39705,1,20.5,1,0,0
8.73482,1,25.0,1,0,0
4.9627,1,22.7,1,0,0
3.85845,1,20.3,1,0,0
5.53974,1,17.7,1,0,0
4.63186,1,22.5,1,0,0
10.86812,1,24.5,1,0,0
11.11642,1,24.9,1,0,0
16.44511,1,22.7,1,0,0
30.29809,1,31.5,1,0,0
59.8838,1,37.5,1,0,0
47.93426,1,37.9,1,0,0
45.42215,1,30.8,1,0,0
48.21205,1,32.5,1,0,0
40.37821,1,33.1,1,0,0
26.66448,1,20.7,1,0,0
23.78496,1,24.1,1,0,0
33.80163,1,26.9,1,0,0
39.59597,1,34.3,1,0,0
34.17147,1,39.2,1,0,0
31.93494,1,51.4,1,0,0
27.76894,1,42.7,1,0,0
21.42632,1,41.1,1,0,0
13.67897,1,31.1,1,0,0
8.00743,1,24.2,1,0,0
9.2732,1,25.4,1,0,0
9.38247,1,22.7,1,0,0
8.6819,1,25.1,1,0,0
6.87805,1,26.2,1,0,0
9.78953,1,26.2,1,0,0
8.46627,1,26.7,1,0,0
16.04277,1,30.2,1,0,0
26.52619,1,38.0,1,0,0
23.07858,1,35.6,1,0,0
20.5944,1,36.5,1,0,0
22.43053,1,33.7,1,0,0
14.50134,1,32.2,1,0,0
13.18586,1,29.0,1,0,0
13.42861,1,24.1,1,0,0
14.32383,1,23.1,1,0,0
19.06382,1,23.6,1,0,0
26.58225,1,32.0,1,0,0
36.73483,1,34.4,1,0,0
32.82069,1,41.3,1,0,0
45.1666,1,55.3,1,0,0
36.22162,1,48.7,1,0,0
25.53527,1,40.2,1,0,0
17.76426,1,31.1,1,0,0
12.12996,1,24.4,1,0,0
11.2977,1,27.6,1,0,0
13.48285,1,30.2,1,0,0
12.14759,1,30.6,1,0,0
9.95709,1,26.1,1,0,0
21.51712,1,31.6,1,0,0
8.92264,1,24.5,1,0,0
16.39713,1,20.5,1,0,0
9.26937,1,21.6,1,0,0
15.38243,1,18.5,1,0,0
24.74254,1,20.2,1,0,0
8.99722,1,10.0,1,0,0
19.87276,1,12.1,1,0,0
11.58658,1,11.8,1,0,0
11.58658,1,11.8,1,0,0
11.93267,1,12.5,1,0,0
20.46322,1,16.0,1,0,0
24.02252,1,14.4,1,0,0
22.71301,1,18.7,1,0,0
18.89972,1,15.1,1,0,0
19.21651,1,13.8,1,0,0
21.87087,1,21.6,1,0,0
21.0181,1,18.9,1,0,0
20.9159,1,20.7,1,0,0
24.82846,1,23.8,1,0,0
19.68086,1,20.8,1,0,0
16.5537,1,18.4,1,0,0
14.24604,1,22.4,1,0,0
11.47111,1,16.5,1,0,0
13.86411,1,21.9,1,0,0
14.71471,1,21.3,1,0,0
16.07408,1,26.1,1,0,0
15.72613,1,30.7,1,0,0
11.11474,1,20.0,1,0,0
9.50428,1,16.0,1,0,0
8.39785,1,13.6,1,0,0
7.07276,1,13.5,1,0,0
4.44077,1,17.9,1,0,0
7.95133,1,22.3,1,0,0
9.79357,1,30.1,1,0,0
7.2905,1,32.7,1,0,0
11.52652,1,34.9,1,0,0
15.91659,1,34.4,1,0,0
14.71588,1,31.7,1,0,0
15.94215,1,33.7,1,0,0
12.89094,1,32.5,1,0,0
13.09563,1,34.1,1,0,0
12.28407,1,30.1,1,0,0
11.82503,1,29.4,1,0,0
12.13315,1,31.9,1,0,0
12.72458,1,35.8,1,0,0
15.3791,1,35.9,1,0,0
15.54815,1,36.9,1,0,0
15.65794,1,40.6,1,0,0
13.89976,1,36.7,1,0,0
21.13198,1,44.1,1,0,0
22.64502,1,46.0,1,0,0
21.72273,1,40.4,1,0,0
20.89647,1,35.4,1,0,0
16.29092,1,26.0,1,0,0
10.65702,1,21.5,1,0,0
11.89325,1,21.8,1,0,0
9.66571,1,18.2,1,0,0
8.13126,1,16.0,1,0,0
9.14339,1,16.2,1,0,0
10.05691,1,19.0,1,0,0
20.23389,1,24.9,1,0,0
18.03308,1,26.1,1,0,0
21.65123,1,31.3,1,0,0
20.57138,1,30.2,1,0,0
23.32515,1,35.3,1,0,0
15.56719,1,39.2,1,0,0
10.61523,1,33.5,1,0,0
9.26704,1,30.9,1,0,0
8.23102,1,27.7,1,0,0
5.02958,1,14.9,1,0,0
4.27089,1,18.1,1,0,0
4.5511,1,14.3,1,0,0
4.96631,1,12.5,1,0,0
5.83227,1,11.6,1,0,0
9.16078,1,9.6,1,0,0
13.33787,1,10.9,1,0,0
9.76575,1,11.8,1,0,0
7.96554,1,12.1,1,0,0
7.36157,1,10.5,1,0,0
5.75219,1,7.5,1,0,0
8.60614,1,7.8,1,0,0
6.46333,1,5.1,1,0,0
7.22446,1,10.0,1,0,0
13.83755,1,17.4,1,0,0
20.30472,1,20.4,1,0,0
23.26713,1,25.4,1,0,0
21.47064,1,20.1,1,0,0
19.65751,1,23.6,1,0,0
20.6793,1,24.1,1,0,0
11.48032,1,15.7,1,0,0
10.21481,1,12.9,1,0,0
11.51065,1,15.5,1,0,0
10.30781,1,12.4,1,0,0
9.64785,1,8.6,1,0,0
10.48066,1,8.9,1,0,0
12.07233,1,14.6,1,0,0
8.82953,1,23.2,1,0,0
13.73786,1,27.6,1,0,0
21.40264,1,27.5,1,0,0
15.71409,1,25.2,1,0,0
12.47825,1,20.2,1,0,0
6.1762,1,21.2,1,0,0
5.36788,1,29.9,1,0,0
8.39909,1,27.6,1,0,0
8.56489,1,26.4,1,0,0
4.53154,1,28.7,1,0,0
5.48212,1,24.4,1,0,0
3.52923,1,26.9,1,0,0
5.91757,1,26.9,1,0,0
11.51269,1,34.0,1,0,0
13.49746,1,31.9,1,0,0
12.90814,1,36.5,1,0,0
14.51755,1,37.4,1,0,0
13.44602,1,35.5,1,0,0
21.91826,1,32.3,1,0,0
14.1735,1,33.7,1,0,0
17.1803,1,34.1,1,0,0
13.83,1,28.3,1,0,0
15.19504,1,29.4,1,0,0
19.04645,1,29.8,1,0,0
16.45003,1,30.2,1,0,0
19.20876,1,28.9,1,0,0
25.89162,1,24.3,1,0,0
17.747,1,26.2,1,0,0
16.85359,1,24.0,1,0,0
12.03516,1,22.2,1,0,0
5.23072,1,22.3,1,0,0
9.32168,1,21.8,1,0,0
10.14455,1,22.4,1,0,0
11.80634,1,22.1,1,0,0
14.19185,1,24.7,1,0,0
18.36688,1,24.0,1,0,0
21.00234,1,24.3,1,0,0
17.92931,1,24.2,1,0,0
23.70498,1,29.9,1,0,0
14.89218,1,27.9,1,0,0
10.32982,1,28.0,1,0,0
11.56609,1,28.1,1,0,0
17.15281,1,32.2,1,0,0
16.07171,1,32.3,1,0,0
15.24377,1,37.4,1,0,0
13.65654,1,34.3,1,0,0
16.44623,1,34.0,1,0,0
12.30802,1,36.7,1,0,0
12.85183,1,33.1,1,0,0
12.72228,1,32.5,1,0,0
18.84388,1,35.3,1,0,0
25.21329,1,35.1,1,0,0
22.1274,1,38.1,1,0,0
17.83734,1,27.8,1,0,0
9.17183,1,27.8,1,0,0
5.93927,1,23.3,1,0,0
12.95382,1,22.4,1,0,0
22.71136,1,25.7,1,0,0
29.30328,1,25.6,1,0,0
33.86628,1,31.9,1,0,0
38.83788,1,41.9,1,0,0
41.98796,1,39.6,1,0,0
27.39167,1,32.6,1,0,0
16.61004,1,32.8,1,0,0
13.00265,1,25.5,1,0,0
10.81255,1,29.7,1,0,0
9.90075,1,26.7,1,0,0
7.9586,1,19.3,1,0,0
7.5525,1,22.5,1,0,0
7.96102,1,15.9,1,0,0
10.77452,1,19.0,1,0,0
15.09716,1,34.1,1,0,0
17.06032,1,35.7,1,0,0
21.46874,1,32.5,1,0,0
27.3745,1,40.7,1,0,0
51.82392,1,58.0,1,0,0
49.32994,1,50.5,1,0,0
56.01242,1,61.9,1,0,0
51.73819,1,50.2,1,0,0
31.04443,1,34.0,1,0,0
32.92667,1,33.7,1,0,0
28.38335,1,32.4,1,0,0
32.22982,1,31.8,1,0,0
28.27749,1,26.4,1,0,0
28.5654,1,27.6,1,0,0
20.23528,1,29.2,1,0,0
17.50259,1,32.3,1,0,0
18.96849,1,31.0,1,0,0
15.24736,1,35.1,1,0,0
25.44858,1,42.3,1,0,0
25.07667,1,32.0,1,0,0
18.59827,1,29.2,1,0,0
19.15511,1,14.6,1,0,0
16.40793,1,26.4,1,0,0
17.12675,1,25.2,1,0,0
15.55159,1,27.3,1,0,0
17.90986,1,41.9,1,0,0
22.08114,1,37.4,1,0,0
19.54907,1,33.6,1,0,0
16.62858,1,24.2,1,0,0
12.45899,1,21.3,1,0,0
11.32573,1,20.2,1,0,0
8.83446,1,15.2,1,0,0
5.13044,1,14.0,1,0,0
5.12123,1,15.7,1,0,0
5.05898,1,17.0,1,0,0
7.13771,1,17.6,1,0,0
10.9801,1,22.0,1,0,0
18.34942,1,28.1,1,0,0
27.37676,1,31.5,1,0,0
25.85514,1,34.3,1,0,0
18.79799,1,34.0,1,0,0
16.63972,1,27.8,1,0,0
23.31176,1,22.8,1,0,0
12.78858,1,26.3,1,0,0
14.82317,1,25.2,1,0,0
11.74781,1,24.5,1,0,0
11.42949,1,23.2,1,0,0
13.52191,1,23.5,1,0,0
9.63918,1,25.2,1,0,0
13.47268,1,27.1,1,0,0
14.5974,1,27.0,1,0,0
13.92513,1,23.5,1,0,0
13.07572,1,27.0,1,0,0
11.07047,1,22.0,1,0,0
8.07971,1,19.4,1,0,0
5.51873,1,20.1,1,0,0
5.51873,1,16.8,1,0,0
2.35201,1,20.6,1,0,0
2.86941,1,21.4,1,0,0
4.53525,1,20.6,1,0,0
6.64718,1,18.9,1,0,0
13.72215,1,25.7,1,0,0
18.0741,1,37.2,1,0,0
21.00528,1,39.4,1,0,0
18.99706,1,26.7,1,0,0
19.61176,1,28.9,1,0,0
16.81135,1,21.1,1,0,0
12.57163,1,19.1,1,0,0
17.04047,1,23.0,1,0,0
20.07146,1,24.1,1,0,0
16.55055,1,24.7,1,0,0
15.89168,1,22.8,1,0,0
18.47418,1,23.3,1,0,0
20.96983,1,33.0,1,0,0
23.85463,1,31.9,1,0,0
22.40808,1,31.9,1,0,0
20.91499,1,31.8,1,0,0
15.83975,1,29.7,1,0,0
18.78225,1,24.9,1,0,0
12.2373,1,22.2,1,0,0
7.27515,1,19.6,1,0,0
5.23853,1,16.7,1,0,0
5.26933,1,16.0,1,0,0
5.46653,1,12.5,1,0,0
7.21891,1,10.5,1,0,0
9.20524,1,11.9,1,0,0
11.26424,1,19.5,1,0,0
9.13997,1,18.1,1,0,0
9.14595,1,22.1,1,0,0
14.52586,1,28.7,1,0,0
13.25309,1,14.4,1,0,0
8.55235,1,8.5,1,0,0
7.43297,1,19.4,1,0,0
8.98859,1,20.6,1,0,0
6.77591,1,18.2,1,0,0
9.51873,1,17.0,1,0,0
10.40044,1,18.7,1,0,0
8.72379,1,21.9,1,0,0
8.75401,1,18.3,1,0,0
12.87415,1,26.0,1,0,0
14.46088,1,27.4,1,0,0
13.66177,1,30.5,1,0,0
11.33543,1,25.9,1,0,0
6.89235,1,23.9,1,0,0
6.4713,1,23.5,1,0,0
3.88695,1,22.7,1,0,0
4.16872,1,20.8,1,0,0
5.11526,1,19.3,1,0,0
8.67644,1,23.2,1,0,0
22.05746,1,26.9,1,0,0
36.44179,1,36.8,1,0,0
24.83189,1,31.7,1,0,0
16.03021,1,36.6,1,0,0
16.31685,1,32.0,1,0,0
13.38179,1,28.8,1,0,0
14.60298,1,24.5,1,0,0
14.71123,1,23.8,1,0,0
13.39246,1,33.5,1,0,0
14.46192,1,20.7,1,0,0
9.68221,1,29.0,1,0,0
11.63324,1,29.6,1,0,0
13.64998,1,30.2,1,0,0
17.23078,1,33.0,1,0,0
17.00369,1,33.4,1,0,0
13.68566,1,25.7,1,0,0
10.37791,1,26.7,1,0,0
12.00701,1,24.5,1,0,0
5.31839,1,25.1,1,0,0
3.81867,1,23.3,1,0,0
6.11022,1,25.2,1,0,0
5.50495,1,25.9,1,0,0
6.00808,1,30.2,1,0,0
11.73818,1,32.2,1,0,0
21.88197,1,37.3,1,0,0
32.51865,1,42.9,1,0,0
28.40379,1,39.2,1,0,0
17.17069,1,38.3,1,0,0
18.41721,1,40.2,1,0,0
18.24461,1,46.0,1,0,0
12.98388,1,45.2,1,0,0
13.07912,1,40.5,1,0,0
12.67428,1,41.7,1,0,0
10.46523,1,36.6,1,0,0
10.18337,1,37.8,1,0,0
11.9813,1,37.9,1,0,0
10.18241,1,31.5,1,0,0
14.14833,1,38.8,1,0,0
15.33263,1,35.7,1,0,0
15.66098,1,32.2,1,0,0
13.03673,1,30.6,1,0,0
9.65052,1,29.7,1,0,0
6.0327,1,31.6,1,0,0
4.59514,1,32.7,1,0,0
4.8689,1,31.4,1,0,0
4.89567,1,29.7,1,0,0
5.26124,1,35.3,1,0,0
6.52756,1,35.1,1,0,0
19.06364,1,36.5,1,0,0
25.491,1,46.7,1,0,0
23.40487,1,54.8,1,0,0
22.6501,1,45.3,1,0,0
22.67719,1,47.1,1,0,0
19.42569,1,45.1,1,0,0
17.59455,1,49.2,1,0,0
17.31828,1,53.3,1,0,0
16.31728,1,43.1,1,0,0
20.57335,1,53.5,1,0,0
21.92514,1,47.5,1,0,0
21.67357,1,40.5,1,0,0
16.906,1,34.8,1,0,0
18.58409,1,49.2,1,0,0
20.40992,1,42.7,1,0,0
14.67438,1,38.7,1,0,0
15.9808,1,34.7,1,0,0
8.95009,1,28.0,1,0,0
13.38567,1,24.4,1,0,0
12.38371,1,16.0,1,0,0
6.68244,1,18.7,1,0,0
4.78701,1,13.7,1,0,0
21.84725,1,17.4,1,0,0
14.27953,1,16.9,1,0,0
21.2832,1,13.1,1,0,0
11.50217,1,18.0,1,0,0
13.36421,1,14.7,1,0,0
23.06349,1,23.7,1,0,0
19.98864,1,19.6,1,0,0
21.81097,1,23.4,1,0,0
23.33699,1,23.1,1,0,0
21.23981,1,22.6,1,0,0
26.78404,1,29.4,1,0,0
17.04686,1,20.1,1,0,0
27.31317,1,27.8,1,0,0
23.92078,1,30.6,1,0,0
20.30044,1,23.5,1,0,0
22.81118,1,26.5,1,0,0
22.14989,1,24.4,1,0,0
14.20036,1,20.1,1,0,0
22.93701,1,14.9,1,0,0
37.60052,1,19.3,1,0,0
15.90015,1,39.5,1,0,0
14.01495,1,31.9,1,0,0
18.08138,1,30.7,1,0,0
16.15432,1,25.1,1,0,0
25.95186,1,27.1,1,0,0
12.38184,1,18.2,1,0,0
11.66222,1,13.8,1,0,0
10.56554,1,23.5,1,0,0
14.82091,1,21.9,1,0,0
24.23987,1,17.2,1,0,0
15.3601,1,15.2,1,0,0
25.11273,1,24.2,1,0,0
16.07646,1,9.8,1,0,0
16.32344,1,19.9,1,0,0
15.36549,1,14.6,1,0,0
15.05388,1,20.5,1,0,0
18.46756,1,23.4,1,0,0
11.68482,1,27.0,1,0,0
10.52884,1,17.6,1,0,0
14.55715,1,26.8,1,0,0
13.75345,1,21.3,1,0,0
14.68632,1,19.8,1,0,0
11.99361,1,15.1,1,0,0
10.58912,1,17.4,1,0,0
5.20402,1,15.1,1,0,0
4.26449,1,15.7,1,0,0
3.56375,1,16.5,1,0,0
4.15858,1,19.2,1,0,0
3.77581,1,17.9,1,0,0
10.77209,1,23.2,1,0,0
16.12173,1,27.8,1,0,0
25.17931,1,33.2,1,0,0
17.21004,1,37.2,1,0,0
17.98464,1,38.4,1,0,0
26.71573,1,51.3,1,0,0
29.57581,1,59.5,1,0,0
26.51715,1,54.0,1,0,0
23.43477,1,32.3,1,0,0
21.23755,1,21.5,1,0,0
9.75517,1,20.8,1,0,0
8.11702,1,17.2,1,0,0
7.77772,1,16.4,1,0,0
14.62867,1,23.5,1,0,0
17.7471,1,30.2,1,0,0
20.47919,1,42.9,1,0,0
21.47197,1,27.5,1,0,0
19.0026,1,26.6,1,0,0
14.15694,1,32.6,1,0,0
9.17446,1,20.2,1,0,0
8.15344,1,17.5,1,0,0
8.1425,1,15.5,1,0,0
10.48069,1,18.6,1,0,0
10.2496,1,21.3,1,0,0
17.41724,1,19.4,1,0,0
17.09885,1,24.1,1,0,0
17.78916,1,27.8,1,0,0
12.04171,1,36.6,1,0,0
8.3796,1,35.3,1,0,0
8.79261,1,28.2,1,0,0
8.41064,1,23.3,1,0,0
12.18781,1,41.2,1,0,0
10.55289,1,46.2,1,0,0
7.33817,1,28.7,1,0,0
6.05214,1,29.5,1,0,0
7.53228,1,35.5,1,0,0
8.40486,1,33.6,1,0,0
6.63059,1,28.0,1,0,0
6.88502,1,22.9,1,0,0
8.78612,1,20.7,1,0,0
7.55669,1,18.3,1,0,0
7.37374,1,10.6,1,0,0
5.68573,1,7.5,1,0,0
4.80696,1,4.4,1,0,0
5.2389,1,7.8,1,0,0
4.2288,1,6.8,1,0,0
4.80477,1,7.5,1,0,0
5.12334,1,7.8,1,0,0
8.32323,1,4.1,1,0,0
15.56647,1,1.7,1,0,0
12.02378,1,3.9,1,0,0
11.9401,1,1.7,1,0,0
12.28049,1,12.9,1,0,0
12.47312,1,15.4,1,0,0
11.75577,1,11.5,1,0,0
11.92375,1,7.1,1,0,0
9.52312,1,11.0,1,0,0
8.79294,1,8.6,1,0,0
11.15197,1,5.5,1,0,0
13.41902,1,23.6,1,0,0
14.65549,1,26.4,1,0,0
11.04299,1,13.7,1,0,0
15.07176,1,28.2,1,0,0
14.40359,1,15.5,1,0,0
17.28234,1,8.6,1,0,0
16.39845,1,10.4,1,0,0
13.36739,1,11.4,1,0,0
7.18004,1,11.6,1,0,0
4.42504,1,10.6,1,0,0
11.24533,1,9.8,1,0,0
10.96067,1,9.9,1,0,0
10.64828,1,5.8,1,0,0
19.5163,1,6.4,1,0,0
18.84465,1,9.7,1,0,0
23.51928,1,14.7,1,0,0
36.82966,1,27.1,1,0,0
27.28368,1,26.6,1,0,0
24.65316,1,24.4,1,0,0
21.86894,1,20.0,1,0,0
26.96137,1,24.7,1,0,0
25.01981,1,29.2,1,0,0
22.34499,1,22.0,1,0,0
19.75285,1,19.8,1,0,0
19.43817,1,20.6,1,0,0
17.01196,1,20.9,1,0,0
12.05004,1,20.0,1,0,0
17.25922,1,20.1,1,0,0
18.06895,1,15.7,1,0,0
15.74984,1,8.6,1,0,0
16.63051,1,13.4,1,0,0
14.44311,1,10.8,1,0,0
12.22827,1,12.1,1,0,0
9.85046,1,10.7,1,0,0
6.71978,1,15.2,1,0,0
7.84788,1,16.1,1,0,0
8.45447,1,14.6,1,0,0
14.60691,1,12.4,1,0,0
25.49051,1,17.8,1,0,0
28.3381,1,23.6,1,0,0
23.72514,1,48.6,1,0,0
20.28375,1,31.7,1,0,0
19.68218,1,22.0,1,0,0
15.65215,1,18.2,1,0,0
16.9661,1,21.4,1,0,0
18.10299,1,11.8,1,0,0
15.32829,1,15.5,1,0,0
18.34071,1,17.6,1,0,0
17.25918,1,13.8,1,0,0
20.98765,1,10.9,1,0,0
25.96596,1,11.6,1,0,0
23.18473,1,11.4,1,0,0
23.11173,1,14.2,1,0,0
26.96616,1,12.1,1,0,0
30.49431,1,11.4,1,0,0
25.7044,1,11.7,1,0,0
16.22055,1,7.2,1,0,0
11.93003,1,11.6,1,0,0
10.16671,1,6.4,1,0,0
11.60569,1,8.5,1,0,0
8.71709,1,7.7,1,0,0
13.19199,1,5.2,1,0,0
12.39815,1,5.9,1,0,0
15.17985,1,2.5,1,0,0
13.3264,1,8.9,1,0,0
9.3712,1,10.0,1,0,0
10.74872,1,16.6,1,0,0
11.73216,1,20.5,1,0,0
11.48473,1,16.8,1,0,0
13.89318,1,14.7,1,0,0
13.89318,1,10.0,1,0,0
12.77141,1,7.0,1,0,0
10.30482,1,11.6,1,0,0
14.47255,1,9.4,1,0,0
20.45544,1,10.4,1,0,0
29.69459,1,8.1,1,0,0
22.84047,1,7.9,1,0,0
21.49856,1,7.1,1,0,0
20.3446,1,7.6,1,0,0
11.92331,1,3.6,1,0,0
9.28353,1,0.6,1,0,0
14.12698,1,6.4,1,0,0
12.71763,1,7.6,1,0,0
25.17172,1,5.5,1,0,0
20.53292,1,4.6,1,0,0
12.97626,1,7.2,1,0,0
13.82886,1,7.1,1,0,0
13.50522,1,13.3,1,0,0
10.344,1,65.0,1,0,0
6.02527,1,14.6,1,0,0
6.09555,1,13.1,1,0,0
4.6747,1,14.4,1,0,0
8.38059,1,12.2,1,0,0
8.62539,1,11.2,1,0,0
10.86017,1,11.0,1,0,0
7.07188,1,18.6,1,0,0
15.81756,1,10.5,1,0,0
17.39758,1,12.3,1,0,0
7.76046,1,12.4,1,0,0
9.59792,1,14.4,1,0,0
10.26585,1,16.0,1,0,0
9.68176,1,11.3,1,0,0
9.72939,1,11.1,1,0,0
7.3477,1,6.9,1,0,0
7.44715,1,3.7,1,0,0
5.60772,1,3.7,1,0,0
7.34298,1,5.7,1,0,0
7.77874,1,7.0,1,0,0
4.48397,1,5.9,1,0,0
13.23683,1,10.6,1,0,0
14.43367,1,13.4,1,0,0
22.28584,1,17.9,1,0,0
10.62688,1,9.9,1,0,0
5.52737,1,12.4,1,0,0
4.36662,1,11.0,1,0,0
5.4367,1,4.4,1,0,0
10.30377,1,8.4,1,0,0
7.13245,1,6.9,1,0,0
9.31901,1,4.9,1,0,0
5.63023,1,18.5,1,0,0
4.89592,1,9.3,1,0,0
8.92459,1,11.4,1,0,0
10.29293,1,28.1,1,0,0
23.58352,1,14.6,1,0,0
17.16236,1,12.7,1,0,0
16.20294,1,15.2,1,0,0
19.06981,1,30.8,1,0,0
23.07159,1,17.2,1,0,0
16.5297,1,12.6,1,0,0
18.74331,1,16.7,1,0,0
17.96123,1,17.0,1,0,0
22.93974,1,18.1,1,0,0
15.44881,1,11.0,1,0,0
12.27509,1,15.0,1,0,0
15.54455,1,19.3,1,0,0
16.55672,1,16.0,1,0,0
17.70085,1,22.8,1,0,0
18.72639,1,26.1,1,0,0
20.56842,1,22.1,1,0,0
17.87963,1,21.9,1,0,0
14.54933,1,16.8,1,0,0
14.79228,1,22.8,1,0,0
14.20073,1,31.1,1,0,0
24.72183,1,35.4,1,0,0
21.30483,1,10.8,1,0,0
17.56258,1,14.8,1,0,0
18.22186,1,15.4,1,0,0
20.08803,1,22.0,1,0,0
19.28679,1,22.4,1,0,0
19.644,1,22.6,1,0,0
21.3273,1,16.8,1,0,0
12.57093,1,10.9,1,0,0
10.54279,1,11.7,1,0,0
6.33549,1,12.1,1,0,0
7.994,1,13.6,1,0,0
6.73467,1,10.8,1,0,0
7.9046,1,17.8,1,0,0
10.91689,1,16.8,1,0,0
19.17607,1,18.8,1,0,0
22.09496,1,23.0,1,0,0
35.53647,1,33.4,1,0,0
33.1112,1,24.8,1,0,0
32.03257,1,19.2,1,0,0
30.79393,1,28.1,1,0,0
29.64834,1,29.4,1,0,0
27.61525,1,14.4,1,0,0
33.74836,1,23.1,1,0,0
32.41947,1,21.3,1,0,0
22.02356,1,9.6,1,0,0
20.94692,1,12.5,1,0,0
22.17409,1,10.7,1,0,0
22.68119,1,10.5,1,0,0
17.37095,1,15.4,1,0,0
21.09907,1,18.9,1,0,0
23.56865,1,16.1,1,0,0
16.36166,1,11.1,1,0,0
10.98219,1,9.8,1,0,0
10.06623,1,5.8,1,0,0
7.3052,1,7.6,1,0,0
8.12862,1,5.6,1,0,0
15.35641,1,6.7,1,0,0
28.24717,1,12.3,1,0,0
22.8844,1,13.8,1,0,0
38.60788,1,26.1,1,0,0
34.80259,1,18.5,1,0,0
24.79237,1,23.3,1,0,0
22.04375,1,15.9,1,0,0
31.61704,1,16.6,1,0,0
23.56108,1,19.6,1,0,0
23.41223,1,21.1,1,0,0
22.694,1,28.0,1,0,0
15.26641,1,14.0,1,0,0
21.80887,1,15.8,1,0,0
20.54334,1,13.4,1,0,0
18.57927,1,13.2,1,0,0
17.10488,1,13.7,1,0,0
17.26053,1,19.2,1,0,0
23.34158,1,21.5,1,0,0
26.67812,1,16.6,1,0,0
24.37903,1,20.8,1,0,0
16.03226,1,11.8,1,0,0
13.35245,1,11.4,1,0,0
13.10011,1,9.5,1,0,0
18.59543,1,8.6,1,0,0
23.37067,1,9.9,1,0,0
31.8707,1,11.5,1,0,0
29.57306,1,16.1,1,0,0
24.90939,1,16.5,1,0,0
30.59148,1,16.9,1,0,0
40.75166,1,18.7,1,0,0
22.10678,1,16.2,1,0,0
26.72488,1,23.4,1,0,0
21.57946,1,16.6,1,0,0
21.1648,1,19.5,1,0,0
20.2091,1,17.8,1,0,0
14.35002,1,18.8,1,0,0
20.42908,1,19.4,1,0,0
20.04441,1,19.2,1,0,0
22.02791,1,30.9,1,0,0
18.71294,1,32.2,1,0,0
16.50632,1,28.0,1,0,0
19.09036,1,20.7,1,0,0
18.63785,1,16.7,1,0,0
18.22109,1,18.0,1,0,0
14.98719,1,20.6,1,0,0
12.72054,1,18.8,1,0,0
14.73492,1,15.6,1,0,0
13.58162,1,17.1,1,0,0
16.55253,1,16.5,1,0,0
20.0451,1,19.9,1,0,0
29.50627,1,32.1,1,0,0
28.76745,1,33.5,1,0,0
32.40019,1,35.1,1,0,0
28.79759,1,41.1,1,0,0
26.33579,1,33.6,1,0,0
27.2546,1,39.9,1,0,0
35.62089,1,43.6,1,0,0
17.59503,1,28.7,1,0,0
27.5767,1,35.2,1,0,0
30.65072,1,42.6,1,0,0
24.65011,1,29.8,1,0,0
20.71838,1,30.8,1,0,0
24.63211,1,31.5,1,0,0
22.6589,1,34.4,1,0,0
22.75859,1,39.7,1,0,0
53.58991,1,42.1,1,0,0
68.46045,1,61.1,1,0,0
37.86529,1,34.8,1,0,0
21.61364,1,36.2,1,0,0
22.18985,1,30.6,1,0,0
31.89105,1,31.5,1,0,0
29.9742,1,27.4,1,0,0
26.34192,1,15.9,1,0,0
15.45065,1,17.5,1,0,0
21.74736,1,23.2,1,0,0
20.86289,1,26.7,1,0,0
11.25341,1,22.8,1,0,0
6.73054,1,15.7,1,0,0
7.64065,1,12.2,1,0,0
9.94276,1,13.9,1,0,0
12.3335,1,34.1,1,0,0
16.12597,1,13.3,1,0,0
14.28126,1,9.1,1,0,0
9.42791,1,12.9,1,0,0
7.40931,1,14.1,1,0,0
12.13654,1,15.0,1,0,0
10.19692,1,15.0,1,0,0
14.62193,1,41.1,1,0,0
17.99097,1,29.6,1,0,0
22.9788,1,34.5,1,0,0
27.88197,1,30.8,1,0,0
20.33794,1,29.0,1,0,0
19.17546,1,18.6,1,0,0
12.39611,1,13.9,1,0,0
13.36193,1,16.1,1,0,0
14.28906,1,15.0,1,0,0
26.0655,1,13.7,1,0,0
30.28535,1,9.7,1,0,0
20.25112,1,9.5,1,0,0
10.14395,1,16.9,1,0,0
14.44825,1,17.6,1,0,0
16.72252,1,26.9,1,0,0
29.47617,1,26.8,1,0,0
17.97842,1,18.4,1,0,0
15.04332,1,15.0,1,0,0
16.79539,1,12.0,1,0,0
19.28032,1,26.7,1,0,0
18.13717,1,23.0,1,0,0
16.05712,1,24.8,1,0,0
21.74499,1,27.5,1,0,0
16.60577,1,24.9,1,0,0
24.84502,1,28.7,1,0,0
17.63638,1,33.2,1,0,0
22.84644,1,32.3,1,0,0
24.22598,1,32.7,1,0,0
22.24803,1,33.5,1,0,0
18.30896,1,30.0,1,0,0
16.65538,1,26.7,1,0,0
16.92877,1,28.6,1,0,0
10.88021,1,7.3,1,0,0
3.58565,1,11.3,1,0,0
1.82412,1,13.0,1,0,0
1.9172,1,16.3,1,0,0
2.32674,1,5.8,1,0,0
8.57509,1,6.4,1,0,0
14.07943,1,11.6,1,0,0
10.0184,1,14.4,1,0,0
27.48866,1,21.9,1,0,0
15.21103,1,12.9,1,0,0
17.05474,1,33.2,1,0,0
12.05394,1,34.8,1,0,0
15.06683,1,28.4,1,0,0
14.96355,1,28.8,1,0,0
15.66579,1,14.9,1,0,0
13.32309,1,25.4,1,0,0
12.03916,1,28.2,1,0,0
15.41614,1,18.2,1,0,0
17.84549,1,26.3,1,0,0
16.22529,1,16.3,1,0,0
21.27037,1,15.1,1,0,0
13.66956,1,18.6,1,0,0
16.30433,1,18.9,1,0,0
8.41424,1,13.2,1,0,0
4.23051,1,11.9,1,0,0
10.62763,1,15.0,1,0,0
13.65772,1,14.5,1,0,0
25.747,1,17.0,1,0,0
35.08481,1,18.6,1,0,0
29.1776,1,34.9,1,0,0
44.52876,1,22.4,1,0,0
14.2228,1,20.4,1,0,0
24.20038,1,15.9,1,0,0
17.10493,1,32.7,1,0,0
25.75461,1,30.0,1,0,0
10.7997,1,19.6,1,0,0
5.67865,1,16.0,1,0,0
9.81074,1,13.8,1,0,0
18.42992,1,16.9,1,0,0
22.41178,1,4.7,1,0,0
21.58562,1,14.6,1,0,0
11.38689,1,10.0,1,0,0
28.44446,1,21.7,1,0,0
47.45134,1,25.7,1,0,0
64.45057,1,28.5,1,0,0
41.77419,1,20.4,1,0,0
17.31319,1,15.5,1,0,0
23.66548,1,19.7,1,0,0
31.415,1,21.0,1,0,0
22.93512,1,15.8,1,0,0
23.40535,1,15.7,1,0,0
20.65943,1,15.4,1,0,0
15.56416,1,17.3,1,0,0
11.58957,1,15.6,1,0,0
8.538,1,13.8,1,0,0
5.17106,1,14.5,1,0,0
5.99085,1,8.4,1,0,0
3.96064,1,9.7,1,0,0
8.31581,1,16.2,1,0,0
9.40171,1,18.6,1,0,0
10.61843,1,24.8,1,0,0
9.79499,1,18.6,1,0,0
6.64828,1,12.9,1,0,0
7.73418,1,18.9,1,0,0
8.11142,1,16.2,1,0,0
7.39753,1,19.7,1,0,0
9.16221,1,31.8,1,0,0
11.03196,1,4.9,1,0,0
5.13314,1,8.5,1,0,0
6.98021,1,5.1,1,0,0
2.86714,1,15.0,1,0,0
7.74774,1,10.5,1,0,0
13.15819,1,12.6,1,0,0
3.47111,1,11.4,1,0,0
11.71275,1,9.4,1,0,0
25.20432,1,12.7,1,0,0
22.97227,1,17.1,1,0,0
9.09595,1,11.9,1,0,0
25.70947,1,27.6,1,0,0
27.8074,1,19.1,1,0,0
15.3944,1,19.6,1,0,0
16.51016,1,29.1,1,0,0
23.28788,1,17.3,1,0,0
16.04194,1,19.2,1,0,0
15.51045,1,18.9,1,0,0
24.45273,1,32.6,1,0,0
18.63525,1,20.7,1,0,0
35.51385,1,21.9,1,0,0
19.50926,1,17.6,1,0,0
17.98046,1,16.9,1,0,0
19.86672,1,19.3,1,0,0
29.54513,1,17.4,1,0,0
21.5119,1,18.2,1,0,0
21.34844,1,15.3,1,0,0
13.38854,1,16.8,1,0,0
18.93643,1,18.4,1,0,0
17.88737,1,15.5,1,0,0
20.62884,1,15.6,1,0,0
16.85475,1,16.7,1,0,0
19.8817,1,15.3,1,0,0
22.1254,1,22.6,1,0,0
17.98042,1,20.8,1,0,0
12.14441,1,17.1,1,0,0
10.57968,1,14.6,1,0,0
13.98866,1,20.8,1,0,0
17.51043,1,21.5,1,0,0
11.06965,1,19.7,1,0,0
8.0321,1,18.6,1,0,0
11.90096,1,18.8,1,0,0
6.94452,1,22.8,1,0,0
8.19506,1,17.6,1,0,0
6.58486,1,16.0,1,0,0
7.56924,1,15.4,1,0,0
11.38396,1,27.5,1,0,0
18.91669,1,27.7,1,0,0
24.55646,1,25.8,1,0,0
31.53698,1,22.1,1,0,0
14.45039,1,10.4,1,0,0
14.57057,1,10.2,1,0,0
12.12812,1,13.8,1,0,0
21.28867,1,13.7,1,0,0
20.95562,1,8.3,1,0,0
15.78858,1,14.1,1,0,0
18.10859,1,14.6,1,0,0
10.06226,1,14.9,1,0,0
10.10874,1,17.6,1,0,0
9.75036,1,18.6,1,0,0
6.15744,1,13.4,1,0,0
11.08403,1,16.3,1,0,0
9.89662,1,14.9,1,0,0
5.44426,1,14.3,1,0,0
8.50924,1,11.1,1,0,0
4.17709,1,13.7,1,0,0
6.15081,1,18.7,1,0,0
7.49235,1,14.4,1,0,0
6.725,1,28.1,1,0,0
6.00576,1,21.2,1,0,0
6.51424,1,16.3,1,0,0
7.19626,1,15.0,1,0,0
8.61094,1,12.9,1,0,0
4.27824,1,18.2,1,0,0
3.77069,1,14.8,1,0,0
3.96339,1,10.7,1,0,0
6.63544,1,17.9,1,0,0
9.42157,1,16.5,1,0,0
3.58649,1,11.6,1,0,0
7.3998,1,13.7,1,0,0
10.2318,1,19.8,1,0,0
6.61183,1,16.4,1,0,0
10.19434,1,18.1,1,0,0
4.85507,1,5.8,1,0,0
4.01914,1,10.8,1,0,0
4.65453,1,11.5,1,0,0
5.22515,1,11.6,1,0,0
5.86465,1,8.0,1,0,0
3.11319,1,17.5,1,0,0
2.79308,1,11.7,1,0,0
3.54659,1,11.7,1,0,0
5.20583,1,13.3,1,0,0
6.62601,1,16.1,1,0,0
4.50177,1,16.8,1,0,0
5.63438,1,16.3,1,0,0
9.06539,1,22.7,1,0,0
11.12325,1,19.1,1,0,0
8.16053,1,17.7,1,0,0
5.51373,1,10.6,1,0,0
2.52944,1,10.7,1,0,0
2.70576,1,10.3,1,0,0
2.7466,1,11.5,1,0,0
2.98866,1,15.3,1,0,0
2.9048,1,12.1,1,0,0
4.7804,1,20.2,1,0,0
9.07311,1,21.9,1,0,0
9.07164,1,16.5,1,0,0
9.04805,1,16.6,1,0,0
8.23158,1,17.7,1,0,0
6.57072,1,13.3,1,0,0
3.62191,1,16.2,1,0,0
4.3845,1,21.3,1,0,0
4.88532,1,22.3,1,0,0
5.43027,1,22.9,1,0,0
4.34718,1,14.8,1,0,0
4.06851,1,12.4,1,0,0
2.51938,1,9.8,1,0,0
5.33196,1,21.2,1,0,0
4.87317,1,26.7,1,0,0
12.38447,1,27.4,1,0,0
10.81314,1,36.5,1,0,0
7.48701,1,22.4,1,0,0
4.92081,1,15.2,1,0,0
3.21502,1,7.7,1,0,0
2.71392,1,13.1,1,0,0
5.59181,1,11.8,1,0,0
3.92907,1,13.9,1,0,0
2.37818,1,18.0,1,0,0
14.49547,1,24.1,1,0,0
15.65262,1,20.2,1,0,0
11.08261,1,24.9,1,0,0
10.66446,1,32.9,1,0,0
7.8901,1,23.1,1,0,0
8.3303,1,23.5,1,0,0
11.29177,1,29.0,1,0,0
13.24006,1,26.6,1,0,0
14.90387,1,23.4,1,0,0
12.72655,1,18.0,1,0,0
10.94812,1,25.4,1,0,0
8.29091,1,20.2,1,0,0
11.38905,1,14.1,1,0,0
10.95399,1,12.8,1,0,0
10.14927,1,18.2,1,0,0
10.70554,1,15.0,1,0,0
12.70946,1,15.3,1,0,0
12.1708,1,13.2,1,0,0
10.93131,1,5.6,1,0,0
5.34201,1,6.1,1,0,0
8.5976,1,10.8,1,0,0
6.12199,1,9.6,1,0,0
6.16874,1,6.9,1,0,0
12.64694,1,12.6,1,0,0
21.16784,1,19.9,1,0,0
17.89859,1,12.7,1,0,0
19.41196,1,15.0,1,0,0
14.24094,1,7.3,1,0,0
9.56464,1,20.9,1,0,0
8.71793,1,25.3,1,0,0
7.28538,1,20.1,1,0,0
5.92677,1,16.7,1,0,0
8.04399,1,16.1,1,0,0
6.70415,1,21.8,1,0,0
6.70137,1,19.3,1,0,0
5.17753,1,21.6,1,0,0
5.64464,1,10.4,1,0,0
5.39995,1,14.0,1,0,0
8.59783,1,13.7,1,0,0
10.05302,1,12.6,1,0,0
13.57132,1,13.7,1,0,0
9.96723,1,16.1,1,0,0
18.46275,1,16.5,1,0,0
21.59662,1,14.6,1,0,0
23.26612,1,13.2,1,0,0
16.32904,1,11.7,1,0,0
18.50033,1,11.8,1,0,0
20.57949,1,21.7,1,0,0
25.91559,1,23.5,1,0,0
23.55179,1,23.1,1,0,0
18.57017,1,32.6,1,0,0
13.83408,1,29.8,1,0,0
17.35666,1,38.5,1,0,0
13.53827,1,33.2,1,0,0
12.90655,1,39.0,1,0,0
13.50109,1,39.3,1,0,0
13.38744,1,33.0,1,0,0
13.37735,1,24.7,1,0,0
13.64714,1,28.9,1,0,0
15.71259,1,49.1,1,0,0
18.53544,1,45.9,1,0,0
18.78954,1,33.4,1,0,0
25.39116,1,38.1,1,0,0
24.32414,1,32.1,1,0,0
32.89398,1,32.2,1,0,0
32.11141,1,31.1,1,0,0
19.7446,1,34.1,1,0,0
20.13361,1,40.1,1,0,0
32.0707,1,30.2,1,0,0
25.7883,1,24.9,1,0,0
26.6542,1,47.2,1,0,0
28.23804,1,38.4,1,0,0
36.18556,1,15.3,1,0,0
31.88738,1,28.8,1,0,0
34.08906,1,32.2,1,0,0
30.81204,1,32.2,1,0,0
15.24988,1,35.3,1,0,0
10.38795,1,29.9,1,0,0
7.87508,1,27.2,1,0,0
5.65294,1,19.5,1,0,0
10.52901,1,9.7,1,0,0
8.07757,1,16.6,1,0,0
11.16378,1,6.1,1,0,0
10.53227,1,13.6,1,0,0
10.6296,1,9.2,1,0,0
15.94608,1,16.0,1,0,0
30.9489,1,20.1,1,0,0
26.99311,1,35.9,1,0,0
14.5542,1,44.5,1,0,0
20.22793,1,35.2,1,0,0
16.32027,1,34.4,1,0,0
12.96239,1,33.9,1,0,0
10.36371,1,20.1,1,0,0
9.32672,1,25.2,1,0,0
7.26397,1,13.8,1,0,0
8.34086,1,29.1,1,0,0
10.67972,1,15.8,1,0,0
11.963,1,16.0,1,0,0
12.83859,1,11.8,1,0,0
10.26783,1,20.8,1,0,0
6.8098,1,27.2,1,0,0
7.24757,1,36.8,1,0,0
4.89268,1,37.5,1,0,0
5.8004,1,50.3,1,0,0
5.66147,1,38.9,1,0,0
7.30948,1,45.0,1,0,0
5.26478,1,39.4,1,0,0
4.95662,1,37.9,1,0,0
5.99086,1,36.0,1,0,0
4.74374,1,40.6,1,0,0
3.79459,1,34.0,1,0,0
4.3783,1,35.5,1,0,0
2.96348,1,30.3,1,0,0
2.48759,1,31.6,1,0,0
2.10993,1,27.7,1,0,0
1.61232,1,24.3,1,0,0
1.56741,1,25.4,1,0,0
2.89593,1,25.1,1,0,0
2.64575,1,22.6,1,0,0
1.86114,1,22.8,1,0,0
2.58564,1,18.6,1,0,0
4.93126,1,18.8,1,0,0
5.13582,1,18.4,1,0,0
3.7944,1,29.9,1,0,0
3.88605,1,10.6,1,0,0
3.57313,1,32.3,1,0,0
2.17766,1,37.1,1,0,0
2.85285,1,36.8,1,0,0
2.88931,1,30.6,1,0,0
3.85607,1,32.8,1,0,0
5.66658,1,29.1,1,0,0
5.14638,1,23.4,1,0,0
3.80951,1,29.6,1,0,0
4.22492,1,25.3,1,0,0
3.31582,1,24.8,1,0,0
3.02243,1,28.4,1,0,0
3.45081,1,25.3,1,0,0
2.21744,1,33.2,1,0,0
1.63553,1,26.4,1,0,0
1.24006,1,16.4,1,0,0
0.85705,1,20.8,1,0,0
0.8861,1,23.6,1,0,0
0.85683,1,11.1,1,0,0
1.15518,1,12.0,1,0,0
1.36784,1,18.6,1,0,0
1.6057,1,20.2,1,0,0
1.82209,1,19.3,1,0,0
2.64189,1,20.6,1,0,0
2.9681,1,20.3,1,0,0
4.24213,1,22.3,1,0,0
3.21887,1,21.3,1,0,0
2.91324,1,24.4,1,0,0
3.82083,1,23.0,1,0,0
3.03729,1,22.3,1,0,0
2.44447,1,24.3,1,0,0
1.82605,1,23.0,1,0,0
3.2615,1,20.3,1,0,0
5.14741,1,22.0,1,0,0
5.719,1,29.9,1,0,0
5.96757,1,31.4,1,0,0
10.93804,1,31.9,1,0,0
5.44033,1,24.6,1,0,0
4.10056,1,21.1,1,0,0
3.05916,1,16.2,1,0,0
28.04339,1,23.9,1,0,0
27.63762,1,18.7,1,0,0
11.80881,1,17.6,1,0,0
19.70916,1,21.2,1,0,0
25.52978,1,25.1,1,0,0
15.13723,1,26.3,1,0,0
15.06622,1,33.2,1,0,0
15.36951,1,26.1,1,0,0
9.02693,1,24.8,1,0,0
9.40079,1,13.1,1,0,0
10.05859,1,9.3,1,0,0
10.25087,1,13.5,1,0,0
8.41233,1,13.5,1,0,0
8.92383,1,20.5,1,0,0
7.7038,1,12.1,1,0,0
9.63029,1,18.0,1,0,0
6.9659,1,20.2,1,0,0
7.6017,1,45.0,1,0,0
7.22137,1,7.7,1,0,0
7.34048,1,17.3,1,0,0
15.12961,1,17.2,1,0,0
8.02144,1,16.6,1,0,0
21.82307,1,14.8,1,0,0
4.52647,1,13.7,1,0,0
5.66341,1,11.7,1,0,0
7.75345,1,13.3,1,0,0
3.84528,1,24.2,1,0,0
3.06731,1,20.6,1,0,0
6.89189,1,29.6,1,0,0
9.15778,1,30.3,1,0,0
7.99611,1,30.7,1,0,0
11.07348,1,21.8,1,0,0
6.85722,1,24.2,1,0,0
10.60388,1,26.9,1,0,0
5.82141,1,23.1,1,0,0
7.45028,1,15.4,1,0,0
8.57567,1,15.0,1,0,0
8.10946,1,14.5,1,0,0
7.11753,1,15.6,1,0,0
7.3093,1,10.3,1,0,0
8.19473,1,9.0,1,0,0
8.84579,1,5.8,1,0,0
8.41696,1,9.5,1,0,0
6.6265,1,14.6,1,0,0
8.26692,1,14.2,1,0,0
9.01117,1,16.9,1,0,0
10.76293,1,14.4,1,0,0
6.89965,1,22.6,1,0,0
14.42242,1,25.7,1,0,0
17.2611,1,11.1,1,0,0
12.02887,1,15.3,1,0,0
9.98892,1,17.9,1,0,0
16.17569,1,23.1,1,0,0
11.6771,1,22.0,1,0,0
7.52025,1,22.7,1,0,0
5.19404,1,18.8,1,0,0
7.2668,1,12.7,1,0,0
7.91119,1,11.1,1,0,0
5.43075,1,13.2,1,0,0
16.20563,1,34.4,1,0,0
19.51073,1,29.9,1,0,0
15.30103,1,23.8,1,0,0
23.71813,1,23.5,1,0,0
24.92321,1,34.7,1,0,0
21.05483,1,34.3,1,0,0
21.1175,1,21.0,1,0,0
18.95851,1,29.5,1,0,0
13.36635,1,26.8,1,0,0
14.55296,1,34.8,1,0,0
14.93838,1,30.1,1,0,0
8.03416,1,31.4,1,0,0
6.41437,1,30.4,1,0,0
4.86152,1,30.3,1,0,0
4.73754,1,33.4,1,0,0
6.36505,1,34.2,1,0,0
11.37488,1,40.3,1,0,0
12.88303,1,34.3,1,0,0
19.60899,1,39.3,1,0,0
25.16921,1,30.2,1,0,0
14.87037,1,29.8,1,0,0
10.9592,1,17.6,1,0,0
10.76152,1,18.1,1,0,0
11.96165,1,13.3,1,0,0
11.96165,1,11.7,1,0,0
18.4042,1,21.6,1,0,0
23.0056,1,20.0,1,0,0
22.64563,1,22.3,1,0,0
17.15711,1,20.9,1,0,0
24.71985,1,23.4,1,0,0
22.75699,1,22.3,1,0,0
17.82024,1,44.0,1,0,0
15.44438,1,34.1,1,0,0
17.85385,1,28.1,1,0,0
15.93267,1,26.3,1,0,0
10.8664,1,19.8,1,0,0
9.03552,1,17.6,1,0,0
9.64274,1,18.5,1,0,0
8.79464,1,16.6,1,0,0
9.49592,1,20.9,1,0,0
11.48869,1,19.9,1,0,0
13.95018,1,28.7,1,0,0
19.95943,1,23.8,1,0,0
18.02,1,13.1,1,0,0
12.95556,1,17.5,1,0,0
20.79346,1,22.4,1,0,0
10.9675,1,21.1,1,0,0
13.02418,1,26.8,1,0,0
19.66367,1,44.8,1,0,0
18.13527,1,36.0,1,0,0
14.57499,1,23.5,1,0,0
11.88177,1,18.3,1,0,0
12.82177,1,17.9,1,0,0
14.1546,1,27.4,1,0,0
17.18817,1,28.9,1,0,0
17.02384,1,22.9,1,0,0
20.1445,1,17.4,1,0,0
13.52063,1,30.2,1,0,0
10.15515,1,27.7,1,0,0
9.54302,1,21.0,1,0,0
8.30843,1,12.9,1,0,0
4.32501,1,15.8,1,0,0
4.36999,1,16.0,1,0,0
7.01876,1,14.2,1,0,0
12.95726,1,7.4,1,0,0
16.12043,1,21.8,1,0,0
20.85064,1,26.7,1,0,0
11.37613,1,17.5,1,0,0
13.12959,1,14.0,1,0,0
13.46022,1,23.6,1,0,0
13.03692,1,26.0,1,0,0
13.07196,1,30.6,1,0,0
12.99378,1,32.8,1,0,0
12.41026,1,26.4,1,0,0
12.2818,1,27.3,1,0,0
14.90822,1,27.4,1,0,0
14.57,1,40.3,1,0,0
14.25522,1,33.6,1,0,0
12.35333,1,29.0,1,0,0
13.37794,1,33.5,1,0,0
14.36504,1,30.2,1,0,0
17.47408,1,28.0,1,0,0
14.87563,1,26.8,1,0,0
10.60013,1,21.8,1,0,0
8.67555,1,17.9,1,0,0
5.83845,1,18.8,1,0,0
5.86754,1,19.1,1,0,0
5.82134,1,16.9,1,0,0
5.34686,1,17.5,1,0,0
5.0873,1,25.8,1,0,0
8.7497,1,25.7,1,0,0
11.83275,1,24.8,1,0,0
10.74536,1,24.8,1,0,0
17.09709,1,22.8,1,0,0
20.43778,1,17.5,1,0,0
15.26532,1,18.5,1,0,0
15.56595,1,15.9,1,0,0
12.36423,1,25.5,1,0,0
14.29716,1,24.0,1,0,0
11.3416,1,11.0,1,0,0
12.87731,1,16.2,1,0,0
9.13209,1,24.7,1,0,0
10.87215,1,16.8,1,0,0
10.25105,1,21.5,1,0,0
17.80852,1,30.6,1,0,0
14.75153,1,34.2,1,0,0
16.3914,1,25.6,1,0,0
11.05139,1,16.7,1,0,0
7.19539,1,14.1,1,0,0
32.52994,1,23.4,1,0,0
10.08949,1,17.7,1,0,0
5.37947,1,14.0,1,0,0
8.48969,1,14.1,1,0,0
16.69322,1,13.7,1,0,0
15.91767,1,10.6,1,0,0
31.76397,1,32.4,1,0,0
28.35953,1,27.5,1,0,0
28.23431,1,20.4,1,0,0
29.54033,1,16.9,1,0,0
32.17112,1,30.6,1,0,0
22.8243,1,25.5,1,0,0
30.09771,1,35.3,1,0,0
34.54307,1,38.6,1,0,0
24.2953,1,22.4,1,0,0
22.31771,1,11.9,1,0,0
21.84247,1,13.3,1,0,0
15.93031,1,15.0,1,0,0
15.16558,1,17.6,1,0,0
16.53847,1,35.6,1,0,0
17.20282,1,31.1,1,0,0
15.53244,1,32.6,1,0,0
11.2626,1,21.2,1,0,0
5.81051,1,12.5,1,0,0
12.49406,1,10.5,1,0,0
24.88107,1,10.9,1,0,0
28.11934,1,17.6,1,0,0
25.38827,1,22.3,1,0,0
21.15902,1,20.6,1,0,0
13.86297,1,20.4,1,0,0
13.12145,1,21.2,1,0,0
14.27475,1,24.3,1,0,0
12.42473,1,15.8,1,0,0
24.9951,1,17.1,1,0,0
25.7583,1,31.7,1,0,0
19.2535,1,17.6,1,0,0
18.84892,1,23.4,1,0,0
19.65462,1,34.0,1,0,0
12.01694,1,20.7,1,0,0
24.57162,1,34.1,1,0,0
31.72489,1,41.9,1,0,0
15.57159,1,27.2,1,0,0
12.77902,1,20.9,1,0,0
14.00757,1,18.3,1,0,0
11.57243,1,17.1,1,0,0
8.86265,1,16.2,1,0,0
7.47248,1,22.1,1,0,0
6.15869,1,11.6,1,0,0
14.64485,1,16.5,1,0,0
6.28348,1,9.0,1,0,0
9.07696,1,14.9,1,0,0
9.25852,1,25.2,1,0,0
13.97689,1,24.3,1,0,0
29.17101,1,19.1,1,0,0
28.1999,1,13.6,1,0,0
14.54866,1,11.7,1,0,0
12.32833,1,6.1,1,0,0
21.60655,1,6.1,1,0,0
19.02925,1,6.1,1,0,0
20.84137,1,7.2,1,0,0
17.69232,1,2.3,1,0,0
16.87845,1,2.4,1,0,0
15.07292,1,7.7,1,0,0
9.92336,1,7.8,1,0,0
12.05865,1,3.6,1,0,0
11.19926,1,7.2,1,0,0
14.15158,1,6.6,1,0,0
7.25206,1,11.7,1,0,0
12.62294,1,16.2,1,0,0
7.25174,1,8.9,1,0,0
5.32571,1,5.1,1,0,0
6.25235,1,6.2,1,0,0
2.78423,1,11.1,1,0,0
5.51266,1,10.0,1,0,0
5.94007,1,6.4,1,0,0
9.37757,1,3.9,1,0,0
8.94098,1,4.1,1,0,0
11.57115,1,13.0,1,0,0
9.704,1,13.4,1,0,0
9.7283,1,11.1,1,0,0
9.87732,1,21.7,1,0,0
18.58857,1,19.1,1,0,0
15.03163,1,13.6,1,0,0
15.2545,1,16.9,1,0,0
10.4175,1,18.0,1,0,0
14.6547,1,20.1,1,0,0
13.91572,1,17.0,1,0,0
34.75041,1,41.2,1,0,0
31.2182,1,19.6,1,0,0
21.53996,1,11.6,1,0,0
21.96309,1,15.6,1,0,0
18.21753,1,12.9,1,0,0
12.97664,1,2.3,1,0,0
11.69771,1,5.3,1,0,0
11.78358,1,2.0,1,0,0
6.2442,1,4.7,1,0,0
17.70478,1,0.5,1,0,0
10.52536,1,3.8,1,0,0
7.34598,1,1.1,1,0,0
9.01392,1,6.3,1,0,0
11.60957,1,7.7,1,0,0
9.92214,1,2.5,1,0,0
6.27011,1,5.9,1,0,0
4.39977,1,4.0,1,0,0
3.88661,1,1.1,1,0,0
4.21442,1,9.1,1,0,0
5.20013,1,34.5,1,0,0
4.38029,1,34.5,1,0,0
5.90414,1,13.5,1,0,0
8.32119,1,30.4,1,0,0
12.26718,1,3.6,1,0,0
4.31778,1,15.3,1,0,0
7.64093,1,20.4,1,0,0
3.97586,1,14.8,1,0,0
6.37922,1,13.0,1,0,0
3.11603,1,17.9,1,0,0
2.71778,1,10.9,1,0,0
2.31412,1,11.7,1,0,0
1.18327,1,15.5,1,0,0
0.41901,1,16.5,1,0,0
0.41901,1,15.6,1,0,0
2.04653,1,10.1,1,0,0
1.22661,1,9.5,1,0,0
1.68561,1,8.1,1,0,0
4.96017,1,11.6,1,0,0
3.86063,1,8.8,1,0,0
3.77435,1,8.8,1,0,0
2.63648,1,4.2,1,0,0
4.62864,1,10.9,1,0,0
2.7432,1,24.9,1,0,0
1.60975,1,7.3,1,0,0
1.65859,1,17.9,1,0,0
2.65519,1,20.5,1,0,0
4.49815,1,25.4,1,0,0
5.3302,1,25.3,1,0,0
4.60112,1,11.0,1,0,0
7.89928,1,18.2,1,0,0
16.29414,1,14.1,1,0,0
5.8699,1,13.1,1,0,0
5.01336,1,16.8,1,0,0
18.28418,1,19.6,1,0,0
16.80064,1,15.0,1,0,0
14.12495,1,11.7,1,0,0
10.1061,1,8.6,1,0,0
12.96461,1,13.6,1,0,0
10.41782,1,16.8,1,0,0
8.61575,1,19.6,1,0,0
9.91992,1,16.1,1,0,0
10.10954,1,16.9,1,0,0
7.40578,1,11.1,1,0,0
7.3502,1,13.4,1,0,0
8.35085,1,8.1,1,0,0
6.22625,1,7.3,1,0,0
4.94699,1,11.2,1,0,0
4.748,1,9.9,1,0,0
5.70396,1,6.6,1,0,0
3.67709,1,11.8,1,0,0
5.19457,1,9.0,1,0,0
5.07398,1,6.2,1,0,0
3.92612,1,8.1,1,0,0
8.33074,1,10.3,1,0,0
6.99252,1,9.2,1,0,0
7.57304,1,13.5,1,0,0
7.5144,1,13.5,1,0,0
8.95954,1,15.0,1,0,0
6.1861,1,15.0,1,0,0
8.88218,1,19.7,1,0,0
7.12345,1,25.1,1,0,0
15.76681,1,26.4,1,0,0
10.38592,1,25.1,1,0,0
13.53652,1,26.1,1,0,0
14.18113,1,24.1,1,0,0
12.80252,1,24.6,1,0,0
11.0584,1,34.4,1,0,0
9.62905,1,30.9,1,0,0
14.39613,1,26.1,1,0,0
13.05507,1,30.6,1,0,0
22.27245,1,21.8,1,0,0
12.18927,1,21.5,1,0,0
19.07083,1,22.9,1,0,0
12.30719,1,21.0,1,0,0
10.12259,1,14.3,1,0,0
15.0851,1,14.1,1,0,0
20.53017,1,17.9,1,0,0
33.77781,1,20.3,1,0,0
26.3589,1,21.0,1,0,0
18.45105,1,25.5,1,0,0
17.02627,1,19.1,1,0,0
19.50959,1,18.8,1,0,0
20.42769,1,21.8,1,0,0
13.98628,1,18.4,1,0,0
12.38556,1,13.5,1,0,0
31.26091,1,15.7,1,0,0
33.56267,1,16.5,1,0,0
20.74383,1,19.0,1,0,0
24.15253,1,24.0,1,0,0
24.63391,1,28.9,1,0,0
29.59402,1,26.0,1,0,0
25.13118,1,18.3,1,0,0
20.77759,1,25.3,1,0,0
18.17638,1,29.4,1,0,0
18.40042,1,28.4,1,0,0
15.7431,1,32.7,1,0,0
21.43321,1,34.5,1,0,0
32.68933,1,38.4,1,0,0
29.22303,1,31.1,1,0,0
22.09702,1,32.0,1,0,0
24.93294,1,27.8,1,0,0
24.42677,1,29.9,1,0,0
24.59977,1,38.4,1,0,0
25.76324,1,34.2,1,0,0
26.09679,1,33.9,1,0,0
21.90687,1,26.7,1,0,0
16.71401,1,25.1,1,0,0
17.63884,1,23.1,1,0,0
14.1633,1,5.8,1,0,0
11.73944,1,21.5,1,0,0
15.75995,1,25.2,1,0,0
16.7163,1,14.1,1,0,0
9.1237,1,25.3,1,0,0
28.809,1,14.9,1,0,0
46.97213,1,15.2,1,0,0
39.43743,1,15.2,1,0,0
35.72425,1,15.2,1,0,0
28.68448,1,13.4,1,0,0
32.39196,1,9.6,1,0,0
21.79058,1,22.4,1,0,0
36.32887,1,38.8,1,0,0
33.61711,1,36.0,1,0,0
30.3762,1,40.5,1,0,0
39.06501,1,23.7,1,0,0
35.03347,1,21.6,1,0,0
29.57825,1,17.7,1,0,0
25.126,1,15.7,1,0,0
20.47074,1,15.4,1,0,0
16.16704,1,16.3,1,0,0
13.01636,1,8.2,1,0,0
10.89544,1,5.9,1,0,0
7.23532,1,5.7,1,0,0
4.7191,1,6.1,1,0,0
4.34742,1,9.5,1,0,0
5.37241,1,17.7,1,0,0
5.1848,1,16.7,1,0,0
6.49403,1,15.9,1,0,0
11.57378,1,18.1,1,0,0
30.83217,1,26.5,1,0,0
34.44033,1,41.6,1,0,0
28.58829,1,28.8,1,0,0
24.89558,1,28.0,1,0,0
20.98849,1,36.7,1,0,0
23.47162,1,28.3,1,0,0
19.73333,1,23.7,1,0,0
22.08575,1,21.3,1,0,0
26.61831,1,25.1,1,0,0
23.92974,1,19.3,1,0,0
25.77642,1,16.3,1,0,0
25.45974,1,8.3,1,0,0
27.1119,1,7.2,1,0,0
18.35041,1,9.0,1,0,0
18.48173,1,9.7,1,0,0
19.68246,1,8.3,1,0,0
16.29043,1,8.7,1,0,0
12.64157,1,12.0,1,0,0
18.05729,1,10.3,1,0,0
15.07848,1,8.2,1,0,0
5.73793,1,6.8,1,0,0
5.4744,1,9.2,1,0,0
7.73221,1,9.2,1,0,0
18.29226,1,16.5,1,0,0
35.51161,1,21.5,1,0,0
38.72533,1,32.8,1,0,0
45.9886,1,31.2,1,0,0
38.04817,1,18.3,1,0,0
35.00357,1,18.6,1,0,0
32.35887,1,21.2,1,0,0
35.28621,1,22.5,1,0,0
37.63707,1,15.5,1,0,0
30.58002,1,18.5,1,0,0
39.28484,1,17.6,1,0,0
34.52837,1,28.7,1,0,0
31.47244,1,27.9,1,0,0
24.78725,1,26.8,1,0,0
22.16914,1,23.1,1,0,0
18.20883,1,21.1,1,0,0
14.60593,1,20.1,1,0,0
10.6068,1,16.7,1,0,0
7.04417,1,21.7,1,0,0
6.28588,1,9.4,1,0,0
6.65129,1,13.1,1,0,0
5.4672,1,16.1,1,0,0
7.71618,1,15.4,1,0,0
9.21181,1,14.7,1,0,0
16.29878,1,12.8,1,0,0
21.45678,1,16.6,1,0,0
26.8626,1,14.1,1,0,0
36.86043,1,28.0,1,0,0
29.67131,1,15.8,1,0,0
20.99827,1,19.1,1,0,0
15.74872,1,23.2,1,0,0
21.16818,1,30.5,1,0,0
23.5661,1,29.6,1,0,0
22.01168,1,8.2,1,0,0
29.5139,1,29.3,1,0,0
24.11249,1,20.7,1,0,0
22.98501,1,26.5,1,0,0
19.07277,1,29.1,1,0,0
21.91933,1,26.7,1,0,0
24.42164,1,31.6,1,0,0
26.19092,1,30.6,1,0,0
21.37147,1,15.7,1,0,0
21.51381,1,22.5,1,0,0
9.4232,1,15.4,1,0,0
9.59267,1,11.6,1,0,0
7.91874,1,9.7,1,0,0
10.02412,1,10.7,1,0,0
11.54678,1,7.2,1,0,0
7.12422,1,3.7,1,0,0
11.94395,1,8.4,1,0,0
14.29197,1,12.0,1,0,0
9.23166,1,10.3,1,0,0
10.91428,1,14.8,1,0,0
14.12992,1,19.4,1,0,0
16.70024,1,19.5,1,0,0
24.67085,1,12.9,1,0,0
13.3219,1,15.7,1,0,0
15.27938,1,18.6,1,0,0
12.56148,1,17.6,1,0,0
19.7926,1,17.7,1,0,0
17.90872,1,20.8,1,0,0
16.21296,1,32.8,1,0,0
17.12986,1,7.3,1,0,0
19.48414,1,6.4,1,0,0
16.78268,1,10.8,1,0,0
14.23873,1,7.5,1,0,0
7.27419,1,8.0,1,0,0
4.94532,1,4.9,1,0,0
17.62881,1,5.7,1,0,0
7.94154,1,9.3,1,0,0
5.68973,1,7.2,1,0,0
4.75165,1,11.5,1,0,0
16.23659,1,15.3,1,0,0
36.91083,1,16.3,1,0,0
39.82944,1,25.3,1,0,0
34.97214,1,22.8,1,0,0
31.04827,1,27.6,1,0,0
33.87022,1,24.1,1,0,0
17.19205,1,16.0,1,0,0
23.01337,1,20.5,1,0,0
26.24323,1,25.0,1,0,0
19.51905,1,27.8,1,0,0
20.97431,1,26.0,1,0,0
25.52363,1,27.2,1,0,0
30.64921,1,26.7,1,0,0
28.76373,1,37.1,1,0,0
23.47014,1,23.8,1,0,0
16.75498,1,6.8,1,0,0
9.93147,1,5.6,1,0,0
9.63408,1,3.4,1,0,0
8.2811,1,2.4,1,0,0
6.26343,1,6.8,1,0,0
3.12441,1,6.9,1,0,0
7.89496,1,10.0,1,0,0
5.99923,1,7.2,1,0,0
9.38363,1,7.2,1,0,0
18.42611,1,13.9,1,0,0
34.89633,1,16.5,1,0,0
24.90956,1,12.9,1,0,0
36.73875,1,22.7,1,0,0
31.97605,1,22.5,1,0,0
23.54141,1,21.6,1,0,0
23.15668,1,17.8,1,0,0
30.37674,1,18.9,1,0,0
25.6206,1,24.4,1,0,0
24.98518,1,20.7,1,0,0
28.35263,1,20.7,1,0,0
28.79948,1,23.7,1,0,0
31.16456,1,21.6,1,0,0
15.41984,1,5.3,1,0,0
17.73999,1,14.9,1,0,0
21.08369,1,12.0,1,0,0
19.65941,1,15.5,1,0,0
16.28641,1,11.7,1,0,0
13.66408,1,6.3,1,0,0
12.76058,1,7.6,1,0,0
11.14426,1,15.0,1,0,0
8.12746,1,6.3,1,0,0
6.36702,1,3.0,1,0,0
5.57529,1,9.3,1,0,0
19.26241,1,11.7,1,0,0
20.08011,1,11.4,1,0,0
25.71489,1,17.1,1,0,0
26.07033,1,25.0,1,0,0
27.58297,1,28.2,1,0,0
33.02468,1,28.1,1,0,0
17.67467,1,22.4,1,0,0
21.77881,1,26.4,1,0,0
29.27698,1,18.4,1,0,0
24.49906,1,35.1,1,0,0
32.16579,1,23.9,1,0,0
34.38522,1,25.2,1,0,0
24.68695,1,39.5,1,0,0
16.10783,1,14.8,1,0,0
19.13409,1,12.5,1,0,0
19.47321,1,16.7,1,0,0
19.72979,1,14.3,1,0,0
16.50395,1,13.8,1,0,0
11.11401,1,13.6,1,0,0
9.37705,1,10.8,1,0,0
5.51355,1,15.9,1,0,0
5.39258,1,10.2,1,0,0
6.20372,1,14.7,1,0,0
6.90307,1,5.9,1,0,0
22.9261,1,12.4,1,0,0
37.87418,1,19.2,1,0,0
33.91863,1,14.5,1,0,0
31.50644,1,23.7,1,0,0
27.54933,1,21.3,1,0,0
27.65223,1,19.9,1,0,0
32.10804,1,24.7,1,0,0
23.09411,1,13.5,1,0,0
21.58695,1,15.5,1,0,0
35.5586,1,17.2,1,0,0
32.77183,1,20.7,1,0,0
34.22913,1,16.4,1,0,0
41.74746,1,17.7,1,0,0
35.52168,1,16.2,1,0,0
29.20239,1,14.5,1,0,0
29.31964,1,11.9,1,0,0
26.04628,1,11.9,1,0,0
28.18282,1,15.8,1,0,0
22.32798,1,14.6,1,0,0
21.53998,1,12.0,1,0,0
13.62353,1,8.1,1,0,0
16.22145,1,14.6,1,0,0
10.1057,1,8.3,1,0,0
12.5538,1,14.4,1,0,0
19.80075,1,32.7,1,0,0
29.42839,1,35.8,1,0,0
25.17686,1,28.2,1,0,0
23.3911,1,23.8,1,0,0
21.65842,1,19.0,1,0,0
23.13883,1,23.8,1,0,0
19.22218,1,25.1,1,0,0
15.52904,1,36.5,1,0,0
11.68172,1,36.5,1,0,0
14.48424,1,20.2,1,0,0
12.11227,1,20.2,1,0,0
10.192,1,20.2,1,0,0
10.30969,1,11.7,1,0,0
9.96884,1,8.5,1,0,0
10.24368,1,7.4,1,0,0
11.12135,1,12.8,1,0,0
13.11284,1,10.4,1,0,0
11.01547,1,11.7,1,0,0
10.84139,1,14.7,1,0,0
8.06465,1,9.5,1,0,0
8.06465,1,9.0,1,0,0
17.06025,1,7.7,1,0,0
11.83121,1,11.8,1,0,0
11.0479,1,14.0,1,0,0
10.47595,1,18.9,1,0,0
11.48774,1,24.1,1,0,0
10.05569,1,27.3,1,0,0
9.86537,1,18.3,1,0,0
10.47401,1,11.1,1,0,0
11.64938,1,18.7,1,0,0
9.44441,1,30.0,1,0,0
12.82412,1,14.9,1,0,0
9.17152,1,15.1,1,0,0
9.60717,1,11.4,1,0,0
10.43081,1,13.2,1,0,0
14.44511,1,10.8,1,0,0
12.82425,1,17.6,1,0,0
16.74156,1,23.7,1,0,0
14.09557,1,22.6,1,0,0
14.3779,1,31.5,1,0,0
13.61696,1,23.9,1,0,0
12.19265,1,16.3,1,0,0
9.18691,1,9.3,1,0,0
7.60882,1,13.1,1,0,0
7.93515,1,14.9,1,0,0
6.61344,1,16.8,1,0,0
5.71569,1,15.3,1,0,0
5.61118,1,7.6,1,0,0
6.44111,1,4.1,1,0,0
5.45106,1,13.2,1,0,0
5.84325,1,16.1,1,0,0
6.0417,1,16.1,1,0,0
5.25492,1,16.1,1,0,0
6.19062,1,23.7,1,0,0
4.69889,1,12.0,1,0,0
4.68254,1,17.8,1,0,0
5.57406,1,14.2,1,0,0
6.75315,1,16.2,1,0,0
5.76668,1,31.8,1,0,0
5.11153,1,13.7,1,0,0
4.21443,1,26.0,1,0,0
4.87352,1,16.6,1,0,0
5.45313,1,16.8,1,0,0
6.07101,1,23.2,1,0,0
10.21241,1,29.5,1,0,0
8.04373,1,24.9,1,0,0
10.47765,1,23.5,1,0,0
12.26161,1,21.8,1,0,0
11.56841,1,23.7,1,0,0
11.83703,1,22.1,1,0,0
15.0579,1,24.4,1,0,0
13.71976,1,24.4,1,0,0
15.11814,1,28.0,1,0,0
19.29917,1,33.0,1,0,0
15.29805,1,34.8,1,0,0
16.83147,1,32.7,1,0,0
12.38216,1,23.1,1,0,0
14.57354,1,25.1,1,0,0
11.94112,1,28.1,1,0,0
15.73916,1,27.8,1,0,0
16.37177,1,21.6,1,0,0
16.97196,1,35.2,1,0,0
14.56613,1,28.1,1,0,0
15.74445,1,31.4,1,0,0
19.63276,1,31.7,1,0,0
13.80067,1,24.1,1,0,0
15.8124,1,28.1,1,0,0
15.16629,1,23.3,1,0,0
14.37954,1,25.5,1,0,0
12.23046,1,27.5,1,0,0
15.79499,1,30.6,1,0,0
13.25709,1,27.7,1,0,0
10.37058,1,23.0,1,0,0
9.88218,1,23.1,1,0,0
12.49007,1,26.7,1,0,0
16.01585,1,25.4,1,0,0
20.10962,1,28.1,1,0,0
30.07822,1,36.5,1,0,0
29.88429,1,37.3,1,0,0
14.80145,1,28.7,1,0,0
12.86437,1,22.3,1,0,0
17.25538,1,23.0,1,0,0
9.69589,1,12.5,1,0,0
13.11188,1,19.5,1,0,0
15.48603,1,18.3,1,0,0
13.87496,1,22.5,1,0,0
15.72572,1,25.1,1,0,0
17.04936,1,25.1,1,0,0
19.45228,1,20.8,1,0,0
21.16889,1,41.2,1,0,0
22.8369,1,50.6,1,0,0
23.25358,1,42.1,1,0,0
24.05697,1,39.2,1,0,0
21.7639,1,40.3,1,0,0
16.9745,1,17.3,1,0,0
11.45883,1,23.2,1,0,0
11.86839,1,31.9,1,0,0
11.47052,1,25.3,1,0,0
12.29118,1,22.8,1,0,0
14.54478,1,23.1,1,0,0
17.27418,1,26.5,1,0,0
25.53945,1,33.9,1,0,0
27.55022,1,42.9,1,0,0
21.76887,1,32.2,1,0,0
22.6891,1,51.0,1,0,0
22.6891,1,36.3,1,0,0
22.6891,1,38.2,1,0,0
22.6891,1,34.5,1,0,0
22.6891,1,34.5,1,0,0
22.6891,1,36.6,1,0,0
22.6891,1,47.7,1,0,0
22.6891,1,41.7,1,0,0
22.6891,1,40.3,1,0,0
22.6891,1,40.3,1,0,0
22.6891,1,37.6,1,0,0
22.6891,1,34.8,1,0,0
22.6891,1,29.8,1,0,0
22.6891,1,28.9,1,0,0
22.6891,1,27.7,1,0,0
17.3424,1,28.5,1,0,0
14.20098,1,23.5,1,0,0
13.86897,1,23.8,1,0,0
22.5579,1,23.4,1,0,0
28.45988,1,22.1,1,0,0
33.46957,1,27.2,1,0,0
41.23799,1,37.2,1,0,0
35.49312,1,41.1,1,0,0
26.41855,1,45.1,1,0,0
24.28573,1,51.9,1,0,0
22.10062,1,38.3,1,0,0
24.7141,1,31.3,1,0,0
26.25492,1,30.2,1,0,0
34.23409,1,35.4,1,0,0
28.66717,1,35.4,1,0,0
34.1837,1,40.8,1,0,0
35.01522,1,44.3,1,0,0
24.99375,1,42.4,1,0,0
29.17157,1,45.7,1,0,0
28.89715,1,38.8,1,0,0
25.95872,1,38.2,1,0,0
24.08339,1,37.4,1,0,0
15.14894,1,32.4,1,0,0
18.46633,1,28.9,1,0,0
19.72245,1,31.0,1,0,0
20.38352,1,25.0,1,0,0
30.68349,1,25.3,1,0,0
19.94698,1,27.4,1,0,0
29.83978,1,28.2,1,0,0
34.5961,1,32.5,1,0,0
46.86247,1,38.4,1,0,0
42.04141,1,45.1,1,0,0
42.04141,1,46.7,1,0,0
42.79313,1,51.5,1,0,0
20.71788,1,35.5,1,0,0
23.21094,1,36.3,1,0,0
19.86728,1,38.0,1,0,0
38.98712,1,41.6,1,0,0
36.93339,1,48.3,1,0,0
32.63892,1,44.7,1,0,0
22.89794,1,20.2,1,0,0
18.61707,1,23.6,1,0,0
19.10427,1,24.5,1,0,0
21.74358,1,29.5,1,0,0
15.93878,1,26.0,1,0,0
12.767,1,22.9,1,0,0
12.59543,1,19.8,1,0,0
6.52016,1,14.8,1,0,0
5.33649,1,16.0,1,0,0
7.3124,1,22.9,1,0,0
7.35991,1,17.7,1,0,0
10.17514,1,24.7,1,0,0
13.19493,1,13.5,1,0,0
10.4168,1,9.4,1,0,0
10.42504,1,9.9,1,0,0
11.00038,1,9.4,1,0,0
9.83341,1,10.1,1,0,0
9.27977,1,10.0,1,0,0
7.08561,1,4.0,1,0,0
7.16246,1,8.7,1,0,0
5.61525,1,6.0,1,0,0
7.33673,1,12.4,1,0,0
9.34383,1,8.7,1,0,0
7.79539,1,15.3,1,0,0
8.29888,1,5.4,1,0,0
6.40837,1,1.8,1,0,0
4.41079,1,1.8,1,0,0
5.24223,1,5.3,1,0,0
6.00904,1,7.5,1,0,0
4.98189,1,6.0,1,0,0
4.20159,1,9.0,1,0,0
4.41885,1,9.9,1,0,0
3.04386,1,7.9,1,0,0
5.31258,1,6.8,1,0,0
3.90193,1,7.5,1,0,0
3.47393,1,8.3,1,0,0
1.93474,1,10.0,1,0,0
1.40098,1,11.1,1,0,0
1.5957,1,11.3,1,0,0
2.98685,1,16.1,1,0,0
3.04716,1,12.2,1,0,0
4.36113,1,15.0,1,0,0
4.19775,1,15.9,1,0,0
5.80392,1,21.9,1,0,0
3.18851,1,4.6,1,0,0
5.23033,1,11.8,1,0,0
4.52538,1,12.1,1,0,0
4.04835,1,15.2,1,0,0
5.5916,1,11.1,1,0,0
5.42388,1,4.1,1,0,0
7.03968,1,7.9,1,0,0
6.18404,1,10.8,1,0,0
5.25061,1,13.2,1,0,0
3.35732,1,12.4,1,0,0
3.7442,1,10.3,1,0,0
3.01458,1,13.0,1,0,0
2.34393,1,7.4,1,0,0
1.59442,1,7.9,1,0,0
1.73641,1,7.1,1,0,0
3.09378,1,5.8,1,0,0
5.83089,1,8.7,1,0,0
7.37414,1,8.5,1,0,0
13.49657,1,25.4,1,0,0
17.72082,1,11.6,1,0,0
17.59747,1,12.7,1,0,0
14.40055,1,11.9,1,0,0
13.10567,1,10.3,1,0,0
13.19139,1,8.7,1,0,0
13.10441,1,12.4,1,0,0
13.14522,1,7.7,1,0,0
9.81977,1,12.2,1,0,0
9.31036,1,10.9,1,0,0
11.02225,1,17.5,1,0,0
7.32581,1,12.3,1,0,0
5.11265,1,13.3,1,0,0
5.03082,1,14.7,1,0,0
6.51254,1,12.7,1,0,0
4.91177,1,10.2,1,0,0
4.28959,1,9.6,1,0,0
2.83412,1,7.9,1,0,0
3.85393,1,8.8,1,0,0
4.59479,1,6.5,1,0,0
2.95646,1,7.8,1,0,0
4.43533,1,8.4,1,0,0
11.47526,1,13.2,1,0,0
12.55889,1,13.6,1,0,0
8.75499,1,12.2,1,0,0
9.13235,1,11.2,1,0,0
11.80925,1,13.4,1,0,0
14.90334,1,12.7,1,0,0
10.21392,1,34.6,1,0,0
7.83454,1,41.2,1,0,0
11.4564,1,14.7,1,0,0
12.36581,1,9.6,1,0,0
15.63366,1,16.9,1,0,0
16.8651,1,17.6,1,0,0
40.29986,1,21.8,1,0,0
21.93892,1,36.2,1,0,0
18.41066,1,32.4,1,0,0
20.03821,1,28.8,1,0,0
24.757,1,23.3,1,0,0
25.43174,1,20.6,1,0,0
20.38118,1,18.4,1,0,0
17.04841,1,16.8,1,0,0
16.94163,1,13.5,1,0,0
11.88557,1,13.5,1,0,0
12.4341,1,19.2,1,0,0
13.69981,1,22.0,1,0,0
21.53019,1,22.2,1,0,0
30.47549,1,30.2,1,0,0
22.44086,1,26.5,1,0,0
25.57644,1,53.1,1,0,0
18.59964,1,23.8,1,0,0
15.89986,1,16.1,1,0,0
12.17424,1,11.6,1,0,0
11.08876,1,14.1,1,0,0
17.40524,1,21.1,1,0,0
21.06402,1,21.1,1,0,0
17.46375,1,15.0,1,0,0
18.5754,1,17.4,1,0,0
32.61421,1,13.8,1,0,0
25.24591,1,13.8,1,0,0
22.54601,1,15.7,1,0,0
20.97804,1,18.2,1,0,0
16.30288,1,15.6,1,0,0
18.79719,1,16.6,1,0,0
13.04525,1,10.6,1,0,0
12.42593,1,13.6,1,0,0
11.63727,1,12.2,1,0,0
11.75438,1,11.1,1,0,0
8.53306,1,6.6,1,0,0
13.76713,1,6.5,1,0,0
29.51266,1,8.7,1,0,0
26.41717,1,6.0,1,0,0
21.35297,1,9.5,1,0,0
22.56127,1,11.2,1,0,0
18.21279,1,11.0,1,0,0
28.54225,1,13.1,1,0,0
35.10951,1,17.1,1,0,0
29.75196,1,16.8,1,0,0
24.79148,1,16.3,1,0,0
25.21154,1,25.6,1,0,0
27.55062,1,27.6,1,0,0
19.09756,1,16.6,1,0,0
36.58246,1,29.9,1,0,0
26.39013,1,28.1,1,0,0
14.42119,1,24.2,1,0,0
9.62172,1,27.1,1,0,0
8.3722,1,19.6,1,0,0
8.51463,1,18.2,1,0,0
9.21301,1,16.3,1,0,0
8.03156,1,16.8,1,0,0
12.10802,1,13.1,1,0,0
6.68395,1,10.7,1,0,0
8.65395,1,15.5,1,0,0
7.89311,1,15.4,1,0,0
14.33878,1,13.3,1,0,0
21.93946,1,13.6,1,0,0
25.45058,1,13.9,1,0,0
13.89915,1,14.1,1,0,0
10.71758,1,18.9,1,0,0
12.60597,1,14.4,1,0,0
11.3857,1,12.1,1,0,0
10.8248,1,15.9,1,0,0
7.6598,1,19.3,1,0,0
11.8504,1,16.4,1,0,0
10.41185,1,11.7,1,0,0
10.60427,1,11.1,1,0,0
10.44286,1,7.8,1,0,0
7.77487,1,6.3,1,0,0
7.77487,1,6.4,1,0,0
5.75119,1,9.6,1,0,0
7.67974,1,8.1,1,0,0
6.53371,1,7.3,1,0,0
8.33957,1,6.4,1,0,0
6.41965,1,5.8,1,0,0
4.89585,1,6.4,1,0,0
7.28579,1,6.7,1,0,0
9.62122,1,7.9,1,0,0
7.79174,1,6.1,1,0,0
5.27857,1,5.8,1,0,0
6.12337,1,6.2,1,0,0
8.62306,1,8.9,1,0,0
10.5785,1,7.7,1,0,0
6.39723,1,12.1,1,0,0
8.69864,1,11.9,1,0,0
7.82487,1,11.3,1,0,0
9.78483,1,9.4,1,0,0
9.07754,1,10.0,1,0,0
11.38161,1,12.6,1,0,0
9.81741,1,8.5,1,0,0
9.98841,1,7.2,1,0,0
12.109,1,13.7,1,0,0
11.19005,1,7.6,1,0,0
7.90029,1,12.5,1,0,0
13.39026,1,10.6,1,0,0
9.25732,1,10.9,1,0,0
4.01522,1,8.4,1,0,0
4.49984,1,8.4,1,0,0
2.0998,1,2.9,1,0,0
0.73816,1,5.3,1,0,0
0.9319,1,6.1,1,0,0
1.25776,1,3.0,1,0,0
0.49896,1,10.0,1,0,0
0.49743,1,9.2,1,0,0
1.01461,1,12.8,1,0,0
0.91318,1,16.5,1,0,0
1.16062,1,12.9,1,0,0
1.18812,1,16.8,1,0,0
2.25311,1,19.0,1,0,0
2.03281,1,14.2,1,0,0
2.89263,1,16.1,1,0,0
2.69079,1,17.1,1,0,0
2.65288,1,23.3,1,0,0
1.9355,1,22.4,1,0,0
2.50915,1,18.8,1,0,0
2.82407,1,22.1,1,0,0
2.83119,1,18.5,1,0,0
2.77459,1,19.4,1,0,0
2.29396,1,14.4,1,0,0
3.00731,1,15.4,1,0,0
2.87001,1,13.4,1,0,0
2.21853,1,14.2,1,0,0
1.17748,1,11.2,1,0,0
3.65172,1,12.3,1,0,0
2.55313,1,11.0,1,0,0
2.04765,1,12.0,1,0,0
2.35728,1,14.5,1,0,0
5.28219,1,20.2,1,0,0
8.31979,1,20.7,1,0,0
8.95837,1,17.3,1,0,0
6.67098,1,15.9,1,0,0
4.6673,1,9.0,1,0,0
5.25827,1,8.9,1,0,0
3.56775,1,10.5,1,0,0
8.17266,1,12.4,1,0,0
7.90741,1,14.3,1,0,0
8.29672,1,16.5,1,0,0
19.96261,1,15.7,1,0,0
17.88644,1,20.3,1,0,0
11.38689,1,16.6,1,0,0
3.57286,1,20.8,1,0,0
7.51036,1,19.4,1,0,0
4.15435,1,16.4,1,0,0
4.24239,1,13.1,1,0,0
4.5393,1,12.5,1,0,0
6.17918,1,14.7,1,0,0
2.67231,1,13.3,1,0,0
5.49136,1,14.0,1,0,0
3.89119,1,15.8,1,0,0
4.80166,1,15.3,1,0,0
9.17991,1,18.2,1,0,0
13.26253,1,19.4,1,0,0
15.80865,1,23.2,1,0,0
11.25259,1,18.5,1,0,0
12.46648,1,18.4,1,0,0
9.50724,1,20.1,1,0,0
14.30262,1,17.1,1,0,0
14.2609,1,14.7,1,0,0
17.38486,1,25.9,1,0,0
30.64752,1,21.9,1,0,0
20.88093,1,9.7,1,0,0
21.63183,1,9.2,1,0,0
15.82122,1,10.7,1,0,0
18.5998,1,16.8,1,0,0
20.7716,1,22.2,1,0,0
24.27751,1,18.7,1,0,0
22.25648,1,16.2,1,0,0
20.72711,1,15.6,1,0,0
17.49506,1,15.1,1,0,0
14.5286,1,11.4,1,0,0
11.6523,1,9.5,1,0,0
8.97582,1,11.2,1,0,0
12.82206,1,11.5,1,0,0
11.89782,1,13.9,1,0,0
16.25128,1,13.2,1,0,0
20.94652,1,16.1,1,0,0
30.87163,1,19.2,1,0,0
27.23664,1,35.6,1,0,0
30.20851,1,29.6,1,0,0
22.85381,1,27.6,1,0,0
20.50611,1,17.7,1,0,0
19.80214,1,16.1,1,0,0
22.36578,1,23.2,1,0,0
24.03625,1,27.2,1,0,0
19.71892,1,26.5,1,0,0
19.49095,1,19.2,1,0,0
22.3961,1,19.5,1,0,0
26.02681,1,17.3,1,0,0
20.45151,1,17.6,1,0,0
17.94325,1,19.2,1,0,0
18.13556,1,13.8,1,0,0
12.55375,1,8.7,1,0,0
7.89232,1,5.3,1,0,0
4.79032,1,6.7,1,0,0
4.79032,1,5.6,1,0,0
3.41517,1,3.0,1,0,0
3.1433,1,4.3,1,0,0
4.10041,1,5.3,1,0,0
5.62274,1,4.4,1,0,0
17.33528,1,7.9,1,0,0
34.21904,1,11.5,1,0,0
30.26004,1,14.7,1,0,0
40.39498,1,13.2,1,0,0
40.04705,1,18.1,1,0,0
41.24989,1,27.9,1,0,0
36.16396,1,27.4,1,0,0
36.49327,1,26.0,1,0,0
30.62436,1,23.1,1,0,0
30.62436,1,30.6,1,0,0
32.96278,1,21.8,1,0,0
37.06992,1,17.8,1,0,0
35.19916,1,14.4,1,0,0
28.77097,1,16.7,1,0,0
26.47454,1,12.9,1,0,0
22.768,1,12.7,1,0,0
19.71376,1,13.2,1,0,0
18.23247,1,14.9,1,0,0
14.63352,1,12.9,1,0,0
21.55005,1,12.3,1,0,0
9.84633,1,13.0,1,0,0
14.80218,1,15.1,1,0,0
15.18341,1,12.8,1,0,0
17.20763,1,12.3,1,0,0
13.10126,1,12.2,1,0,0
9.56774,1,14.3,1,0,0
10.53294,1,9.3,1,0,0
7.20869,1,10.0,1,0,0
4.69713,1,10.7,1,0,0
5.95344,1,12.6,1,0,0
5.08021,1,8.2,1,0,0
6.93263,1,10.6,1,0,0
5.27384,1,16.3,1,0,0
4.79807,1,5.7,1,0,0
5.59906,1,9.5,1,0,0
6.6524,1,9.6,1,0,0
9.16427,1,15.3,1,0,0
11.44761,1,12.0,1,0,0
14.27917,1,12.1,1,0,0
12.92883,1,10.2,1,0,0
5.97253,1,13.5,1,0,0
4.29952,1,13.1,1,0,0
4.38919,1,13.4,1,0,0
4.72193,1,12.5,1,0,0
5.88699,1,10.7,1,0,0
3.48302,1,10.9,1,0,0
5.75868,1,9.2,1,0,0
6.90541,1,13.0,1,0,0
6.43179,1,16.6,1,0,0
5.20918,1,15.2,1,0,0
2.44036,1,15.3,1,0,0
3.75507,1,9.2,1,0,0
2.52045,1,9.2,1,0,0
4.39472,1,7.3,1,0,0
3.29932,1,8.3,1,0,0
4.99871,1,10.8,1,0,0
7.50465,1,12.7,1,0,0
5.09847,1,12.5,1,0,0
3.09145,1,7.8,1,0,0
5.10066,1,14.8,1,0,0
4.99243,1,11.2,1,0,0
5.22354,1,12.2,1,0,0
7.03331,1,13.0,1,0,0
10.1464,1,11.7,1,0,0
19.77827,1,19.8,1,0,0
14.28597,1,18.1,1,0,0
8.90462,1,17.5,1,0,0
10.83147,1,11.8,1,0,0
14.40625,1,13.6,1,0,0
12.23207,1,11.6,1,0,0
9.64482,1,9.2,1,0,0
10.21533,1,21.0,1,0,0
6.40366,1,20.4,1,0,0
7.89277,1,16.8,1,0,0
5.4807,1,13.6,1,0,0
6.17726,1,8.5,1,0,0
9.97456,1,13.6,1,0,0
11.73452,1,13.7,1,0,0
14.58086,1,12.4,1,0,0
8.22362,1,11.6,1,0,0
10.19663,1,10.8,1,0,0
8.89292,1,13.6,1,0,0
9.42887,1,11.8,1,0,0
11.85454,1,15.5,1,0,0
13.25502,1,14.4,1,0,0
12.48796,1,15.0,1,0,0
17.34819,1,22.2,1,0,0
29.09878,1,26.2,1,0,0
18.87783,1,19.3,1,0,0
20.77667,1,19.0,1,0,0
14.16676,1,15.3,1,0,0
8.69672,1,11.0,1,0,0
7.92504,1,12.0,1,0,0
8.79703,1,13.4,1,0,0
11.64006,1,13.9,1,0,0
17.77863,1,13.7,1,0,0
22.5232,1,22.9,1,0,0
25.70806,1,24.7,1,0,0
34.26404,1,18.4,1,0,0
30.81195,1,20.2,1,0,0
23.52611,1,19.4,1,0,0
25.38832,1,24.3,1,0,0
21.49077,1,20.5,1,0,0
16.1485,1,14.3,1,0,0
12.86326,1,15.0,1,0,0
11.41766,1,11.6,1,0,0
13.72315,1,6.7,1,0,0
8.62989,1,11.2,1,0,0
8.35444,1,11.8,1,0,0
7.21216,1,4.1,1,0,0
7.8232,1,11.2,1,0,0
6.26647,1,8.8,1,0,0
9.00372,1,10.8,1,0,0
5.17674,1,9.1,1,0,0
6.11165,1,10.0,1,0,0
2.2367,1,6.6,1,0,0
18.29834,1,8.0,1,0,0
11.17586,1,6.3,1,0,0
5.97599,1,8.4,1,0,0
5.96825,1,8.6,1,0,0
9.44036,1,11.2,1,0,0
10.1068,1,6.7,1,0,0
11.67673,1,6.2,1,0,0
8.05899,1,7.6,1,0,0
7.99498,1,21.5,1,0,0
13.76697,1,16.9,1,0,0
9.21548,1,13.6,1,0,0
12.50356,1,12.6,1,0,0
10.06807,1,20.1,1,0,0
12.22651,1,33.8,1,0,0
11.29653,1,17.5,1,0,0
6.79262,1,12.1,1,0,0
8.76074,1,11.3,1,0,0
7.6809,1,13.3,1,0,0
7.35927,1,11.3,1,0,0
10.39027,1,11.6,1,0,0
9.32807,1,14.9,1,0,0
9.94783,1,10.7,1,0,0
10.24484,1,10.4,1,0,0
8.84982,1,8.5,1,0,0
6.04852,1,7.2,1,0,0
7.16051,1,11.6,1,0,0
9.1747,1,10.4,1,0,0
12.08467,1,16.1,1,0,0
19.14096,1,14.5,1,0,0
24.58776,1,17.2,1,0,0
23.69946,1,16.6,1,0,0
22.23422,1,15.0,1,0,0
24.56664,1,12.9,1,0,0
14.74926,1,10.3,1,0,0
11.15454,1,11.6,1,0,0
10.2856,1,9.5,1,0,0
7.26094,1,11.3,1,0,0
9.1079,1,12.2,1,0,0
6.24717,1,11.1,1,0,0
5.74385,1,10.2,1,0,0
7.91252,1,6.9,1,0,0
7.73131,1,9.4,1,0,0
4.69281,1,11.5,1,0,0
5.90901,1,10.1,1,0,0
5.23974,1,9.8,1,0,0
4.38231,1,10.6,1,0,0
5.28538,1,7.4,1,0,0
5.28538,1,7.0,1,0,0
8.12991,1,8.2,1,0,0
2.44369,1,6.8,1,0,0
4.08349,1,7.8,1,0,0
3.23109,1,8.1,1,0,0
9.19923,1,9.4,1,0,0
12.34423,1,12.6,1,0,0
14.18011,1,11.1,1,0,0
11.07252,1,12.4,1,0,0
10.46443,1,17.0,1,0,0
12.19534,1,14.1,1,0,0
9.79195,1,12.4,1,0,0
6.20964,1,15.8,1,0,0
8.15097,1,20.1,1,0,0
8.23373,1,16.7,1,0,0
8.72467,1,24.2,1,0,0
8.86315,1,12.9,1,0,0
6.83493,1,10.4,1,0,0
5.86165,1,12.5,1,0,0
8.40979,1,11.5,1,0,0
8.82713,1,14.2,1,0,0
9.61778,1,18.4,1,0,0
10.44454,1,15.2,1,0,0
8.79407,1,14.2,1,0,0
4.81663,1,18.4,1,0,0
9.83426,1,14.8,1,0,0
11.93888,1,16.3,1,0,0
15.99098,1,17.0,1,0,0
18.27991,1,21.4,1,0,0
20.19265,1,24.8,1,0,0
18.25939,1,19.9,1,0,0
9.22945,1,16.7,1,0,0
7.00948,1,19.1,1,0,0
8.4463,1,19.6,1,0,0
9.90455,1,19.0,1,0,0
8.04886,1,15.6,1,0,0
8.20118,1,16.3,1,0,0
9.67878,1,16.6,1,0,0
9.23952,1,11.6,1,0,0
9.62522,1,12.5,1,0,0
17.56902,1,34.5,1,0,0
23.88981,1,56.6,1,0,0
19.51388,1,51.3,1,0,0
17.65543,1,17.6,1,0,0
14.46462,1,19.3,1,0,0
17.84987,1,13.3,1,0,0
15.8445,1,17.1,1,0,0
11.88473,1,15.3,1,0,0
10.1037,1,14.8,1,0,0
5.08353,1,11.7,1,0,0
4.20773,1,12.8,1,0,0
4.31757,1,9.1,1,0,0
3.10058,1,12.5,1,0,0
5.27633,1,14.3,1,0,0
7.94066,1,16.4,1,0,0
10.93238,1,15.5,1,0,0
10.9439,1,15.6,1,0,0
11.88067,1,19.0,1,0,0
17.92456,1,17.1,1,0,0
15.73342,1,9.6,1,0,0
15.71409,1,10.7,1,0,0
15.66058,1,11.8,1,0,0
15.55365,1,8.6,1,0,0
12.88477,1,4.6,1,0,0
11.87904,1,5.6,1,0,0
6.42362,1,6.4,1,0,0
8.58917,1,6.7,1,0,0
12.15992,1,11.2,1,0,0
8.48174,1,24.4,1,0,0
20.82055,1,78.0,1,0,0
13.40188,1,15.2,1,0,0
6.11163,1,6.7,1,0,0
3.36295,1,8.6,1,0,0
2.38662,1,9.7,1,0,0
6.15586,1,12.0,1,0,0
5.03392,1,10.1,1,0,0
4.7765,1,11.0,1,0,0
4.01688,1,11.9,1,0,0
2.67147,1,15.8,1,0,0
3.19392,1,17.7,1,0,0
1.63831,1,18.6,1,0,0
4.75591,1,13.7,1,0,0
1.78345,1,16.7,1,0,0
4.14799,1,14.9,1,0,0
3.09773,1,16.3,1,0,0
4.48815,1,19.1,1,0,0
3.5189,1,16.3,1,0,0
2.72365,1,13.1,1,0,0
2.90218,1,17.6,1,0,0
5.39127,1,20.7,1,0,0
7.08612,1,15.8,1,0,0
4.36986,1,10.2,1,0,0
5.73336,1,19.3,1,0,0
5.85107,1,17.6,1,0,0
6.12768,1,15.3,1,0,0
4.60789,1,11.7,1,0,0
4.85125,1,10.3,1,0,0
5.64032,1,10.5,1,0,0
8.74553,1,11.4,1,0,0
8.78754,1,9.6,1,0,0
6.93862,1,12.5,1,0,0
14.37251,1,14.9,1,0,0
16.53191,1,19.5,1,0,0
9.69154,1,15.0,1,0,0
11.46533,1,15.5,1,0,0
6.15377,1,8.4,1,0,0
4.66292,1,5.9,1,0,0
3.74056,1,11.5,1,0,0
2.789,1,8.9,1,0,0
7.70744,1,17.7,1,0,0
7.03577,1,11.7,1,0,0
10.15429,1,15.7,1,0,0
7.83578,1,17.8,1,0,0
5.06758,1,13.1,1,0,0
4.42798,1,16.5,1,0,0
7.09298,1,14.8,1,0,0
3.89038,1,14.7,1,0,0
12.36007,1,16.7,1,0,0
10.06899,1,14.9,1,0,0
10.89892,1,12.2,1,0,0
9.35553,1,11.4,1,0,0
10.76689,1,11.6,1,0,0
7.74785,1,12.5,1,0,0
7.64521,1,12.6,1,0,0
14.4395,1,13.9,1,0,0
15.88394,1,17.3,1,0,0
19.01152,1,18.5,1,0,0
23.79392,1,16.9,1,0,0
9.04488,1,8.3,1,0,0
6.63477,1,8.7,1,0,0
6.12379,1,8.8,1,0,0
4.18427,1,11.0,1,0,0
7.14336,1,11.6,1,0,0
11.77522,1,12.1,1,0,0
7.36319,1,12.7,1,0,0
15.67173,1,18.1,1,0,0
21.51395,1,18.3,1,0,0
24.5397,1,24.4,1,0,0
26.18736,1,36.9,1,0,0
25.94923,1,33.1,1,0,0
20.8389,1,27.6,1,0,0
20.23718,1,25.6,1,0,0
16.67489,1,26.1,1,0,0
15.42094,1,24.2,1,0,0
13.45488,1,21.5,1,0,0
15.63481,1,20.0,1,0,0
13.69464,1,19.2,1,0,0
15.45977,1,21.6,1,0,0
19.25378,1,23.5,1,0,0
27.08887,1,34.2,1,0,0
35.16224,1,36.3,1,0,0
27.0054,1,29.6,1,0,0
27.04825,1,22.9,1,0,0
25.96251,1,15.4,1,0,0
21.41375,1,18.1,1,0,0
22.8828,1,23.3,1,0,0
23.39779,1,19.3,1,0,0
24.01774,1,25.3,1,0,0
24.01774,1,25.2,1,0,0
27.94985,1,23.4,1,0,0
27.21226,1,28.8,1,0,0
19.43885,1,18.9,1,0,0
22.11165,1,19.3,1,0,0
24.40184,1,20.4,1,0,0
15.19821,1,16.1,1,0,0
12.89303,1,9.4,1,0,0
14.1545,1,12.0,1,0,0
11.58573,1,11.9,1,0,0
9.55715,1,7.4,1,0,0
14.75113,1,9.1,1,0,0
9.29416,1,9.5,1,0,0
7.5912,1,7.9,1,0,0
7.04822,1,10.8,1,0,0
12.73956,1,11.7,1,0,0
17.54867,1,15.0,1,0,0
19.03691,1,12.2,1,0,0
14.53959,1,13.1,1,0,0
18.31503,1,11.9,1,0,0
17.99147,1,21.9,1,0,0
18.18856,1,20.4,1,0,0
25.71291,1,20.4,1,0,0
21.8794,1,22.6,1,0,0
23.85926,1,18.2,1,0,0
22.31615,1,19.7,1,0,0
23.36936,1,15.9,1,0,0
27.24055,1,13.8,1,0,0
21.44855,1,6.0,1,0,0
13.45417,1,6.8,1,0,0
11.46342,1,10.3,1,0,0
8.08607,1,10.8,1,0,0
6.65252,1,9.5,1,0,0
8.42769,1,11.5,1,0,0
5.63929,1,9.3,1,0,0
6.94448,1,6.9,1,0,0
4.54916,1,6.4,1,0,0
4.40516,1,5.7,1,0,0
2.61036,1,8.5,1,0,0
8.73218,1,12.8,1,0,0
18.51087,1,16.4,1,0,0
16.32127,1,13.1,1,0,0
12.93248,1,16.0,1,0,0
10.01849,1,9.8,1,0,0
13.69559,1,9.8,1,0,0
12.49539,1,11.4,1,0,0
17.01763,1,15.3,1,0,0
15.10062,1,17.9,1,0,0
20.27741,1,18.5,1,0,0
21.82504,1,20.4,1,0,0
18.48558,1,17.8,1,0,0
22.82366,1,18.3,1,0,0
25.95225,1,22.5,1,0,0
31.30995,1,26.7,1,0,0
24.1115,1,36.0,1,0,0
22.3855,1,24.3,1,0,0
16.95958,1,24.3,1,0,0
16.16406,1,15.3,1,0,0
7.82737,1,7.1,1,0,0
7.01128,1,7.9,1,0,0
6.90259,1,5.8,1,0,0
6.9782,1,7.7,1,0,0
5.85904,1,12.3,1,0,0
6.62255,1,16.0,1,0,0
8.82482,1,10.7,1,0,0
10.9492,1,12.5,1,0,0
10.69241,1,8.3,1,0,0
8.67436,1,9.5,1,0,0
7.65114,1,9.0,1,0,0
6.93032,1,6.5,1,0,0
7.39206,1,4.5,1,0,0
11.18622,1,7.3,1,0,0
6.12495,1,8.9,1,0,0
7.38136,1,5.8,1,0,0
15.39942,1,22.9,1,0,0
14.66455,1,16.6,1,0,0
7.95997,1,9.4,1,0,0
7.90131,1,10.1,1,0,0
6.88045,1,9.5,1,0,0
6.21451,1,9.6,1,0,0
7.0476,1,9.5,1,0,0
9.5526,1,13.5,1,0,0
7.54988,1,10.2,1,0,0
3.03593,1,6.5,1,0,0
3.03742,1,7.7,1,0,0
3.24068,1,7.5,1,0,0
6.1201,1,9.3,1,0,0
5.03951,1,9.9,1,0,0
2.62906,1,9.1,1,0,0
2.28294,1,12.7,1,0,0
2.32397,1,9.1,1,0,0
5.16164,1,9.9,1,0,0
4.89047,1,11.8,1,0,0
4.85475,1,7.5,1,0,0
6.78215,1,12.9,1,0,0
5.81161,1,14.2,1,0,0
7.2372,1,13.3,1,0,0
8.84549,1,13.7,1,0,0
7.0148,1,10.9,1,0,0
8.5959,1,14.7,1,0,0
9.20602,1,12.1,1,0,0
6.93279,1,15.8,1,0,0
8.13201,1,17.5,1,0,0
10.09788,1,14.7,1,0,0
6.01101,1,13.6,1,0,0
5.56769,1,9.2,1,0,0
7.27352,1,10.8,1,0,0
4.78898,1,13.9,1,0,0
4.44698,1,11.7,1,0,0
5.27328,1,11.4,1,0,0
6.16343,1,13.2,1,0,0
9.02774,1,15.0,1,0,0
12.91662,1,13.5,1,0,0
11.88888,1,12.3,1,0,0
11.49796,1,9.6,1,0,0
9.75123,1,8.0,1,0,0
9.04112,1,5.9,1,0,0
9.91518,1,8.8,1,0,0
8.84791,1,10.6,1,0,0
6.87674,1,13.3,1,0,0
8.6523,1,12.8,1,0,0
9.03423,1,13.7,1,0,0
5.98467,1,4.9,1,0,0
5.55068,1,6.0,1,0,0
3.94472,1,7.6,1,0,0
6.04979,1,11.1,1,0,0
3.85489,1,12.7,1,0,0
6.32624,1,14.9,1,0,0
11.65501,1,15.0,1,0,0
9.16146,1,15.0,1,0,0
9.22462,1,13.6,1,0,0
4.04092,1,7.6,1,0,0
1.32086,1,9.6,1,0,0
0.77598,1,11.9,1,0,0
1.22312,1,10.6,1,0,0
3.13183,1,10.0,1,0,0
6.92796,1,10.8,1,0,0
7.20017,1,14.6,1,0,0
5.16461,1,14.7,1,0,0
5.13143,1,13.1,1,0,0
5.42252,1,11.4,1,0,0
5.56301,1,13.0,1,0,0
4.92737,1,15.2,1,0,0
4.39775,1,16.4,1,0,0
4.20928,1,15.0,1,0,0
5.32885,1,18.2,1,0,0
5.96066,1,19.1,1,0,0
5.85375,1,21.4,1,0,0
4.5867,1,14.8,1,0,0
4.90672,1,13.7,1,0,0
3.48882,1,12.3,1,0,0
3.08584,1,13.2,1,0,0
3.78381,1,12.9,1,0,0
7.44087,1,14.3,1,0,0
2.88389,1,12.9,1,0,0
5.97553,1,11.7,1,0,0
2.05194,1,7.9,1,0,0
2.79479,1,10.1,1,0,0
2.21083,1,11.7,1,0,0
6.91736,1,15.2,1,0,0
9.02983,1,15.3,1,0,0
9.98341,1,20.2,1,0,0
8.93964,1,19.4,1,0,0
9.72622,1,14.7,1,0,0
8.18444,1,18.0,1,0,0
9.00996,1,20.1,1,0,0
8.32321,1,16.4,1,0,0
7.46653,1,27.0,1,0,0
11.44244,1,18.7,1,0,0
8.27432,1,18.9,1,0,0
8.22902,1,16.8,1,0,0
9.77118,1,14.0,1,0,0
6.54249,1,13.0,1,0,0
8.49894,1,12.4,1,0,0
12.66288,1,13.7,1,0,0
11.46257,1,14.9,1,0,0
17.39209,1,17.5,1,0,0
15.76004,1,12.4,1,0,0
14.74377,1,11.8,1,0,0
25.49445,1,12.8,1,0,0
12.20942,1,12.9,1,0,0
8.90192,1,16.2,1,0,0
10.11343,1,16.3,1,0,0
25.51765,1,21.5,1,0,0
30.34924,1,27.7,1,0,0
39.30361,1,26.4,1,0,0
40.34665,1,22.7,1,0,0
38.84641,1,17.1,1,0,0
34.54983,1,22.6,1,0,0
26.14701,1,24.7,1,0,0
32.50048,1,26.2,1,0,0
28.9266,1,21.8,1,0,0
25.51064,1,25.2,1,0,0
24.78179,1,16.5,1,0,0
31.92874,1,32.2,1,0,0
48.57153,1,34.3,1,0,0
62.73749,1,29.6,1,0,0
57.80918,1,42.0,1,0,0
38.68813,1,28.1,1,0,0
39.86149,1,27.9,1,0,0
26.71822,1,27.2,1,0,0
17.0138,1,21.2,1,0,0
12.94097,1,19.4,1,0,0
9.10084,1,21.6,1,0,0
8.09866,1,18.9,1,0,0
8.43427,1,18.1,1,0,0
9.28869,1,15.6,1,0,0
16.86063,1,17.7,1,0,0
25.60318,1,27.3,1,0,0
34.16269,1,37.9,1,0,0
25.51146,1,36.6,1,0,0
33.6851,1,36.1,1,0,0
28.53107,1,28.3,1,0,0
28.53326,1,35.8,1,0,0
28.5936,1,36.9,1,0,0
24.51544,1,41.7,1,0,0
24.38516,1,43.2,1,0,0
32.35526,1,68.4,1,0,0
35.38494,1,50.2,1,0,0
42.24604,1,52.2,1,0,0
43.46512,1,63.8,1,0,0
33.15035,1,72.2,1,0,0
21.96815,1,24.2,1,0,0
11.74683,1,24.0,1,0,0
6.38715,1,18.4,1,0,0
8.23472,1,19.0,1,0,0
9.88225,1,13.5,1,0,0
7.8231,1,13.5,1,0,0
4.79125,1,8.1,1,0,0
2.95246,1,11.4,1,0,0
4.80831,1,13.9,1,0,0
12.19498,1,20.5,1,0,0
12.06623,1,21.3,1,0,0
7.64669,1,17.0,1,0,0
11.5885,1,17.4,1,0,0
9.55752,1,12.6,1,0,0
12.91456,1,13.9,1,0,0
11.68977,1,9.8,1,0,0
11.19925,1,13.3,1,0,0
5.91356,1,7.3,1,0,0
7.47094,1,5.4,1,0,0
6.45756,1,10.0,1,0,0
7.35136,1,11.0,1,0,0
4.81565,1,11.9,1,0,0
11.2406,1,7.7,1,0,0
8.38837,1,12.3,1,0,0
6.75676,1,13.7,1,0,0
14.96671,1,18.2,1,0,0
11.07903,1,18.9,1,0,0
9.18031,1,18.8,1,0,0
8.67583,1,14.5,1,0,0
9.22651,1,15.0,1,0,0
13.87392,1,18.1,1,0,0
9.59821,1,18.6,1,0,0
6.33178,1,13.7,1,0,0
11.85838,1,20.2,1,0,0
10.58485,1,17.7,1,0,0
7.85384,1,10.4,1,0,0
7.82427,1,9.7,1,0,0
6.66785,1,8.6,1,0,0
5.88686,1,8.8,1,0,0
6.15119,1,14.4,1,0,0
6.33587,1,21.0,1,0,0
5.33486,1,9.6,1,0,0
5.81557,1,7.2,1,0,0
4.44355,1,12.0,1,0,0
4.36153,1,11.5,1,0,0
4.68583,1,11.5,1,0,0
6.79964,1,11.2,1,0,0
7.66374,1,12.1,1,0,0
12.61473,1,14.2,1,0,0
11.55644,1,10.3,1,0,0
8.41372,1,11.5,1,0,0
11.62272,1,11.9,1,0,0
10.41968,1,10.7,1,0,0
7.39554,1,9.5,1,0,0
9.62973,1,13.3,1,0,0
11.98254,1,13.5,1,0,0
5.87202,1,15.2,1,0,0
15.89907,1,14.0,1,0,0
15.17198,1,15.3,1,0,0
10.69802,1,9.8,1,0,0
9.24164,1,0.2,1,0,0
8.39523,1,7.6,1,0,0
12.36464,1,9.0,1,0,0
20.85743,1,13.1,1,0,0
14.79537,1,15.7,1,0,0
8.27817,1,9.8,1,0,0
9.53067,1,10.4,1,0,0
6.08147,1,7.8,1,0,0
8.88049,1,10.4,1,0,0
13.32354,1,12.1,1,0,0
9.74166,1,12.4,1,0,0
10.6966,1,18.4,1,0,0
10.75776,1,14.9,1,0,0
17.38882,1,14.7,1,0,0
10.16959,1,12.4,1,0,0
8.06885,1,11.9,1,0,0
9.45311,1,12.2,1,0,0
14.10651,1,11.1,1,0,0
9.06918,1,11.8,1,0,0
12.2512,1,10.7,1,0,0
17.41803,1,11.3,1,0,0
22.06277,1,21.0,1,0,0
28.49535,1,23.1,1,0,0
31.99076,1,21.9,1,0,0
26.8632,1,29.0,1,0,0
24.61497,1,18.4,1,0,0
19.90428,1,15.2,1,0,0
25.30225,1,10.1,1,0,0
20.91779,1,14.0,1,0,0
24.84357,1,13.5,1,0,0
20.59617,1,19.7,1,0,0
18.45407,1,24.9,1,0,0
20.8638,1,24.5,1,0,0
16.19925,1,23.5,1,0,0
14.06215,1,22.4,1,0,0
12.32666,1,18.1,1,0,0
9.94066,1,12.0,1,0,0
11.54788,1,14.1,1,0,0
10.05375,1,9.9,1,0,0
6.79486,1,7.5,1,0,0
3.01816,1,10.7,1,0,0
3.78205,1,5.8,1,0,0
2.61571,1,3.1,1,0,0
3.56234,1,4.6,1,0,0
3.05279,1,7.3,1,0,0
6.62493,1,17.7,1,0,0
18.9371,1,20.4,1,0,0
18.12424,1,20.4,1,0,0
17.69418,1,21.7,1,0,0
17.04689,1,15.7,1,0,0
17.04689,1,16.6,1,0,0
17.04689,1,18.8,1,0,0
17.04689,1,19.3,1,0,0
17.04689,1,19.3,1,0,0
17.04689,1,12.8,1,0,0
11.82455,1,18.2,1,0,0
19.17555,1,19.9,1,0,0
23.81898,1,17.9,1,0,0
20.88188,1,20.3,1,0,0
15.05038,1,29.4,1,0,0
16.69238,1,13.9,1,0,0
13.25008,1,12.1,1,0,0
16.72138,1,15.9,1,0,0
12.90102,1,13.7,1,0,0
10.73349,1,11.3,1,0,0
13.08524,1,8.5,1,0,0
8.09327,1,11.8,1,0,0
10.67426,1,9.0,1,0,0
10.2069,1,12.1,1,0,0
20.32839,1,19.3,1,0,0
31.32567,1,20.1,1,0,0
29.538,1,21.6,1,0,0
21.47973,1,10.5,1,0,0
24.73405,1,8.7,1,0,0
25.00976,1,17.2,1,0,0
29.86043,1,21.9,1,0,0
30.69038,1,20.5,1,0,0
24.37864,1,14.7,1,0,0
27.12053,1,16.9,1,0,0
26.26546,1,19.7,1,0,0
22.29043,1,16.8,1,0,0
21.85082,1,22.2,1,0,0
23.32618,1,24.5,1,0,0
27.23443,1,23.1,1,0,0
35.69946,1,26.8,1,0,0
32.31382,1,17.9,1,0,0
28.10105,1,15.9,1,0,0
24.63018,1,13.6,1,0,0
22.90758,1,10.4,1,0,0
19.28478,1,12.7,1,0,0
14.89602,1,10.1,1,0,0
12.80456,1,17.6,1,0,0
12.5708,1,24.4,1,0,0
18.9203,1,30.6,1,0,0
23.57579,1,29.1,1,0,0
26.19375,1,29.6,1,0,0
23.23912,1,24.6,1,0,0
23.68196,1,17.4,1,0,0
18.85871,1,15.9,1,0,0
19.0339,1,16.5,1,0,0
26.1642,1,29.2,1,0,0
19.3391,1,13.2,1,0,0
22.02569,1,19.5,1,0,0
15.90275,1,12.5,1,0,0
19.86651,1,11.0,1,0,0
14.53286,1,52.1,1,0,0
13.98716,1,20.5,1,0,0
12.75537,1,26.0,1,0,0
23.07173,1,21.7,1,0,0
16.371,1,17.9,1,0,0
13.01361,1,16.8,1,0,0
12.08905,1,11.6,1,0,0
16.96906,1,9.0,1,0,0
9.55788,1,5.5,1,0,0
10.66548,1,7.2,1,0,0
7.49497,1,9.2,1,0,0
11.19449,1,13.6,1,0,0
10.79504,1,16.2,1,0,0
8.01162,1,18.2,1,0,0
6.77539,1,13.0,1,0,0
11.49141,1,15.4,1,0,0
32.99817,1,18.0,1,0,0
27.6451,1,6.3,1,0,0
27.20945,1,10.7,1,0,0
23.25853,1,15.4,1,0,0
31.01671,1,18.4,1,0,0
38.56397,1,20.9,1,0,0
48.95557,1,13.3,1,0,0
29.47008,1,27.4,1,0,0
16.58888,1,20.2,1,0,0
19.21092,1,14.9,1,0,0
16.87088,1,17.3,1,0,0
15.66257,1,20.0,1,0,0
14.3504,1,17.6,1,0,0
18.22014,1,20.0,1,0,0
10.05412,1,18.2,1,0,0
6.01869,1,16.4,1,0,0
3.35462,1,20.3,1,0,0
3.2465,1,21.5,1,0,0
2.69245,1,18.8,1,0,0
4.44203,1,22.5,1,0,0
4.7682,1,31.5,1,0,0
8.10563,1,29.9,1,0,0
10.58006,1,29.8,1,0,0
25.14059,1,34.6,1,0,0
20.55157,1,35.1,1,0,0
22.35282,1,39.5,1,0,0
24.64874,1,39.2,1,0,0
21.56884,1,37.5,1,0,0
20.37342,1,41.8,1,0,0
17.71947,1,42.5,1,0,0
20.06013,1,40.3,1,0,0
21.31737,1,41.7,1,0,0
15.20371,1,37.0,1,0,0
17.1293,1,40.5,1,0,0
15.39208,1,36.6,1,0,0
16.26337,1,38.4,1,0,0
16.3293,1,37.0,1,0,0
9.10506,1,31.0,1,0,0
7.4566,1,29.7,1,0,0
8.3201,1,26.7,1,0,0
20.14194,1,30.5,1,0,0
13.47513,1,21.9,1,0,0
10.61251,1,21.5,1,0,0
26.8646,1,22.7,1,0,0
36.39139,1,27.4,1,0,0
30.10021,1,28.0,1,0,0
29.42379,1,30.4,1,0,0
41.0338,1,39.3,1,0,0
26.68691,1,37.9,1,0,0
36.4402,1,38.7,1,0,0
38.75419,1,38.6,1,0,0
38.64162,1,42.3,1,0,0
40.39791,1,40.3,1,0,0
33.92068,1,43.3,1,0,0
50.30832,1,49.5,1,0,0
41.20878,1,47.3,1,0,0
33.70106,1,46.6,1,0,0
30.99856,1,39.5,1,0,0
18.84776,1,41.4,1,0,0
20.56202,1,38.7,1,0,0
22.53925,1,30.7,1,0,0
14.93561,1,25.9,1,0,0
10.38439,1,24.8,1,0,0
18.50339,1,23.9,1,0,0
6.43705,1,20.6,1,0,0
6.78273,1,35.9,1,0,0
7.36324,1,38.5,1,0,0
8.16056,1,32.6,1,0,0
14.34144,1,27.3,1,0,0
21.40181,1,27.9,1,0,0
23.93812,1,31.8,1,0,0
35.90165,1,31.7,1,0,0
26.4571,1,34.9,1,0,0
38.92848,1,46.2,1,0,0
53.13238,1,45.0,1,0,0
40.79255,1,44.4,1,0,0
38.96612,1,46.1,1,0,0
30.50638,1,44.0,1,0,0
33.94396,1,36.9,1,0,0
30.82125,1,42.8,1,0,0
30.57676,1,37.5,1,0,0
35.50945,1,37.8,1,0,0
33.0669,1,43.2,1,0,0
53.90921,1,51.1,1,0,0
40.79928,1,46.2,1,0,0
23.16703,1,42.0,1,0,0
21.81278,1,44.1,1,0,0
19.93804,1,44.5,1,0,0
16.24699,1,36.5,1,0,0
18.79653,1,40.7,1,0,0
21.95337,1,43.8,1,0,0
15.32375,1,38.2,1,0,0
26.26912,1,40.8,1,0,0
19.36594,1,43.6,1,0,0
14.84675,1,42.8,1,0,0
24.15544,1,42.9,1,0,0
39.72956,1,46.6,1,0,0
36.98856,1,48.2,1,0,0
33.84229,1,52.3,1,0,0
43.90946,1,51.4,1,0,0
44.30467,1,54.5,1,0,0
30.88418,1,40.0,1,0,0
39.99513,1,35.2,1,0,0
52.50741,1,34.5,1,0,0
57.03266,1,50.9,1,0,0
50.39529,1,50.6,1,0,0
47.28481,1,46.4,1,0,0
32.5663,1,43.7,1,0,0
23.94185,1,28.3,1,0,0
16.62928,1,25.7,1,0,0
13.2179,1,25.9,1,0,0
14.8723,1,19.0,1,0,0
11.1735,1,24.6,1,0,0
10.61673,1,20.0,1,0,0
10.03417,1,12.4,1,0,0
9.13713,1,7.2,1,0,0
9.13713,1,9.9,1,0,0
13.53793,1,16.0,1,0,0
13.09901,1,16.3,1,0,0
14.83019,1,16.6,1,0,0
12.60971,1,23.7,1,0,0
38.21737,1,19.8,1,0,0
26.77143,1,19.7,1,0,0
37.79662,1,23.8,1,0,0
34.87962,1,18.8,1,0,0
19.9239,1,18.6,1,0,0
30.16227,1,18.2,1,0,0
40.99372,1,17.8,1,0,0
26.84169,1,14.0,1,0,0
28.59069,1,15.8,1,0,0
37.63959,1,12.1,1,0,0
22.22193,1,8.8,1,0,0
10.80512,1,8.5,1,0,0
6.15944,1,9.1,1,0,0
6.75848,1,6.1,1,0,0
7.93083,1,7.6,1,0,0
4.44514,1,9.7,1,0,0
9.48386,1,3.5,1,0,0
5.07066,1,5.8,1,0,0
11.41844,1,6.2,1,0,0
25.75945,1,8.7,1,0,0
26.82806,1,7.9,1,0,0
34.11331,1,13.5,1,0,0
34.29073,1,16.5,1,0,0
38.2438,1,21.1,1,0,0
37.01601,1,16.0,1,0,0
42.55345,1,18.8,1,0,0
27.29522,1,18.1,1,0,0
37.53732,1,19.0,1,0,0
46.38515,1,21.4,1,0,0
44.18716,1,20.8,1,0,0
39.87132,1,18.1,1,0,0
38.33149,1,20.4,1,0,0
25.64924,1,14.4,1,0,0
21.25557,1,11.2,1,0,0
23.09025,1,10.3,1,0,0
23.78073,1,10.8,1,0,0
13.50297,1,13.0,1,0,0
11.14607,1,10.9,1,0,0
7.45919,1,4.0,1,0,0
5.86173,1,9.4,1,0,0
5.32604,1,7.4,1,0,0
9.72978,1,9.7,1,0,0
9.93249,1,6.8,1,0,0
8.85332,1,9.7,1,0,0
16.07946,1,13.4,1,0,0
25.45131,1,13.5,1,0,0
40.54407,1,15.6,1,0,0
34.62092,1,18.8,1,0,0
52.10344,1,21.7,1,0,0
47.34873,1,18.4,1,0,0
52.94333,1,22.1,1,0,0
39.57263,1,19.5,1,0,0
55.08244,1,17.7,1,0,0
40.37609,1,24.0,1,0,0
54.66235,1,16.6,1,0,0
38.73201,1,19.9,1,0,0
33.10256,1,20.4,1,0,0
30.79872,1,22.4,1,0,0
28.77648,1,14.2,1,0,0
25.18602,1,13.4,1,0,0
18.52895,1,14.5,1,0,0
9.05962,1,14.9,1,0,0
5.42843,1,18.0,1,0,0
7.50212,1,14.7,1,0,0
5.46446,1,13.8,1,0,0
3.73752,1,11.2,1,0,0
5.30703,1,12.0,1,0,0
5.51616,1,13.3,1,0,0
7.73914,1,10.3,1,0,0
12.09286,1,13.7,1,0,0
14.19892,1,16.4,1,0,0
28.78567,1,16.6,1,0,0
29.5526,1,22.2,1,0,0
34.88461,1,28.3,1,0,0
30.54598,1,27.4,1,0,0
32.79184,1,23.4,1,0,0
29.86704,1,18.7,1,0,0
27.91703,1,13.8,1,0,0
30.40354,1,15.5,1,0,0
29.19949,1,15.6,1,0,0
36.11593,1,18.5,1,0,0
26.94211,1,14.9,1,0,0
32.30025,1,21.2,1,0,0
18.47836,1,22.1,1,0,0
14.62517,1,22.7,1,0,0
11.31118,1,17.2,1,0,0
15.76308,1,19.0,1,0,0
32.31606,1,10.0,1,0,0
6.05939,1,5.8,1,0,0
14.37196,1,7.9,1,0,0
9.96738,1,9.2,1,0,0
15.51782,1,8.2,1,0,0
18.67637,1,13.6,1,0,0
13.98673,1,12.7,1,0,0
14.02487,1,8.6,1,0,0
13.44787,1,12.1,1,0,0
37.64521,1,19.3,1,0,0
28.01365,1,19.4,1,0,0
22.96721,1,18.7,1,0,0
25.06807,1,17.1,1,0,0
21.95377,1,2.0,1,0,0
26.71943,1,18.4,1,0,0
34.55542,1,18.6,1,0,0
46.35257,1,40.6,1,0,0
23.5636,1,27.5,1,0,0
26.38669,1,18.2,1,0,0
19.53083,1,12.4,1,0,0
20.49095,1,14.8,1,0,0
23.46872,1,23.3,1,0,0
17.84255,1,24.0,1,0,0
10.62147,1,28.8,1,0,0
9.57527,1,25.3,1,0,0
9.5966,1,24.0,1,0,0
10.47827,1,14.3,1,0,0
17.5736,1,10.5,1,0,0
18.80714,1,20.5,1,0,0
28.52535,1,36.3,1,0,0
30.76124,1,26.5,1,0,0
22.01076,1,29.7,1,0,0
17.39704,1,18.4,1,0,0
22.61385,1,47.9,1,0,0
19.63097,1,71.5,1,0,0
19.82652,1,4.4,1,0,0
13.05523,1,6.3,1,0,0
12.9626,1,13.9,1,0,0
13.38917,1,17.8,1,0,0
27.95613,1,24.5,1,0,0
29.54508,1,22.9,1,0,0
22.96144,1,15.2,1,0,0
17.40912,1,13.2,1,0,0
31.88726,1,17.0,1,0,0
32.91911,1,21.5,1,0,0
25.68485,1,26.9,1,0,0
23.77458,1,28.4,1,0,0
15.23702,1,17.9,1,0,0
14.95559,1,12.6,1,0,0
15.11696,1,10.4,1,0,0
15.99979,1,13.1,1,0,0
16.15732,1,15.3,1,0,0
28.92527,1,23.3,1,0,0
33.32537,1,28.8,1,0,0
31.26963,1,35.5,1,0,0
26.25913,1,33.6,1,0,0
23.6137,1,17.7,1,0,0
19.47164,1,16.5,1,0,0
11.21364,1,19.7,1,0,0
21.07871,1,31.1,1,0,0
33.23822,1,23.5,1,0,0
24.40013,1,23.0,1,0,0
25.78856,1,15.6,1,0,0
27.19639,1,23.6,1,0,0
24.44222,1,11.7,1,0,0
15.33185,1,5.9,1,0,0
15.52015,1,7.8,1,0,0
9.52546,1,9.4,1,0,0
9.14726,1,12.0,1,0,0
8.59357,1,12.1,1,0,0
7.54155,1,11.0,1,0,0
7.16687,1,10.6,1,0,0
5.57728,1,12.9,1,0,0
6.06788,1,11.9,1,0,0
5.72057,1,11.9,1,0,0
4.00456,1,12.5,1,0,0
15.38019,1,23.6,1,0,0
19.65771,1,27.0,1,0,0
21.39198,1,30.7,1,0,0
11.89914,1,28.9,1,0,0
17.56377,1,44.8,1,0,0
22.95694,1,55.2,1,0,0
15.65145,1,23.0,1,0,0
21.16102,1,37.4,1,0,0
18.98174,1,25.8,1,0,0
18.66777,1,38.2,1,0,0
20.83846,1,31.8,1,0,0
28.00961,1,31.2,1,0,0
18.06977,1,25.3,1,0,0
22.2706,1,35.0,1,0,0
20.69784,1,26.8,1,0,0
18.22113,1,27.4,1,0,0
15.61138,1,26.2,1,0,0
13.70984,1,22.4,1,0,0
9.18573,1,20.7,1,0,0
7.19043,1,14.2,1,0,0
7.40808,1,16.8,1,0,0
9.14006,1,28.0,1,0,0
9.10136,1,25.5,1,0,0
8.4321,1,20.6,1,0,0
7.38947,1,15.1,1,0,0
9.9757,1,28.8,1,0,0
10.55179,1,38.1,1,0,0
11.36857,1,31.8,1,0,0
15.44826,1,27.2,1,0,0
11.19112,1,37.5,1,0,0
13.40594,1,26.8,1,0,0
12.0345,1,28.2,1,0,0
11.97502,1,45.2,1,0,0
8.55318,1,12.2,1,0,0
8.05191,1,7.5,1,0,0
10.68062,1,10.0,1,0,0
9.09174,1,17.0,1,0,0
7.65049,1,16.8,1,0,0
8.90038,1,13.3,1,0,0
7.69703,1,9.7,1,0,0
8.95926,1,20.2,1,0,0
9.98314,1,13.0,1,0,0
5.67436,1,10.2,1,0,0
4.82125,1,10.4,1,0,0
4.19831,1,7.9,1,0,0
3.99946,1,10.0,1,0,0
3.35728,1,15.9,1,0,0
4.73691,1,9.5,1,0,0
6.17202,1,15.8,1,0,0
13.7948,1,17.4,1,0,0
11.36208,1,18.4,1,0,0
8.72832,1,13.0,1,0,0
9.63299,1,11.7,1,0,0
13.92995,1,3.9,1,0,0
12.38793,1,23.5,1,0,0
14.43676,1,17.2,1,0,0
13.6846,1,4.1,1,0,0
13.97831,1,7.1,1,0,0
8.16296,1,5.7,1,0,0
7.77932,1,12.7,1,0,0
11.02817,1,8.5,1,0,0
17.46213,1,15.9,1,0,0
13.50422,1,12.0,1,0,0
10.63203,1,20.1,1,0,0
8.46517,1,14.1,1,0,0
9.17944,1,11.1,1,0,0
9.51657,1,11.3,1,0,0
10.03613,1,11.6,1,0,0
5.72186,1,11.1,1,0,0
5.28262,1,9.9,1,0,0
4.29885,1,8.7,1,0,0
5.5852,1,7.8,1,0,0
3.14018,1,11.3,1,0,0
4.03604,1,17.6,1,0,0
6.18032,1,13.2,1,0,0
9.17247,1,22.8,1,0,0
8.43507,1,15.9,1,0,0
7.37723,1,14.2,1,0,0
7.49376,1,16.9,1,0,0
8.62822,1,13.9,1,0,0
8.76503,1,18.2,1,0,0
9.60565,1,21.2,1,0,0
5.81742,1,21.2,1,0,0
5.42495,1,8.3,1,0,0
5.25493,1,4.9,1,0,0
10.11508,1,14.6,1,0,0
9.43781,1,12.4,1,0,0
14.26211,1,13.9,1,0,0
9.29973,1,13.1,1,0,0
8.154,1,11.6,1,0,0
6.13196,1,13.3,1,0,0
7.73126,1,11.5,1,0,0
9.82561,1,15.5,1,0,0
9.78836,1,13.9,1,0,0
10.69509,1,12.8,1,0,0
5.97603,1,7.3,1,0,0
11.30798,1,8.8,1,0,0
8.84774,1,8.8,1,0,0
12.29674,1,8.8,1,0,0
11.50536,1,8.8,1,0,0
8.36169,1,8.8,1,0,0
11.80831,1,8.8,1,0,0
11.715,1,8.8,1,0,0
10.58559,1,12.4,1,0,0
25.02608,1,11.0,1,0,0
11.38232,1,14.5,1,0,0
7.14812,1,15.9,1,0,0
10.90376,1,15.8,1,0,0
18.33258,1,15.7,1,0,0
19.24203,1,15.9,1,0,0
22.54047,1,34.0,1,0,0
20.69877,1,25.0,1,0,0
13.76202,1,16.9,1,0,0
14.20841,1,12.2,1,0,0
10.60239,1,10.5,1,0,0
8.88339,1,10.0,1,0,0
7.73635,1,9.6,1,0,0
9.06289,1,11.5,1,0,0
6.7195,1,14.3,1,0,0
10.0438,1,15.1,1,0,0
12.44012,1,11.7,1,0,0
13.49042,1,7.2,1,0,0
13.74068,1,3.7,1,0,0
15.41412,1,4.1,1,0,0
11.57522,1,2.1,1,0,0
11.67793,1,4.3,1,0,0
11.56457,1,7.2,1,0,0
13.07463,1,7.2,1,0,0
13.45339,1,7.2,1,0,0
12.06222,1,7.2,1,0,0
10.01334,1,5.9,1,0,0
14.28828,1,6.0,1,0,0
13.46988,1,4.0,1,0,0
10.22376,1,4.1,1,0,0
6.18512,1,4.9,1,0,0
8.31717,1,11.9,1,0,0
6.16338,1,14.8,1,0,0
4.34902,1,8.8,1,0,0
2.7385,1,12.6,1,0,0
4.26897,1,11.2,1,0,0
5.156,1,10.5,1,0,0
5.63739,1,7.6,1,0,0
2.63697,1,7.6,1,0,0
1.93682,1,4.3,1,0,0
2.6047,1,6.2,1,0,0
3.92391,1,6.9,1,0,0
5.81466,1,11.7,1,0,0
6.23532,1,13.1,1,0,0
6.49275,1,12.1,1,0,0
9.16788,1,10.7,1,0,0
7.04435,1,11.5,1,0,0
6.40855,1,12.0,1,0,0
5.90621,1,18.7,1,0,0
12.21141,1,6.2,1,0,0
27.47675,1,18.2,1,0,0
45.06697,1,25.6,1,0,0
55.67987,1,21.9,1,0,0
42.32797,1,23.7,1,0,0
44.41803,1,21.0,1,0,0
36.5173,1,25.0,1,0,0
38.85505,1,22.5,1,0,0
25.8331,1,24.9,1,0,0
15.6384,1,17.9,1,0,0
8.99307,1,15.8,1,0,0
8.96841,1,17.2,1,0,0
9.70349,1,19.6,1,0,0
9.28322,1,18.4,1,0,0
10.42151,1,20.1,1,0,0
24.84853,1,25.1,1,0,0
44.7172,1,27.9,1,0,0
36.20977,1,27.9,1,0,0
25.9869,1,12.8,1,0,0
28.55539,1,11.0,1,0,0
33.77364,1,14.7,1,0,0
46.0121,1,16.2,1,0,0
45.21727,1,19.1,1,0,0
38.75864,1,14.2,1,0,0
40.73543,1,13.0,1,0,0
59.53786,1,15.2,1,0,0
55.77452,1,15.1,1,0,0
51.51668,1,15.2,1,0,0
36.60186,1,11.3,1,0,0
33.21793,1,11.2,1,0,0
23.73928,1,8.2,1,0,0
8.93585,1,5.4,1,0,0
18.99476,1,6.1,1,0,0
9.39536,1,7.3,1,0,0
5.85097,1,6.2,1,0,0
4.39607,1,8.1,1,0,0
9.73986,1,7.2,1,0,0
44.35564,1,9.4,1,0,0
31.6517,1,10.1,1,0,0
40.68449,1,10.9,1,0,0
35.68333,1,10.6,1,0,0
28.92963,1,10.2,1,0,0
27.72528,1,11.6,1,0,0
23.74346,1,11.1,1,0,0
27.31954,1,10.5,1,0,0
26.66002,1,11.7,1,0,0
26.20696,1,11.2,1,0,0
24.98492,1,14.1,1,0,0
15.30744,1,13.0,1,0,0
15.42187,1,15.5,1,0,0
17.92311,1,13.2,1,0,0
6.9631,1,16.6,1,0,0
5.16412,1,16.2,1,0,0
2.55826,1,15.8,1,0,0
3.13643,1,14.5,1,0,0
6.86115,1,13.2,1,0,0
6.75538,1,17.0,1,0,0
2.26063,1,16.8,1,0,0
2.16704,1,18.0,1,0,0
1.37096,1,16.5,1,0,0
2.34605,1,14.2,1,0,0
1.23389,1,12.4,1,0,0
1.39039,1,11.4,1,0,0
2.49664,1,17.1,1,0,0
1.50452,1,15.3,1,0,0
2.79437,1,14.8,1,0,0
4.31782,1,14.3,1,0,0
3.78406,1,15.7,1,0,0
3.61992,1,13.3,1,0,0
2.85717,1,11.6,1,0,0
3.80277,1,11.6,1,0,0
4.33207,1,13.3,1,0,0
8.39474,1,18.0,1,0,0
7.93886,1,18.5,1,0,0
8.75009,1,15.4,1,0,0
5.99776,1,23.2,1,0,0
6.21084,1,18.6,1,0,0
7.59648,1,17.9,1,0,0
6.17089,1,18.2,1,0,0
3.88591,1,16.9,1,0,0
3.93587,1,16.3,1,0,0
2.59835,1,16.3,1,0,0
2.08035,1,15.5,1,0,0
0.43851,1,14.9,1,0,0
0.77365,1,11.7,1,0,0
3.44922,1,11.6,1,0,0
5.81728,1,10.0,1,0,0
3.27836,1,10.9,1,0,0
12.48654,1,11.6,1,0,0
3.85708,1,10.5,1,0,0
3.4,1,11.5,1,0,0
11.11445,1,14.2,1,0,0
17.20485,1,11.0,1,0,0
23.15158,1,10.1,1,0,0
13.07933,1,9.4,1,0,0
5.38316,1,7.4,1,0,0
3.21026,1,7.2,1,0,0
6.3466,1,10.4,1,0,0
18.03873,1,14.8,1,0,0
34.30624,1,20.9,1,0,0
43.18243,1,22.4,1,0,0
57.72074,1,25.6,1,0,0
50.88307,1,34.5,1,0,0
37.59805,1,34.8,1,0,0
32.54633,1,25.3,1,0,0
25.72883,1,16.3,1,0,0
22.55178,1,12.5,1,0,0
19.5087,1,13.2,1,0,0
18.61945,1,12.5,1,0,0
18.6562,1,15.1,1,0,0
13.52226,1,14.3,1,0,0
14.6601,1,12.5,1,0,0
17.81867,1,14.0,1,0,0
26.03357,1,11.2,1,0,0
26.42807,1,7.8,1,0,0
18.65512,1,7.8,1,0,0
17.38086,1,9.1,1,0,0
19.2065,1,10.1,1,0,0
20.98574,1,12.6,1,0,0
17.08609,1,15.1,1,0,0
25.04758,1,22.0,1,0,0
16.53032,1,21.5,1,0,0
17.73408,1,21.1,1,0,0
26.09912,1,24.0,1,0,0
23.93664,1,21.5,1,0,0
26.99397,1,21.3,1,0,0
19.29935,1,18.1,1,0,0
11.18318,1,15.3,1,0,0
10.30115,1,14.6,1,0,0
13.12106,1,13.1,1,0,0
12.91544,1,15.8,1,0,0
19.18393,1,16.1,1,0,0
24.97954,1,15.4,1,0,0
32.59093,1,23.5,1,0,0
52.29625,1,25.5,1,0,0
39.25167,1,27.8,1,0,0
60.33609,1,33.7,1,0,0
32.71064,1,22.8,1,0,0
36.67394,1,20.4,1,0,0
28.66279,1,21.1,1,0,0
31.97441,1,19.8,1,0,0
29.24665,1,20.1,1,0,0
33.40299,1,25.4,1,0,0
36.41225,1,24.2,1,0,0
30.10866,1,25.7,1,0,0
37.23079,1,25.3,1,0,0
32.88214,1,49.2,1,0,0
29.59147,1,37.6,1,0,0
27.11759,1,31.8,1,0,0
25.0121,1,31.1,1,0,0
18.15005,1,23.7,1,0,0
9.58709,1,17.5,1,0,0
8.14668,1,17.7,1,0,0
8.37613,1,16.5,1,0,0
8.20224,1,16.6,1,0,0
9.65715,1,17.1,1,0,0
13.1563,1,19.8,1,0,0
23.9338,1,26.2,1,0,0
33.71234,1,26.3,1,0,0
35.44774,1,32.8,1,0,0
27.77997,1,26.1,1,0,0
33.18624,1,22.5,1,0,0
16.81895,1,17.9,1,0,0
27.02014,1,22.8,1,0,0
23.5513,1,28.6,1,0,0
17.18542,1,44.3,1,0,0
17.73001,1,25.9,1,0,0
21.48728,1,16.3,1,0,0
21.37238,1,12.8,1,0,0
24.85913,1,13.8,1,0,0
21.41783,1,10.2,1,0,0
20.48495,1,9.3,1,0,0
13.01511,1,8.3,1,0,0
11.85749,1,10.4,1,0,0
8.56125,1,10.8,1,0,0
7.41508,1,12.2,1,0,0
7.77954,1,11.1,1,0,0
6.66286,1,10.5,1,0,0
7.01964,1,11.5,1,0,0
6.36023,1,13.0,1,0,0
18.2099,1,14.1,1,0,0
16.95262,1,7.0,1,0,0
20.88992,1,6.8,1,0,0
31.77158,1,11.1,1,0,0
13.04092,1,16.0,1,0,0
10.93124,1,16.2,1,0,0
8.09596,1,13.6,1,0,0
9.49593,1,12.4,1,0,0
8.05259,1,12.9,1,0,0
9.36814,1,10.9,1,0,0
5.35428,1,9.3,1,0,0
6.52558,1,10.2,1,0,0
9.76751,1,13.5,1,0,0
9.74817,1,11.5,1,0,0
14.62262,1,14.0,1,0,0
15.19726,1,14.6,1,0,0
9.21644,1,13.3,1,0,0
15.19617,1,15.2,1,0,0
14.38488,1,16.8,1,0,0
6.62877,1,15.0,1,0,0
4.46046,1,14.1,1,0,0
7.90799,1,15.0,1,0,0
5.98997,1,13.6,1,0,0
6.69756,1,13.6,1,0,0
12.11485,1,18.5,1,0,0
39.59759,1,23.9,1,0,0
53.66442,1,30.8,1,0,0
37.82826,1,29.4,1,0,0
37.03114,1,29.2,1,0,0
25.4051,1,25.5,1,0,0
14.14962,1,25.2,1,0,0
9.54027,1,19.7,1,0,0
12.09176,1,20.4,1,0,0
12.34961,1,21.3,1,0,0
11.70328,1,19.5,1,0,0
9.9704,1,21.6,1,0,0
9.53141,1,21.8,1,0,0
10.34308,1,22.5,1,0,0
14.12207,1,23.1,1,0,0
11.59882,1,21.8,1,0,0
15.64143,1,22.6,1,0,0
8.55726,1,22.9,1,0,0
9.55355,1,16.8,1,0,0
5.44269,1,14.3,1,0,0
3.29701,1,12.6,1,0,0
3.05322,1,9.2,1,0,0
2.8175,1,10.0,1,0,0
2.16757,1,10.6,1,0,0
3.33258,1,13.3,1,0,0
14.10836,1,13.6,1,0,0
7.7189,1,14.7,1,0,0
12.47388,1,14.5,1,0,0
10.37819,1,13.8,1,0,0
7.24571,1,11.4,1,0,0
9.51134,1,14.2,1,0,0
7.48328,1,17.3,1,0,0
6.73912,1,20.7,1,0,0
7.16937,1,23.8,1,0,0
8.20027,1,17.8,1,0,0
10.14383,1,11.6,1,0,0
8.66669,1,15.8,1,0,0
9.01421,1,14.8,1,0,0
16.95534,1,15.8,1,0,0
8.63892,1,15.8,1,0,0
13.8151,1,17.1,1,0,0
11.39655,1,18.5,1,0,0
14.01944,1,18.8,1,0,0
6.38459,1,13.7,1,0,0
6.80833,1,14.7,1,0,0
10.58058,1,14.3,1,0,0
9.99516,1,12.5,1,0,0
8.44011,1,11.7,1,0,0
8.62515,1,13.4,1,0,0
3.44105,1,12.5,1,0,0
4.65808,1,15.3,1,0,0
5.56846,1,17.5,1,0,0
10.04015,1,19.6,1,0,0
7.68724,1,13.6,1,0,0
10.20306,1,16.2,1,0,0
21.46314,1,23.1,1,0,0
29.15939,1,14.5,1,0,0
29.70175,1,17.1,1,0,0
26.04603,1,13.2,1,0,0
20.43473,1,14.9,1,0,0
26.06779,1,11.1,1,0,0
24.80923,1,9.7,1,0,0
26.17064,1,13.0,1,0,0
28.624,1,12.8,1,0,0
19.65154,1,8.2,1,0,0
25.89761,1,9.2,1,0,0
14.87371,1,8.0,1,0,0
7.76223,1,7.2,1,0,0
7.96712,1,6.9,1,0,0
8.95565,1,9.0,1,0,0
9.86187,1,9.9,1,0,0
9.88453,1,14.3,1,0,0
15.38862,1,14.3,1,0,0
21.23269,1,20.1,1,0,0
31.04771,1,19.3,1,0,0
32.4356,1,18.7,1,0,0
27.57688,1,14.7,1,0,0
26.1636,1,11.4,1,0,0
18.61378,1,11.1,1,0,0
15.09263,1,10.9,1,0,0
17.8076,1,16.5,1,0,0
27.4459,1,18.6,1,0,0
19.56197,1,14.6,1,0,0
24.15479,1,11.5,1,0,0
13.44296,1,9.9,1,0,0
16.38976,1,10.0,1,0,0
9.09503,1,9.0,1,0,0
7.73405,1,10.3,1,0,0
6.27293,1,8.4,1,0,0
8.54587,1,9.5,1,0,0
7.72953,1,9.1,1,0,0
7.59376,1,9.8,1,0,0
5.40781,1,9.2,1,0,0
5.68753,1,11.7,1,0,0
6.79109,1,10.1,1,0,0
8.00993,1,11.1,1,0,0
7.08923,1,9.3,1,0,0
13.57459,1,10.9,1,0,0
20.41072,1,13.2,1,0,0
26.00782,1,13.1,1,0,0
20.18856,1,15.9,1,0,0
28.67056,1,17.1,1,0,0
18.22106,1,11.4,1,0,0
16.93227,1,10.8,1,0,0
20.57355,1,13.3,1,0,0
17.81485,1,13.0,1,0,0
12.07701,1,12.6,1,0,0
24.92137,1,13.8,1,0,0
20.68626,1,21.4,1,0,0
15.22317,1,13.3,1,0,0
11.76267,1,14.6,1,0,0
14.86033,1,9.9,1,0,0
13.9969,1,4.2,1,0,0
11.41495,1,6.0,1,0,0
7.84455,1,5.3,1,0,0
6.30159,1,6.0,1,0,0
6.3919,1,6.4,1,0,0
7.39341,1,7.4,1,0,0
5.99471,1,7.2,1,0,0
4.61184,1,7.7,1,0,0
4.60628,1,9.5,1,0,0
9.48923,1,4.4,1,0,0
12.17612,1,8.4,1,0,0
12.47618,1,3.0,1,0,0
6.73474,1,5.8,1,0,0
4.43408,1,9.0,1,0,0
6.01304,1,12.4,1,0,0
4.84429,1,13.6,1,0,0
5.94266,1,18.1,1,0,0
7.87211,1,17.8,1,0,0
7.03999,1,18.7,1,0,0
6.71335,1,16.4,1,0,0
7.20196,1,17.6,1,0,0
6.40631,1,15.0,1,0,0
14.0423,1,21.3,1,0,0
15.37528,1,22.8,1,0,0
13.19702,1,20.7,1,0,0
14.97985,1,20.9,1,0,0
20.97469,1,20.3,1,0,0
13.29253,1,15.6,1,0,0
6.47921,1,13.0,1,0,0
12.59478,1,13.8,1,0,0
5.20158,1,14.0,1,0,0
6.98681,1,10.3,1,0,0
6.11442,1,11.6,1,0,0
22.49599,1,18.9,1,0,0
54.40418,1,27.6,1,0,0
49.52613,1,30.9,1,0,0
40.09763,1,31.2,1,0,0
20.77255,1,24.0,1,0,0
21.70817,1,17.7,1,0,0
25.38256,1,18.7,1,0,0
9.82133,1,16.1,1,0,0
13.41801,1,20.9,1,0,0
21.3472,1,24.2,1,0,0
26.47658,1,28.0,1,0,0
38.05497,1,33.5,1,0,0
28.04191,1,28.2,1,0,0
27.52147,1,25.0,1,0,0
34.13226,1,21.4,1,0,0
33.09004,1,20.3,1,0,0
26.63777,1,19.9,1,0,0
21.72202,1,19.1,1,0,0
21.40748,1,16.8,1,0,0
16.04676,1,14.3,1,0,0
13.61106,1,14.4,1,0,0
11.54386,1,13.6,1,0,0
8.97918,1,14.3,1,0,0
16.50685,1,17.6,1,0,0
25.88098,1,15.6,1,0,0
33.64587,1,20.6,1,0,0
41.53578,1,19.4,1,0,0
35.56635,1,19.1,1,0,0
19.43584,1,16.8,1,0,0
15.008,1,14.6,1,0,0
14.82975,1,18.2,1,0,0
16.11086,1,21.2,1,0,0
16.32204,1,25.6,1,0,0
15.71189,1,21.7,1,0,0
15.89484,1,21.5,1,0,0
18.33606,1,23.1,1,0,0
22.72778,1,25.3,1,0,0
20.84738,1,26.9,1,0,0
21.25975,1,28.8,1,0,0
11.58258,1,24.4,1,0,0
15.10727,1,22.4,1,0,0
9.1559,1,17.9,1,0,0
5.49361,1,12.1,1,0,0
5.33706,1,6.7,1,0,0
4.81418,1,4.9,1,0,0
3.72275,1,5.4,1,0,0
4.97463,1,9.3,1,0,0
4.02454,1,15.2,1,0,0
15.71455,1,17.1,1,0,0
15.71268,1,19.9,1,0,0
15.32123,1,18.6,1,0,0
7.32082,1,26.3,1,0,0
8.31193,1,27.3,1,0,0
10.20732,1,25.6,1,0,0
9.78091,1,25.5,1,0,0
10.64977,1,22.3,1,0,0
9.38693,1,22.7,1,0,0
10.08216,1,20.9,1,0,0
10.22046,1,19.6,1,0,0
9.23049,1,15.2,1,0,0
16.68049,1,22.5,1,0,0
29.06281,1,25.2,1,0,0
17.93844,1,21.1,1,0,0
17.57061,1,19.4,1,0,0
14.67033,1,20.4,1,0,0
15.2602,1,19.0,1,0,0
6.65338,1,12.9,1,0,0
3.53612,1,11.1,1,0,0
4.14077,1,12.6,1,0,0
4.30182,1,12.8,1,0,0
4.00146,1,13.4,1,0,0
5.27628,1,13.8,1,0,0
7.25446,1,14.5,1,0,0
6.4448,1,13.9,1,0,0
7.25792,1,15.0,1,0,0
11.61304,1,14.1,1,0,0
8.85713,1,12.5,1,0,0
9.10492,1,11.2,1,0,0
10.85124,1,14.6,1,0,0
10.64852,1,10.9,1,0,0
9.08447,1,11.8,1,0,0
8.89915,1,12.4,1,0,0
10.5325,1,14.6,1,0,0
18.39187,1,15.0,1,0,0
18.529,1,19.1,1,0,0
27.40507,1,19.9,1,0,0
31.86208,1,22.3,1,0,0
21.72503,1,17.0,1,0,0
23.19267,1,17.1,1,0,0
40.69689,1,20.6,1,0,0
28.09581,1,16.4,1,0,0
18.58692,1,13.4,1,0,0
17.282,1,14.6,1,0,0
20.74382,1,13.4,1,0,0
28.19739,1,13.8,1,0,0
30.09054,1,15.7,1,0,0
45.22893,1,21.0,1,0,0
47.16779,1,26.1,1,0,0
49.21592,1,25.1,1,0,0
51.01659,1,31.6,1,0,0
46.1816,1,26.4,1,0,0
34.81496,1,22.9,1,0,0
27.99367,1,19.6,1,0,0
25.10472,1,15.1,1,0,0
30.66591,1,17.3,1,0,0
32.09731,1,14.9,1,0,0
35.22177,1,18.3,1,0,0
48.76455,1,26.3,1,0,0
47.42119,1,31.3,1,0,0
68.98421,1,43.0,1,0,0
56.3402,1,39.3,1,0,0
54.91784,1,38.3,1,0,0
34.04067,1,34.3,1,0,0
24.39601,1,29.9,1,0,0
18.7765,1,28.4,1,0,0
23.17382,1,25.3,1,0,0
30.55418,1,25.4,1,0,0
20.36115,1,22.1,1,0,0
25.78631,1,21.3,1,0,0
37.01189,1,22.6,1,0,0
44.41552,1,22.9,1,0,0
41.51963,1,31.0,1,0,0
56.73799,1,46.1,1,0,0
51.75563,1,40.9,1,0,0
65.33553,1,39.7,1,0,0
70.48434,1,36.8,1,0,0
41.89613,1,31.6,1,0,0
51.84359,1,34.2,1,0,0
44.59388,1,33.0,1,0,0
60.99719,1,28.2,1,0,0
51.69511,1,30.2,1,0,0
62.33769,1,36.7,1,0,0
103.96304,1,43.3,1,0,0
97.46768,1,59.8,1,0,0
37.73529,1,52.7,1,0,0
42.26963,1,45.4,1,0,0
59.4118,1,61.0,1,0,0
44.23168,1,35.4,1,0,0
39.1015,1,31.1,1,0,0
34.77569,1,27.2,1,0,0
31.35343,1,23.9,1,0,0
26.28976,1,25.3,1,0,0
16.54282,1,15.0,1,0,0
23.80977,1,19.5,1,0,0
30.1157,1,22.2,1,0,0
15.50398,1,10.4,1,0,0
19.28944,1,11.1,1,0,0
22.05811,1,15.0,1,0,0
23.93488,1,14.9,1,0,0
22.69756,1,16.0,1,0,0
31.78008,1,16.7,1,0,0
31.78008,1,28.7,1,0,0
34.43073,1,30.1,1,0,0
42.54608,1,24.0,1,0,0
38.75821,1,28.6,1,0,0
42.4527,1,29.9,1,0,0
46.32637,1,26.7,1,0,0
38.52166,1,26.3,1,0,0
29.79381,1,25.7,1,0,0
24.67029,1,24.5,1,0,0
42.25947,1,23.9,1,0,0
24.64975,1,19.2,1,0,0
16.25221,1,17.6,1,0,0
14.64846,1,17.0,1,0,0
11.02267,1,16.0,1,0,0
15.30668,1,13.0,1,0,0
29.09219,1,11.7,1,0,0
36.58466,1,14.6,1,0,0
36.66941,1,17.5,1,0,0
38.16908,1,21.2,1,0,0
41.54872,1,21.0,1,0,0
49.058,1,28.3,1,0,0
34.25464,1,31.3,1,0,0
25.00351,1,28.3,1,0,0
21.82796,1,26.7,1,0,0
33.01804,1,27.2,1,0,0
32.88256,1,29.4,1,0,0
28.47867,1,24.7,1,0,0
27.61121,1,31.3,1,0,0
24.69863,1,34.7,1,0,0
29.30887,1,32.0,1,0,0
37.83863,1,33.9,1,0,0
31.5659,1,35.0,1,0,0
31.06935,1,27.3,1,0,0
30.52898,1,19.1,1,0,0
25.72933,1,13.6,1,0,0
18.78009,1,11.2,1,0,0
13.90075,1,10.1,1,0,0
10.15797,1,9.0,1,0,0
8.07234,1,6.5,1,0,0
9.1702,1,7.8,1,0,0
27.42034,1,11.7,1,0,0
28.96757,1,13.2,1,0,0
32.92334,1,14.5,1,0,0
37.11676,1,18.3,1,0,0
67.4837,1,22.4,1,0,0
63.05678,1,18.0,1,0,0
35.74404,1,18.0,1,0,0
27.34396,1,22.1,1,0,0
30.97284,1,23.3,1,0,0
27.75971,1,23.3,1,0,0
31.39182,1,17.6,1,0,0
24.56441,1,23.7,1,0,0
34.21612,1,21.5,1,0,0
43.87238,1,22.8,1,0,0
45.77741,1,20.6,1,0,0
27.80649,1,17.6,1,0,0
26.67129,1,15.6,1,0,0
24.52771,1,13.8,1,0,0
29.67863,1,13.9,1,0,0
11.52553,1,12.2,1,0,0
7.69543,1,10.1,1,0,0
5.62716,1,10.1,1,0,0
5.15179,1,10.7,1,0,0
16.33563,1,9.6,1,0,0
37.84612,1,9.5,1,0,0
28.05589,1,12.8,1,0,0
18.56971,1,14.3,1,0,0
24.6661,1,18.4,1,0,0
34.00504,1,19.6,1,0,0
40.37864,1,20.5,1,0,0
37.48353,1,22.2,1,0,0
36.91737,1,20.4,1,0,0
29.18388,1,22.7,1,0,0
31.43006,1,15.4,1,0,0
32.53051,1,22.9,1,0,0
37.51929,1,21.5,1,0,0
34.95837,1,22.4,1,0,0
35.52268,1,24.2,1,0,0
35.48402,1,29.9,1,0,0
27.36105,1,24.5,1,0,0
21.8177,1,17.3,1,0,0
24.6531,1,11.2,1,0,0
17.77623,1,8.2,1,0,0
18.67876,1,9.7,1,0,0
9.05035,1,9.2,1,0,0
11.83533,1,7.8,1,0,0
4.82742,1,9.2,1,0,0
9.67186,1,8.3,1,0,0
10.64442,1,9.7,1,0,0
10.02943,1,7.0,1,0,0
12.421,1,9.7,1,0,0
34.81879,1,15.0,1,0,0
35.49135,1,6.1,1,0,0
27.04021,1,8.0,1,0,0
35.7957,1,5.9,1,0,0
28.85,1,13.6,1,0,0
32.60643,1,8.9,1,0,0
35.93865,1,8.2,1,0,0
24.31688,1,10.3,1,0,0
27.39561,1,12.4,1,0,0
26.83911,1,14.3,1,0,0
29.15758,1,12.0,1,0,0
35.07831,1,15.6,1,0,0
23.66511,1,13.6,1,0,0
19.71758,1,8.6,1,0,0
14.85658,1,7.5,1,0,0
13.36703,1,9.0,1,0,0
10.83555,1,8.4,1,0,0
10.02852,1,8.9,1,0,0
10.04439,1,9.0,1,0,0
12.74992,1,9.0,1,0,0
32.22497,1,11.6,1,0,0
38.41282,1,13.8,1,0,0
63.32336,1,19.4,1,0,0
63.37215,1,22.7,1,0,0
49.86997,1,18.1,1,0,0
50.57578,1,23.9,1,0,0
40.49824,1,21.4,1,0,0
37.1197,1,27.8,1,0,0
29.2591,1,25.7,1,0,0
26.42502,1,23.4,1,0,0
27.94864,1,21.7,1,0,0
20.46629,1,28.3,1,0,0
17.16148,1,25.9,1,0,0
23.13494,1,24.2,1,0,0
22.891,1,21.5,1,0,0
32.73354,1,27.1,1,0,0
28.51249,1,27.1,1,0,0
18.88378,1,23.6,1,0,0
27.44241,1,22.8,1,0,0
14.68567,1,18.9,1,0,0
11.62565,1,16.8,1,0,0
9.54683,1,17.6,1,0,0
26.8101,1,22.2,1,0,0
29.64113,1,19.5,1,0,0
26.69662,1,18.1,1,0,0
30.30407,1,20.3,1,0,0
51.4613,1,22.8,1,0,0
84.00202,1,30.4,1,0,0
60.09395,1,29.7,1,0,0
42.01671,1,34.5,1,0,0
41.99391,1,34.7,1,0,0
42.31731,1,37.4,1,0,0
39.95475,1,42.5,1,0,0
28.38623,1,30.1,1,0,0
14.30551,1,32.4,1,0,0
23.01734,1,28.6,1,0,0
19.84322,1,44.9,1,0,0
19.26495,1,26.9,1,0,0
24.54279,1,24.9,1,0,0
32.52451,1,21.5,1,0,0
22.55729,1,20.7,1,0,0
21.98739,1,15.1,1,0,0
14.54145,1,16.4,1,0,0
11.82684,1,7.8,1,0,0
6.21916,1,7.1,1,0,0
10.42218,1,7.1,1,0,0
10.59051,1,7.4,1,0,0
7.68986,1,4.8,1,0,0
6.77631,1,4.0,1,0,0
12.91857,1,6.3,1,0,0
44.41684,1,12.7,1,0,0
53.86666,1,19.4,1,0,0
42.39731,1,16.1,1,0,0
13.7739,1,2.2,1,0,0
26.95344,1,2.2,1,0,0
35.82851,1,3.0,1,0,0
14.17853,1,5.9,1,0,0
15.18882,1,4.4,1,0,0
36.30917,1,4.8,1,0,0
32.398,1,1.5,1,0,0
12.71098,1,1.4,1,0,0
11.45322,1,0.8,1,0,0
13.3764,1,3.2,1,0,0
14.94101,1,2.6,1,0,0
13.57221,1,5.0,1,0,0
6.91689,1,4.6,1,0,0
9.29805,1,3.3,1,0,0
4.92575,1,2.9,1,0,0
3.64834,1,3.2,1,0,0
2.1696,1,3.1,1,0,0
7.60014,1,2.0,1,0,0
4.06838,1,0.2,1,0,0
7.23604,1,4.9,1,0,0
22.35185,1,6.7,1,0,0
39.70249,1,8.4,1,0,0
51.28396,1,14.1,1,0,0
37.52333,1,15.3,1,0,0
60.80491,1,15.9,1,0,0
56.92895,1,11.4,1,0,0
51.25643,1,8.0,1,0,0
59.19385,1,11.8,1,0,0
44.14494,1,13.4,1,0,0
39.86612,1,13.4,1,0,0
43.48833,1,14.6,1,0,0
59.13982,1,6.8,1,0,0
54.19403,1,11.1,1,0,0
44.30096,1,13.9,1,0,0
44.28904,1,15.3,1,0,0
15.87192,1,8.0,1,0,0
10.2949,1,6.3,1,0,0
9.04733,1,7.4,1,0,0
17.8254,1,5.3,1,0,0
9.79856,1,7.7,1,0,0
6.75921,1,7.0,1,0,0
6.92348,1,9.7,1,0,0
6.36105,1,7.5,1,0,0
7.17045,1,8.8,1,0,0
6.28588,1,12.2,1,0,0
5.77117,1,12.1,1,0,0
5.97745,1,12.6,1,0,0
8.97672,1,11.7,1,0,0
6.77465,1,10.4,1,0,0
7.22022,1,16.6,1,0,0
6.29334,1,13.4,1,0,0
5.84416,1,19.8,1,0,0
6.59031,1,18.5,1,0,0
4.83051,1,7.7,1,0,0
5.74417,1,18.9,1,0,0
6.60499,1,18.8,1,0,0
6.78357,1,22.6,1,0,0
6.91649,1,10.2,1,0,0
6.1928,1,7.7,1,0,0
5.70597,1,11.4,1,0,0
3.8321,1,12.1,1,0,0
4.40816,1,13.3,1,0,0
2.32297,1,13.1,1,0,0
3.63984,1,11.5,1,0,0
1.68902,1,10.2,1,0,0
1.33212,1,9.4,1,0,0
2.30429,1,7.2,1,0,0
1.87756,1,6.6,1,0,0
4.39221,1,7.3,1,0,0
3.91981,1,8.4,1,0,0
4.1176,1,7.7,1,0,0
4.61611,1,10.6,1,0,0
4.81793,1,12.5,1,0,0
4.34545,1,14.0,1,0,0
5.29687,1,17.2,1,0,0
6.13316,1,17.9,1,0,0
9.24895,1,22.5,1,0,0
6.24341,1,19.6,1,0,0
7.07266,1,25.0,1,0,0
11.55208,1,25.3,1,0,0
14.13018,1,23.8,1,0,0
9.89118,1,25.0,1,0,0
11.37503,1,22.3,1,0,0
12.49627,1,26.2,1,0,0
11.44747,1,24.9,1,0,0
9.37066,1,26.4,1,0,0
4.8843,1,24.4,1,0,0
5.34347,1,29.1,1,0,0
2.49027,1,29.9,1,0,0
2.0979,1,25.6,1,0,0
2.18202,1,24.3,1,0,0
1.56655,1,23.5,1,0,0
1.56566,1,22.8,1,0,0
2.51712,1,22.3,1,0,0
9.34479,1,22.9,1,0,0
8.80945,1,22.6,1,0,0
11.30212,1,22.2,1,0,0
14.32305,1,21.6,1,0,0
7.80435,1,22.9,1,0,0
9.10308,1,23.5,1,0,0
8.47524,1,21.0,1,0,0
7.77431,1,19.3,1,0,0
10.15567,1,20.0,1,0,0
8.37316,1,16.7,1,0,0
10.80821,1,13.1,1,0,0
15.0296,1,15.1,1,0,0
27.23212,1,16.7,1,0,0
55.09213,1,18.0,1,0,0
48.10004,1,26.4,1,0,0
32.50064,1,22.9,1,0,0
18.6973,1,15.7,1,0,0
15.77491,1,13.4,1,0,0
16.80116,1,15.0,1,0,0
11.79184,1,12.6,1,0,0
15.94609,1,11.9,1,0,0
13.13405,1,12.8,1,0,0
17.0472,1,11.0,1,0,0
35.25064,1,14.7,1,0,0
39.93107,1,17.4,1,0,0
57.84652,1,22.9,1,0,0
40.33228,1,22.3,1,0,0
37.7502,1,20.5,1,0,0
25.86404,1,19.6,1,0,0
18.88167,1,13.9,1,0,0
36.06131,1,23.1,1,0,0
33.60788,1,23.7,1,0,0
28.89358,1,24.7,1,0,0
28.03577,1,27.6,1,0,0
24.8625,1,20.2,1,0,0
51.0895,1,24.5,1,0,0
50.19961,1,31.4,1,0,0
15.8181,1,19.7,1,0,0
28.71317,1,15.9,1,0,0
28.07642,1,16.4,1,0,0
26.50213,1,9.7,1,0,0
22.25618,1,8.7,1,0,0
13.0029,1,9.4,1,0,0
19.81441,1,11.1,1,0,0
11.64668,1,4.9,1,0,0
13.6267,1,5.2,1,0,0
24.53311,1,8.5,1,0,0
31.6381,1,12.3,1,0,0
32.55498,1,14.6,1,0,0
25.29838,1,12.0,1,0,0
11.53695,1,8.6,1,0,0
11.65303,1,10.4,1,0,0
14.84647,1,8.2,1,0,0
12.89169,1,7.2,1,0,0
18.24843,1,12.4,1,0,0
23.59729,1,22.0,1,0,0
21.20634,1,8.8,1,0,0
21.38028,1,17.0,1,0,0
28.76035,1,16.1,1,0,0
54.92004,1,23.8,1,0,0
100.5921,1,43.7,1,0,0
66.99077,1,40.6,1,0,0
20.15974,1,24.0,1,0,0
21.78389,1,20.1,1,0,0
19.13387,1,19.8,1,0,0
14.26235,1,16.2,1,0,0
13.21805,1,14.6,1,0,0
16.21321,1,12.1,1,0,0
20.80205,1,16.6,1,0,0
22.85816,1,16.5,1,0,0
22.70895,1,17.0,1,0,0
25.83938,1,16.3,1,0,0
31.86558,1,16.4,1,0,0
31.24546,1,13.0,1,0,0
28.3594,1,12.0,1,0,0
21.02848,1,11.4,1,0,0
19.20682,1,16.7,1,0,0
18.72494,1,7.9,1,0,0
15.57152,1,16.9,1,0,0
16.51296,1,13.6,1,0,0
24.3961,1,12.9,1,0,0
34.14548,1,19.1,1,0,0
30.35801,1,13.9,1,0,0
24.89307,1,11.4,1,0,0
27.39908,1,12.0,1,0,0
15.63843,1,9.0,1,0,0
10.69059,1,6.1,1,0,0
11.92233,1,5.5,1,0,0
14.00731,1,-0.2,1,0,0
10.15966,1,3.2,1,0,0
11.33767,1,8.0,1,0,0
11.58028,1,8.3,1,0,0
12.44213,1,9.6,1,0,0
12.47555,1,0.2,1,0,0
8.94749,1,0.3,1,0,0
18.19419,1,2.6,1,0,0
33.95153,1,5.8,1,0,0
33.27557,1,10.3,1,0,0
15.4184,1,11.6,1,0,0
18.31499,1,16.1,1,0,0
16.05717,1,11.6,1,0,0
16.05607,1,13.8,1,0,0
17.35173,1,10.5,1,0,0
16.24635,1,10.7,1,0,0
16.37008,1,13.6,1,0,0
31.8253,1,14.1,1,0,0
54.25344,1,24.4,1,0,0
53.51222,1,21.5,1,0,0
63.34268,1,28.2,1,0,0
72.15542,1,40.9,1,0,0
58.41198,1,33.6,1,0,0
44.20938,1,23.2,1,0,0
35.13243,1,16.9,1,0,0
26.02772,1,14.3,1,0,0
22.98768,1,10.4,1,0,0
13.64952,1,11.6,1,0,0
15.35542,1,11.1,1,0,0
25.05716,1,13.9,1,0,0
45.30976,1,19.2,1,0,0
38.34764,1,18.5,1,0,0
43.57325,1,22.7,1,0,0
46.38203,1,22.2,1,0,0
44.12644,1,25.4,1,0,0
36.38431,1,24.5,1,0,0
43.18245,1,24.3,1,0,0
39.64819,1,17.4,1,0,0
44.08512,1,26.8,1,0,0
44.26496,1,22.4,1,0,0
42.9414,1,25.4,1,0,0
41.42879,1,23.1,1,0,0
44.62981,1,14.7,1,0,0
31.81482,1,13.7,1,0,0
29.34221,1,15.2,1,0,0
30.99811,1,14.3,1,0,0
39.47456,1,15.0,1,0,0
19.8769,1,11.2,1,0,0
13.04681,1,10.5,1,0,0
14.21719,1,12.0,1,0,0
15.97028,1,13.6,1,0,0
8.06207,1,16.7,1,0,0
9.85437,1,16.6,1,0,0
11.88746,1,18.1,1,0,0
10.30721,1,15.0,1,0,0
13.4178,1,11.3,1,0,0
14.57956,1,12.4,1,0,0
11.60089,1,19.3,1,0,0
23.68997,1,38.3,1,0,0
40.09061,1,33.5,1,0,0
43.6209,1,19.9,1,0,0
39.51746,1,16.9,1,0,0
47.51487,1,13.2,1,0,0
54.75159,1,14.8,1,0,0
52.88241,1,15.5,1,0,0
51.78767,1,25.0,1,0,0
55.23662,1,20.7,1,0,0
42.34912,1,12.5,1,0,0
38.57345,1,10.9,1,0,0
31.45016,1,8.5,1,0,0
27.57587,1,10.4,1,0,0
13.06004,1,5.3,1,0,0
9.32764,1,4.3,1,0,0
7.12485,1,4.2,1,0,0
7.34515,1,5.5,1,0,0
6.41439,1,4.0,1,0,0
8.59609,1,5.7,1,0,0
9.22222,1,3.5,1,0,0
12.16313,1,8.2,1,0,0
21.1317,1,10.1,1,0,0
24.52068,1,16.5,1,0,0
38.09648,1,24.1,1,0,0
29.0751,1,10.9,1,0,0
23.24443,1,12.7,1,0,0
31.33403,1,19.1,1,0,0
27.99718,1,10.2,1,0,0
32.43745,1,17.6,1,0,0
32.34713,1,22.6,1,0,0
39.62964,1,13.4,1,0,0
38.56777,1,13.8,1,0,0
18.80086,1,12.8,1,0,0
14.72791,1,9.4,1,0,0
12.41228,1,14.8,1,0,0
15.51005,1,14.0,1,0,0
9.45711,1,11.5,1,0,0
5.72867,1,9.4,1,0,0
4.4044,1,9.3,1,0,0
4.59731,1,10.5,1,0,0
6.57442,1,7.2,1,0,0
12.90629,1,6.1,1,0,0
4.12265,1,6.9,1,0,0
8.69991,1,6.6,1,0,0
26.42274,1,8.4,1,0,0
30.08058,1,9.0,1,0,0
31.94903,1,10.2,1,0,0
28.86525,1,12.4,1,0,0
22.68673,1,13.3,1,0,0
17.0344,1,11.6,1,0,0
13.76581,1,5.4,1,0,0
10.48593,1,12.1,1,0,0
11.47325,1,9.0,1,0,0
15.10417,1,12.4,1,0,0
33.01908,1,20.3,1,0,0
18.54714,1,10.5,1,0,0
19.61982,1,12.0,1,0,0
24.36277,1,12.0,1,0,0
10.15289,1,10.4,1,0,0
7.94653,1,9.8,1,0,0
10.88743,1,10.5,1,0,0
11.11185,1,7.8,1,0,0
8.74593,1,8.0,1,0,0
3.22003,1,8.4,1,0,0
4.32399,1,8.9,1,0,0
2.55325,1,10.6,1,0,0
7.29179,1,14.1,1,0,0
15.38547,1,15.2,1,0,0
35.08723,1,15.9,1,0,0
58.04068,1,18.7,1,0,0
49.14778,1,23.8,1,0,0
35.02419,1,18.4,1,0,0
29.3432,1,20.8,1,0,0
35.55829,1,19.9,1,0,0
25.80882,1,11.1,1,0,0
23.50344,1,4.2,1,0,0
16.40543,1,9.9,1,0,0
15.67298,1,6.4,1,0,0
17.71188,1,17.5,1,0,0
17.29705,1,10.7,1,0,0
17.03816,1,7.2,1,0,0
20.98176,1,8.2,1,0,0
14.28571,1,10.2,1,0,0
8.83885,1,9.8,1,0,0
7.3203,1,10.2,1,0,0
9.26945,1,14.7,1,0,0
5.22407,1,12.9,1,0,0
3.82355,1,13.6,1,0,0
3.45568,1,12.1,1,0,0
2.2297,1,11.9,1,0,0
4.37186,1,9.6,1,0,0
5.51183,1,8.1,1,0,0
11.07911,1,12.4,1,0,0
26.77795,1,15.0,1,0,0
17.6944,1,14.7,1,0,0
13.83919,1,17.2,1,0,0
8.51678,1,21.4,1,0,0
8.01993,1,18.7,1,0,0
10.01482,1,18.7,1,0,0
8.14408,1,17.7,1,0,0
8.28582,1,13.6,1,0,0
10.69232,1,16.6,1,0,0
16.48807,1,20.4,1,0,0
19.22148,1,20.3,1,0,0
28.45224,1,19.5,1,0,0
31.97923,1,20.5,1,0,0
41.3096,1,28.0,1,0,0
35.91913,1,21.3,1,0,0
28.08546,1,22.8,1,0,0
22.44279,1,18.0,1,0,0
18.69856,1,13.1,1,0,0
20.66112,1,9.5,1,0,0
14.0065,1,9.1,1,0,0
10.19508,1,7.5,1,0,0
12.17723,1,5.6,1,0,0
16.74085,1,4.1,1,0,0
16.19471,1,3.4,1,0,0
31.21706,1,6.6,1,0,0
20.89848,1,9.7,1,0,0
13.06664,1,9.3,1,0,0
9.835,1,11.9,1,0,0
9.01947,1,8.0,1,0,0
13.77554,1,14.6,1,0,0
12.70584,1,9.0,1,0,0
13.0673,1,12.4,1,0,0
19.73217,1,9.8,1,0,0
27.19393,1,13.6,1,0,0
26.55006,1,11.7,1,0,0
25.46181,1,15.2,1,0,0
17.30954,1,14.1,1,0,0
21.43606,1,15.2,1,0,0
26.28976,1,13.7,1,0,0
22.37858,1,10.5,1,0,0
21.29731,1,7.4,1,0,0
15.11906,1,11.6,1,0,0
19.64302,1,13.1,1,0,0
22.65151,1,10.9,1,0,0
15.07186,1,11.7,1,0,0
11.29857,1,11.6,1,0,0
12.36079,1,8.5,1,0,0
23.52629,1,9.7,1,0,0
36.15196,1,12.8,1,0,0
42.56957,1,15.7,1,0,0
33.13375,1,17.4,1,0,0
23.42783,1,10.8,1,0,0
17.51006,1,9.5,1,0,0
9.4064,1,7.4,1,0,0
10.01923,1,21.6,1,0,0
9.62724,1,2.9,1,0,0
10.07222,1,5.4,1,0,0
12.76267,1,11.9,1,0,0
15.47508,1,6.4,1,0,0
17.89138,1,11.2,1,0,0
25.45799,1,25.5,1,0,0
21.60336,1,15.2,1,0,0
11.50844,1,9.5,1,0,0
9.26742,1,10.3,1,0,0
5.46513,1,9.0,1,0,0
3.50227,1,7.9,1,0,0
7.45377,1,8.4,1,0,0
12.6779,1,11.1,1,0,0
4.97825,1,10.3,1,0,0
6.819,1,10.8,1,0,0
7.50706,1,9.8,1,0,0
8.15684,1,9.0,1,0,0
20.73922,1,7.2,1,0,0
33.73426,1,9.6,1,0,0
27.4883,1,10.9,1,0,0
13.09073,1,6.8,1,0,0
5.78813,1,4.0,1,0,0
5.1937,1,8.4,1,0,0
7.74895,1,5.8,1,0,0
9.57576,1,6.1,1,0,0
10.71016,1,5.1,1,0,0
12.68049,1,9.2,1,0,0
16.99368,1,8.2,1,0,0
33.24486,1,16.9,1,0,0
27.3873,1,7.2,1,0,0
37.80539,1,12.7,1,0,0
25.59329,1,13.9,1,0,0
15.13716,1,10.0,1,0,0
21.73631,1,8.4,1,0,0
7.69021,1,6.7,1,0,0
5.27938,1,7.1,1,0,0
3.11957,1,6.5,1,0,0
3.17548,1,5.8,1,0,0
2.76899,1,4.4,1,0,0
2.70064,1,4.7,1,0,0
3.1604,1,5.8,1,0,0
6.32661,1,6.3,1,0,0
6.61171,1,5.3,1,0,0
4.82355,1,5.8,1,0,0
4.04454,1,6.6,1,0,0
5.16942,1,6.8,1,0,0
7.04629,1,9.0,1,0,0
6.58459,1,5.6,1,0,0
4.98932,1,5.6,1,0,0
7.09642,1,5.7,1,0,0
6.62225,1,6.9,1,0,0
14.55361,1,7.7,1,0,0
25.63563,1,12.7,1,0,0
28.3623,1,15.5,1,0,0
29.38979,1,15.4,1,0,0
45.84558,1,21.9,1,0,0
41.07475,1,18.9,1,0,0
32.4104,1,15.0,1,0,0
20.34428,1,9.0,1,0,0
12.98384,1,8.1,1,0,0
10.54756,1,6.4,1,0,0
17.55657,1,10.1,1,0,0
28.33186,1,13.9,1,0,0
26.74996,1,13.1,1,0,0
33.51194,1,15.9,1,0,0
48.77148,1,17.1,1,0,0
51.48245,1,20.2,1,0,0
48.45926,1,20.4,1,0,0
44.5647,1,16.7,1,0,0
43.99824,1,14.5,1,0,0
38.94106,1,12.1,1,0,0
36.56683,1,11.4,1,0,0
40.77207,1,14.2,1,0,0
33.24919,1,11.4,1,0,0
30.86885,1,9.0,1,0,0
32.05006,1,11.5,1,0,0
42.42501,1,12.2,1,0,0
17.56212,1,9.6,1,0,0
9.07259,1,2.0,1,0,0
7.77049,1,7.4,1,0,0
9.97903,1,8.3,1,0,0
7.92845,1,5.0,1,0,0
8.7093,1,6.2,1,0,0
5.1165,1,5.0,1,0,0
6.42721,1,6.4,1,0,0
7.34725,1,6.7,1,0,0
10.83662,1,6.9,1,0,0
9.66961,1,6.6,1,0,0
15.04086,1,7.2,1,0,0
21.72288,1,9.2,1,0,0
18.57597,1,8.3,1,0,0
13.68014,1,12.3,1,0,0
13.69908,1,13.5,1,0,0
13.61676,1,11.2,1,0,0
33.45994,1,18.0,1,0,0
28.36565,1,12.0,1,0,0
29.39217,1,9.9,1,0,0
32.89061,1,13.1,1,0,0
47.07945,1,16.1,1,0,0
41.80353,1,23.6,1,0,0
43.26928,1,19.8,1,0,0
40.93069,1,15.2,1,0,0
48.96643,1,18.6,1,0,0
32.2216,1,20.5,1,0,0
32.16431,1,19.2,1,0,0
24.188,1,14.3,1,0,0
11.62936,1,11.6,1,0,0
10.3582,1,11.6,1,0,0
8.13541,1,14.4,1,0,0
7.78902,1,13.4,1,0,0
9.5027,1,13.0,1,0,0
39.86901,1,16.0,1,0,0
41.45477,1,17.6,1,0,0
57.38307,1,18.9,1,0,0
49.6227,1,25.1,1,0,0
58.30422,1,25.0,1,0,0
44.64147,1,15.1,1,0,0
43.90501,1,20.2,1,0,0
42.4026,1,26.0,1,0,0
42.4026,1,25.4,1,0,0
35.23378,1,25.9,1,0,0
46.01218,1,29.9,1,0,0
39.96945,1,31.9,1,0,0
39.33997,1,25.4,1,0,0
41.73376,1,25.3,1,0,0
50.17463,1,19.3,1,0,0
37.32954,1,17.7,1,0,0
26.92532,1,14.8,1,0,0
35.15271,1,16.3,1,0,0
37.1826,1,13.6,1,0,0
23.96543,1,11.5,1,0,0
21.52595,1,9.1,1,0,0
19.66881,1,10.2,1,0,0
18.86477,1,5.2,1,0,0
21.04659,1,9.2,1,0,0
18.21042,1,6.3,1,0,0
21.82437,1,8.8,1,0,0
21.39306,1,10.1,1,0,0
20.99158,1,14.9,1,0,0
19.74268,1,15.7,1,0,0
20.29298,1,11.2,1,0,0
20.31578,1,11.7,1,0,0
24.41127,1,12.4,1,0,0
22.40871,1,7.8,1,0,0
42.28401,1,25.5,1,0,0
21.38032,1,17.1,1,0,0
52.21896,1,21.3,1,0,0
48.26365,1,19.7,1,0,0
38.42281,1,18.3,1,0,0
47.70244,1,19.2,1,0,0
18.73186,1,16.2,1,0,0
29.08303,1,17.8,1,0,0
23.59233,1,14.2,1,0,0
20.22865,1,12.9,1,0,0
17.04136,1,13.5,1,0,0
24.21493,1,14.9,1,0,0
27.65703,1,16.5,1,0,0
30.67026,1,13.4,1,0,0
27.71436,1,13.5,1,0,0
20.07572,1,16.4,1,0,0
33.26093,1,16.1,1,0,0
44.20649,1,21.0,1,0,0
56.92322,1,19.6,1,0,0
46.58622,1,18.1,1,0,0
42.88008,1,18.0,1,0,0
27.54074,1,8.1,1,0,0
30.65047,1,7.3,1,0,0
47.62788,1,22.4,1,0,0
40.06269,1,19.4,1,0,0
39.14845,1,16.3,1,0,0
33.76481,1,13.7,1,0,0
46.31858,1,18.1,1,0,0
50.2679,1,21.3,1,0,0
43.76137,1,19.8,1,0,0
27.98973,1,13.3,1,0,0
19.89603,1,13.0,1,0,0
25.10963,1,14.1,1,0,0
25.79491,1,16.7,1,0,0
20.46525,1,16.4,1,0,0
20.13012,1,13.9,1,0,0
16.72567,1,15.2,1,0,0
15.87729,1,13.6,1,0,0
11.07358,1,7.3,1,0,0
11.00819,1,5.7,1,0,0
10.80289,1,5.7,1,0,0
9.95583,1,5.2,1,0,0
15.88393,1,8.8,1,0,0
12.37806,1,8.0,1,0,0
15.0461,1,12.9,1,0,0
13.98718,1,15.9,1,0,0
25.42295,1,14.8,1,0,0
45.40143,1,15.5,1,0,0
39.67359,1,16.0,1,0,0
40.34496,1,22.3,1,0,0
40.95671,1,17.4,1,0,0
38.40351,1,16.7,1,0,0
40.86754,1,22.6,1,0,0
49.50619,1,24.2,1,0,0
38.42115,1,13.9,1,0,0
34.1403,1,13.8,1,0,0
31.76637,1,12.3,1,0,0
27.23042,1,18.1,1,0,0
9.46068,1,10.9,1,0,0
4.49338,1,8.0,1,0,0
5.90918,1,5.5,1,0,0
6.16996,1,5.7,1,0,0
4.31827,1,2.2,1,0,0
3.64585,1,5.5,1,0,0
4.4207,1,2.5,1,0,0
17.01459,1,6.4,1,0,0
15.28953,1,11.2,1,0,0
13.42665,1,8.8,1,0,0
16.00168,1,8.9,1,0,0
18.33808,1,15.1,1,0,0
19.70187,1,14.0,1,0,0
21.79493,1,11.5,1,0,0
24.1874,1,11.0,1,0,0
20.10603,1,14.3,1,0,0
33.82399,1,11.8,1,0,0
27.57388,1,15.0,1,0,0
33.85615,1,19.2,1,0,0
36.47512,1,18.9,1,0,0
35.38234,1,20.4,1,0,0
32.51433,1,22.3,1,0,0
33.70574,1,20.9,1,0,0
28.89762,1,21.8,1,0,0
22.60982,1,21.5,1,0,0
20.5098,1,19.7,1,0,0
18.75556,1,18.2,1,0,0
20.20377,1,17.6,1,0,0
21.23878,1,16.5,1,0,0
20.63616,1,14.9,1,0,0
25.53989,1,21.9,1,0,0
30.53462,1,22.1,1,0,0
37.49911,1,26.3,1,0,0
39.05662,1,22.9,1,0,0
28.12608,1,21.8,1,0,0
27.65824,1,20.7,1,0,0
27.27967,1,16.7,1,0,0
28.45113,1,10.9,1,0,0
24.49132,1,18.8,1,0,0
29.15073,1,20.7,1,0,0
37.53357,1,22.7,1,0,0
29.16486,1,22.6,1,0,0
35.69675,1,22.9,1,0,0
24.97276,1,16.0,1,0,0
20.6846,1,10.4,1,0,0
18.68828,1,14.0,1,0,0
17.6804,1,14.1,1,0,0
15.15053,1,15.2,1,0,0
14.30976,1,18.5,1,0,0
14.18308,1,17.4,1,0,0
11.52323,1,15.0,1,0,0
10.02008,1,14.9,1,0,0
9.42284,1,14.9,1,0,0
9.41002,1,11.9,1,0,0
12.97122,1,14.4,1,0,0
16.24798,1,17.1,1,0,0
23.0606,1,22.2,1,0,0
24.5057,1,28.5,1,0,0
19.29035,1,20.2,1,0,0
14.74159,1,19.9,1,0,0
15.14824,1,17.7,1,0,0
19.5199,1,20.9,1,0,0
22.38396,1,15.8,1,0,0
21.15927,1,12.7,1,0,0
22.44702,1,21.1,1,0,0
23.58445,1,23.1,1,0,0
26.72456,1,23.4,1,0,0
16.31798,1,19.7,1,0,0
12.30717,1,20.2,1,0,0
11.50912,1,15.4,1,0,0
9.46684,1,14.6,1,0,0
10.57077,1,16.7,1,0,0
8.80122,1,16.9,1,0,0
8.13261,1,16.8,1,0,0
8.13261,1,19.5,1,0,0
7.40047,1,23.3,1,0,0
9.37084,1,25.0,1,0,0
11.51532,1,25.5,1,0,0
20.24388,1,26.4,1,0,0
34.24621,1,28.0,1,0,0
30.91953,1,29.7,1,0,0
32.23217,1,30.0,1,0,0
29.25678,1,32.6,1,0,0
39.18084,1,34.4,1,0,0
31.54752,1,24.7,1,0,0
38.01311,1,28.0,1,0,0
37.73258,1,29.9,1,0,0
36.9383,1,34.9,1,0,0
36.09619,1,35.1,1,0,0
27.71262,1,35.1,1,0,0
29.77514,1,5.1,1,0,0
31.58391,1,12.1,1,0,0
29.60376,1,16.7,1,0,0
26.57602,1,16.4,1,0,0
26.63221,1,17.0,1,0,0
23.96321,1,16.4,1,0,0
23.14539,1,14.8,1,0,0
10.02174,1,5.2,1,0,0
5.28156,1,4.7,1,0,0
4.74566,1,7.2,1,0,0
6.93976,1,3.0,1,0,0
4.69985,1,7.3,1,0,0
9.42283,1,8.4,1,0,0
23.55673,1,12.0,1,0,0
35.38848,1,17.0,1,0,0
25.89326,1,18.9,1,0,0
21.7529,1,16.5,1,0,0
22.06149,1,16.4,1,0,0
16.03492,1,12.8,1,0,0
15.54951,1,5.2,1,0,0
11.0283,1,9.1,1,0,0
11.74383,1,10.6,1,0,0
15.78764,1,11.3,1,0,0
18.1769,1,10.7,1,0,0
29.93478,1,16.5,1,0,0
26.18173,1,13.4,1,0,0
23.57363,1,13.4,1,0,0
31.17687,1,19.9,1,0,0
32.56567,1,11.1,1,0,0
30.65498,1,14.9,1,0,0
17.89462,1,16.6,1,0,0
13.40378,1,8.1,1,0,0
13.24741,1,6.8,1,0,0
13.86808,1,6.6,1,0,0
16.00854,1,10.0,1,0,0
24.8914,1,14.5,1,0,0
36.37543,1,16.8,1,0,0
37.457,1,16.6,1,0,0
45.62254,1,19.4,1,0,0
38.88138,1,21.5,1,0,0
44.10725,1,27.2,1,0,0
44.02116,1,25.9,1,0,0
40.58834,1,17.2,1,0,0
38.61185,1,23.0,1,0,0
40.44817,1,15.0,1,0,0
32.64254,1,13.0,1,0,0
20.27372,1,8.4,1,0,0
26.04612,1,13.9,1,0,0
30.66508,1,20.9,1,0,0
29.26592,1,24.8,1,0,0
37.68658,1,23.4,1,0,0
42.73989,1,28.3,1,0,0
34.16111,1,24.4,1,0,0
28.74733,1,21.0,1,0,0
20.52743,1,17.4,1,0,0
20.41552,1,16.6,1,0,0
15.57913,1,13.1,1,0,0
9.30633,1,12.8,1,0,0
11.42387,1,14.3,1,0,0
10.18759,1,15.1,1,0,0
8.69275,1,12.4,1,0,0
11.3264,1,15.9,1,0,0
11.80229,1,16.7,1,0,0
13.85885,1,18.0,1,0,0
15.56216,1,18.5,1,0,0
15.99437,1,21.4,1,0,0
18.85548,1,16.0,1,0,0
17.20969,1,9.6,1,0,0
22.23174,1,8.6,1,0,0
24.60571,1,7.2,1,0,0
25.07147,1,7.2,1,0,0
25.37969,1,7.8,1,0,0
26.28084,1,7.2,1,0,0
33.3279,1,5.9,1,0,0
35.43471,1,8.5,1,0,0
36.06765,1,11.9,1,0,0
24.5195,1,13.1,1,0,0
23.02418,1,9.0,1,0,0
15.35666,1,7.0,1,0,0
12.05701,1,5.1,1,0,0
7.21965,1,2.7,1,0,0
9.0527,1,5.7,1,0,0
8.10434,1,7.1,1,0,0
8.10368,1,6.6,1,0,0
8.09563,1,7.2,1,0,0
7.52187,1,7.3,1,0,0
8.0714,1,12.8,1,0,0
7.81474,1,13.6,1,0,0
11.06518,1,11.8,1,0,0
10.64122,1,10.6,1,0,0
13.99706,1,12.0,1,0,0
12.84624,1,13.5,1,0,0
13.59514,1,16.1,1,0,0
11.03131,1,13.2,1,0,0
20.47125,1,19.9,1,0,0
22.1971,1,14.4,1,0,0
21.92498,1,10.4,1,0,0
18.79448,1,14.9,1,0,0
19.24738,1,12.8,1,0,0
24.14556,1,16.9,1,0,0
23.70801,1,14.1,1,0,0
21.07174,1,11.8,1,0,0
14.01849,1,9.5,1,0,0
11.70011,1,7.4,1,0,0
9.95267,1,8.0,1,0,0
10.82709,1,9.3,1,0,0
9.45796,1,9.8,1,0,0
9.43113,1,10.3,1,0,0
9.12548,1,8.5,1,0,0
12.49561,1,10.6,1,0,0
24.78949,1,14.5,1,0,0
26.13375,1,15.0,1,0,0
31.61192,1,16.1,1,0,0
31.08804,1,16.7,1,0,0
26.19301,1,9.1,1,0,0
12.69183,1,5.8,1,0,0
10.42162,1,19.6,1,0,0
12.59381,1,14.3,1,0,0
12.28194,1,11.9,1,0,0
17.58626,1,12.1,1,0,0
15.5009,1,9.6,1,0,0
25.53449,1,16.3,1,0,0
18.32434,1,12.0,1,0,0
10.19763,1,13.0,1,0,0
10.32856,1,13.5,1,0,0
8.24749,1,13.2,1,0,0
14.31964,1,15.3,1,0,0
8.80696,1,12.2,1,0,0
5.94964,1,12.2,1,0,0
9.79501,1,14.3,1,0,0
10.31823,1,15.6,1,0,0
14.53092,1,12.4,1,0,0
19.19793,1,11.9,1,0,0
27.76842,1,9.9,1,0,0
36.36303,1,11.8,1,0,0
39.27052,1,17.6,1,0,0
30.0115,1,17.2,1,0,0
28.10825,1,14.4,1,0,0
23.95922,1,8.3,1,0,0
17.98878,1,6.6,1,0,0
22.26188,1,7.0,1,0,0
21.08242,1,5.5,1,0,0
21.81302,1,11.3,1,0,0
19.91266,1,1.1,1,0,0
33.60083,1,16.4,1,0,0
27.00865,1,20.9,1,0,0
15.86455,1,11.1,1,0,0
13.00999,1,15.4,1,0,0
31.09431,1,21.0,1,0,0
20.3333,1,13.9,1,0,0
11.06979,1,12.4,1,0,0
10.23158,1,15.1,1,0,0
8.43573,1,16.7,1,0,0
10.17478,1,16.2,1,0,0
6.69165,1,16.1,1,0,0
9.92099,1,15.0,1,0,0
11.74287,1,12.6,1,0,0
19.23027,1,14.7,1,0,0
27.14436,1,13.1,1,0,0
33.4545,1,17.2,1,0,0
32.23162,1,17.2,1,0,0
27.27761,1,19.8,1,0,0
24.9793,1,17.7,1,0,0
17.08825,1,16.5,1,0,0
15.28818,1,17.7,1,0,0
12.88102,1,13.4,1,0,0
17.49739,1,19.0,1,0,0
39.99726,1,19.6,1,0,0
57.63206,1,22.3,1,0,0
38.71204,1,21.5,1,0,0
26.87617,1,4.6,1,0,0
28.29995,1,15.1,1,0,0
26.96215,1,18.4,1,0,0
27.41967,1,17.1,1,0,0
16.74386,1,16.3,1,0,0
13.25209,1,15.1,1,0,0
11.66933,1,17.3,1,0,0
11.0615,1,16.5,1,0,0
7.81122,1,19.7,1,0,0
10.04595,1,18.9,1,0,0
8.66601,1,17.5,1,0,0
14.84674,1,21.7,1,0,0
29.57035,1,20.2,1,0,0
35.38761,1,22.6,1,0,0
37.27077,1,20.4,1,0,0
27.52786,1,22.3,1,0,0
27.52786,1,22.8,1,0,0
27.52786,1,15.7,1,0,0
27.52786,1,17.6,1,0,0
27.52786,1,14.8,1,0,0
27.52786,1,14.0,1,0,0
27.52786,1,13.2,1,0,0
27.52786,1,12.1,1,0,0
27.52786,1,11.4,1,0,0
27.52786,1,9.9,1,0,0
27.52786,1,9.3,1,0,0
27.52786,1,9.6,1,0,0
27.52786,1,4.7,1,0,0
27.52786,1,7.0,1,0,0
27.52786,1,7.5,1,0,0
27.52786,1,8.1,1,0,0
2.98088,1,6.4,1,0,0
2.47587,1,9.2,1,0,0
2.71245,1,9.0,1,0,0
2.53741,1,7.8,1,0,0
8.84122,1,9.0,1,0,0
29.51948,1,12.8,1,0,0
44.7835,1,13.2,1,0,0
35.60815,1,12.6,1,0,0
21.96032,1,7.2,1,0,0
13.63876,1,5.0,1,0,0
16.75909,1,2.3,1,0,0
23.72851,1,14.1,1,0,0
22.61746,1,6.9,1,0,0
20.04372,1,9.0,1,0,0
24.85607,1,10.6,1,0,0
41.9902,1,20.0,1,0,0
52.09629,1,22.7,1,0,0
61.8518,1,38.9,1,0,0
64.23449,1,37.4,1,0,0
67.01448,1,43.9,1,0,0
54.75749,1,44.9,1,0,0
50.9811,1,31.5,1,0,0
35.30369,1,15.9,1,0,0
18.55091,1,10.2,1,0,0
17.77715,1,6.5,1,0,0
15.72916,1,11.9,1,0,0
12.01791,1,18.6,1,0,0
5.47821,1,3.3,1,0,0
6.04965,1,0.9,1,0,0
5.24861,1,-3.0,1,0,0
8.02116,1,2.5,1,0,0
8.5091,1,3.8,1,0,0
9.28849,1,9.1,1,0,0
8.94815,1,10.8,1,0,0
9.89256,1,8.4,1,0,0
12.62253,1,12.7,1,0,0
16.19164,1,12.7,1,0,0
8.90867,1,12.7,1,0,0
11.81673,1,8.4,1,0,0
29.02353,1,20.0,1,0,0
23.33298,1,22.8,1,0,0
20.8043,1,17.3,1,0,0
20.03203,1,19.2,1,0,0
16.16113,1,23.8,1,0,0
17.2242,1,23.2,1,0,0
11.64587,1,27.0,1,0,0
7.97111,1,20.1,1,0,0
4.1489,1,25.2,1,0,0
6.216,1,26.5,1,0,0
6.52199,1,24.0,1,0,0
4.83968,1,23.9,1,0,0
3.88414,1,24.0,1,0,0
3.89833,1,20.7,1,0,0
4.80739,1,17.7,1,0,0
7.08811,1,12.9,1,0,0
8.46478,1,14.1,1,0,0
9.06231,1,9.1,1,0,0
13.34872,1,19.9,1,0,0
15.34818,1,23.9,1,0,0
15.15927,1,26.2,1,0,0
13.65985,1,21.0,1,0,0
17.82841,1,29.5,1,0,0
15.99645,1,23.0,1,0,0
13.24216,1,29.9,1,0,0
12.18295,1,29.9,1,0,0
9.22072,1,23.1,1,0,0
7.02871,1,17.0,1,0,0
4.62605,1,1.3,1,0,0
3.0376,1,6.7,1,0,0
3.91346,1,5.9,1,0,0
3.06415,1,0.7,1,0,0
3.06415,1,2.8,1,0,0
1.01492,1,2.8,1,0,0
0.7977,1,7.0,1,0,0
1.14713,1,11.2,1,0,0
3.85924,1,2.7,1,0,0
7.08445,1,3.2,1,0,0
16.03767,1,1.8,1,0,0
19.73723,1,7.3,1,0,0
19.88431,1,9.9,1,0,0
19.96299,1,20.5,1,0,0
17.88882,1,16.4,1,0,0
19.43413,1,15.7,1,0,0
15.57605,1,16.4,1,0,0
16.72867,1,14.5,1,0,0
18.50831,1,14.6,1,0,0
26.68173,1,18.2,1,0,0
26.8938,1,11.2,1,0,0
24.33786,1,18.8,1,0,0
20.14845,1,8.8,1,0,0
10.71146,1,6.9,1,0,0
5.99154,1,9.0,1,0,0
6.96754,1,8.4,1,0,0
8.6423,1,14.1,1,0,0
6.91015,1,15.6,1,0,0
4.68813,1,19.2,1,0,0
8.76063,1,18.3,1,0,0
9.38305,1,18.2,1,0,0
12.63732,1,16.9,1,0,0
11.85498,1,18.7,1,0,0
27.74261,1,20.3,1,0,0
51.25268,1,20.4,1,0,0
78.21292,1,23.3,1,0,0
64.0158,1,24.9,1,0,0
58.32158,1,24.7,1,0,0
32.95953,1,17.0,1,0,0
26.91456,1,19.3,1,0,0
24.06214,1,15.2,1,0,0
22.66084,1,12.4,1,0,0
21.75768,1,16.1,1,0,0
25.34705,1,15.4,1,0,0
33.10123,1,20.4,1,0,0
41.25154,1,19.1,1,0,0
28.08522,1,13.4,1,0,0
27.09084,1,13.7,1,0,0
40.38457,1,17.2,1,0,0
22.99894,1,16.0,1,0,0
18.23688,1,13.7,1,0,0
17.2474,1,13.6,1,0,0
9.61119,1,11.3,1,0,0
10.64912,1,14.4,1,0,0
14.38036,1,14.4,1,0,0
8.67487,1,13.2,1,0,0
12.83872,1,16.7,1,0,0
18.53818,1,15.1,1,0,0
60.28319,1,19.4,1,0,0
65.18015,1,20.5,1,0,0
43.50847,1,20.0,1,0,0
18.21654,1,23.7,1,0,0
15.12493,1,13.6,1,0,0
12.52191,1,13.5,1,0,0
15.08387,1,16.5,1,0,0
28.99044,1,23.9,1,0,0
50.13898,1,35.5,1,0,0
117.10633,1,80.6,1,0,0
106.26186,1,59.7,1,0,0
106.37777,1,64.4,1,0,0
71.64384,1,60.9,1,0,0
61.39422,1,52.3,1,0,0
53.40093,1,41.8,1,0,0
48.58421,1,40.6,1,0,0
34.97185,1,27.7,1,0,0
26.57235,1,20.4,1,0,0
32.56703,1,20.6,1,0,0
41.02763,1,22.7,1,0,0
30.245,1,18.4,1,0,0
24.16468,1,19.6,1,0,0
29.00774,1,15.9,1,0,0
47.21702,1,18.7,1,0,0
62.60304,1,31.9,1,0,0
67.51015,1,37.3,1,0,0
47.27434,1,39.6,1,0,0
28.30387,1,37.9,1,0,0
27.3305,1,32.2,1,0,0
32.4807,1,38.0,1,0,0
28.20614,1,37.9,1,0,0
34.17314,1,27.2,1,0,0
39.11776,1,26.0,1,0,0
34.10493,1,21.0,1,0,0
49.59632,1,41.8,1,0,0
81.33252,1,113.9,1,0,0
73.27569,1,173.5,1,0,0
65.0554,1,159.6,1,0,0
67.23831,1,102.1,1,0,0
49.0424,1,82.6,1,0,0
38.49117,1,78.8,1,0,0
31.0194,1,57.8,1,0,0
24.93769,1,39.7,1,0,0
30.18061,1,47.9,1,0,0
27.15763,1,44.6,1,0,0
26.20823,1,66.6,1,0,0
30.4918,1,96.4,1,0,0
33.5064,1,91.2,1,0,0
53.23878,1,123.1,1,0,0
49.04649,1,89.6,1,0,0
45.19899,1,72.3,1,0,0
43.3169,1,64.7,1,0,0
41.28051,1,65.3,1,0,0
47.56014,1,58.8,1,0,0
41.33414,1,45.1,1,0,0
54.21269,1,47.6,1,0,0
76.53404,1,58.5,1,0,0
67.02443,1,53.1,1,0,0
73.16532,1,71.2,1,0,0
51.56478,1,63.5,1,0,0
45.23027,1,66.9,1,0,0
40.85313,1,67.7,1,0,0
40.12613,1,64.5,1,0,0
42.61544,1,66.3,1,0,0
43.00079,1,53.5,1,0,0
36.82253,1,41.3,1,0,0
32.27022,1,33.8,1,0,0
33.07846,1,24.9,1,0,0
33.11491,1,12.4,1,0,0
34.57507,1,13.4,1,0,0
34.47224,1,7.7,1,0,0
37.68826,1,10.9,1,0,0
37.81837,1,13.4,1,0,0
38.60058,1,12.6,1,0,0
39.45838,1,15.2,1,0,0
49.26596,1,16.9,1,0,0
40.80592,1,17.9,1,0,0
48.83193,1,33.8,1,0,0
50.60628,1,50.2,1,0,0
44.75842,1,46.4,1,0,0
44.38805,1,35.1,1,0,0
42.52241,1,21.9,1,0,0
41.19976,1,19.6,1,0,0
39.84138,1,31.3,1,0,0
35.52415,1,28.3,1,0,0
33.71191,1,28.6,1,0,0
29.44246,1,32.8,1,0,0
28.06804,1,54.9,1,0,0
30.74737,1,41.5,1,0,0
24.71963,1,26.8,1,0,0
21.70455,1,27.0,1,0,0
19.87566,1,20.2,1,0,0
17.69945,1,24.1,1,0,0
20.17293,1,22.8,1,0,0
19.7858,1,23.2,1,0,0
18.88497,1,24.7,1,0,0
24.34411,1,27.4,1,0,0
27.65039,1,29.2,1,0,0
33.02538,1,31.1,1,0,0
54.43723,1,37.4,1,0,0
46.02685,1,36.6,1,0,0
46.73948,1,33.7,1,0,0
48.98889,1,32.5,1,0,0
50.52126,1,39.4,1,0,0
55.32977,1,37.2,1,0,0
49.55906,1,47.2,1,0,0
33.2413,1,51.2,1,0,0
29.11473,1,41.4,1,0,0
30.84775,1,55.1,1,0,0
32.95146,1,61.8,1,0,0
31.1384,1,50.1,1,0,0
35.0163,1,27.2,1,0,0
35.11093,1,22.6,1,0,0
33.16889,1,23.9,1,0,0
30.35223,1,26.4,1,0,0
28.0774,1,28.1,1,0,0
25.55073,1,27.9,1,0,0
24.39952,1,18.2,1,0,0
24.05051,1,17.8,1,0,0
30.66487,1,20.6,1,0,0
43.80008,1,26.8,1,0,0
45.63277,1,26.1,1,0,0
39.35949,1,23.4,1,0,0
42.8822,1,26.8,1,0,0
42.95959,1,20.5,1,0,0
36.38222,1,10.3,1,0,0
33.02602,1,22.3,1,0,0
33.84862,1,24.3,1,0,0
52.97084,1,30.6,1,0,0
70.60861,1,31.7,1,0,0
57.93475,1,35.9,1,0,0
43.38061,1,29.1,1,0,0
40.73905,1,29.0,1,0,0
43.8417,1,22.5,1,0,0
35.26205,1,20.0,1,0,0
22.80789,1,18.6,1,0,0
21.83139,1,15.6,1,0,0
17.18824,1,16.9,1,0,0
15.7343,1,15.8,1,0,0
14.87783,1,19.2,1,0,0
14.02498,1,18.6,1,0,0
13.67695,1,17.0,1,0,0
18.36231,1,15.1,1,0,0
26.78254,1,15.0,1,0,0
31.85365,1,11.8,1,0,0
34.18701,1,12.9,1,0,0
33.8939,1,16.1,1,0,0
34.84941,1,18.8,1,0,0
37.53498,1,13.2,1,0,0
38.02611,1,19.9,1,0,0
35.83006,1,25.0,1,0,0
35.86804,1,22.1,1,0,0
37.30695,1,8.8,1,0,0
43.45362,1,19.6,1,0,0
52.4878,1,21.0,1,0,0
46.85355,1,20.7,1,0,0
41.56395,1,18.1,1,0,0
36.34612,1,24.0,1,0,0
39.21499,1,19.4,1,0,0
35.1846,1,15.0,1,0,0
29.22632,1,16.4,1,0,0
30.19502,1,11.4,1,0,0
24.1405,1,13.3,1,0,0
18.00143,1,10.1,1,0,0
16.55658,1,15.4,1,0,0
14.26129,1,9.3,1,0,0
11.46326,1,10.7,1,0,0
12.50299,1,6.8,1,0,0
16.87039,1,8.0,1,0,0
24.94417,1,11.2,1,0,0
22.35149,1,14.3,1,0,0
20.957,1,15.2,1,0,0
19.17511,1,13.6,1,0,0
18.74893,1,16.6,1,0,0
17.68441,1,14.5,1,0,0
23.1261,1,20.4,1,0,0
21.67367,1,12.8,1,0,0
23.50464,1,10.5,1,0,0
22.30167,1,13.1,1,0,0
18.00243,1,13.7,1,0,0
12.93336,1,10.7,1,0,0
10.3604,1,13.4,1,0,0
10.1982,1,11.7,1,0,0
8.78783,1,10.1,1,0,0
7.28262,1,7.4,1,0,0
7.39846,1,6.7,1,0,0
6.82316,1,7.4,1,0,0
5.91756,1,7.4,1,0,0
4.72019,1,5.4,1,0,0
8.81112,1,9.2,1,0,0
6.86654,1,5.9,1,0,0
8.86711,1,5.3,1,0,0
20.16259,1,4.5,1,0,0
43.5485,1,4.3,1,0,0
27.37526,1,14.1,1,0,0
16.02391,1,16.7,1,0,0
20.82751,1,14.8,1,0,0
23.17542,1,17.8,1,0,0
22.55664,1,16.1,1,0,0
22.95718,1,20.4,1,0,0
30.28397,1,24.9,1,0,0
25.71541,1,22.8,1,0,0
25.3531,1,24.1,1,0,0
27.34059,1,26.7,1,0,0
25.31214,1,26.0,1,0,0
22.50899,1,15.2,1,0,0
14.16096,1,20.1,1,0,0
12.61263,1,20.2,1,0,0
8.96322,1,11.9,1,0,0
7.3879,1,11.7,1,0,0
5.48121,1,13.8,1,0,0
5.65183,1,10.9,1,0,0
7.15845,1,11.4,1,0,0
5.73523,1,12.0,1,0,0
6.40039,1,12.3,1,0,0
8.41167,1,10.1,1,0,0
12.25227,1,10.1,1,0,0
38.78907,1,6.5,1,0,0
29.40416,1,10.1,1,0,0
25.0865,1,7.0,1,0,0
18.07886,1,15.9,1,0,0
18.34122,1,14.5,1,0,0
18.29668,1,22.8,1,0,0
19.47998,1,24.4,1,0,0
27.11546,1,22.8,1,0,0
45.00848,1,28.3,1,0,0
69.5214,1,38.0,1,0,0
47.9525,1,30.9,1,0,0
32.03267,1,27.3,1,0,0
24.19067,1,22.4,1,0,0
21.85793,1,24.5,1,0,0
17.6596,1,20.1,1,0,0
14.54057,1,18.7,1,0,0
12.78128,1,18.8,1,0,0
17.12166,1,22.9,1,0,0
18.78166,1,23.8,1,0,0
15.5708,1,19.6,1,0,0
10.825,1,15.7,1,0,0
10.19172,1,16.8,1,0,0
11.60157,1,17.2,1,0,0
20.05624,1,11.5,1,0,0
15.91593,1,14.0,1,0,0
19.90444,1,12.8,1,0,0
17.45063,1,14.0,1,0,0
18.94763,1,15.0,1,0,0
16.04286,1,15.1,1,0,0
15.19969,1,12.4,1,0,0
12.55245,1,4.6,1,0,0
12.002,1,3.0,1,0,0
10.60405,1,4.7,1,0,0
10.34116,1,5.9,1,0,0
9.91075,1,8.4,1,0,0
13.99675,1,12.7,1,0,0
12.52726,1,12.7,1,0,0
12.29458,1,10.1,1,0,0
11.65007,1,13.0,1,0,0
8.51187,1,13.1,1,0,0
8.35758,1,17.1,1,0,0
9.02423,1,15.9,1,0,0
9.57966,1,20.1,1,0,0
10.03175,1,13.8,1,0,0
9.46087,1,19.6,1,0,0
8.5321,1,20.1,1,0,0
8.86978,1,18.3,1,0,0
9.19527,1,12.0,1,0,0
8.65376,1,5.5,1,0,0
8.82218,1,7.6,1,0,0
7.89837,1,7.6,1,0,0
9.21275,1,7.6,1,0,0
8.9239,1,7.6,1,0,0
10.60425,1,5.6,1,0,0
10.87174,1,12.8,1,0,0
12.46934,1,12.5,1,0,0
13.7917,1,10.7,1,0,0
14.73046,1,14.2,1,0,0
13.16269,1,12.2,1,0,0
13.238,1,13.6,1,0,0
10.55779,1,13.1,1,0,0
12.45294,1,21.2,1,0,0
7.51833,1,11.1,1,0,0
4.76291,1,6.8,1,0,0
5.10776,1,14.6,1,0,0
4.61801,1,17.1,1,0,0
3.15066,1,4.8,1,0,0
3.27402,1,10.8,1,0,0
4.07468,1,15.2,1,0,0
3.66118,1,10.2,1,0,0
6.70652,1,8.1,1,0,0
14.44905,1,6.1,1,0,0
16.43249,1,12.3,1,0,0
12.7627,1,12.3,1,0,0
11.38329,1,24.9,1,0,0
13.31567,1,16.5,1,0,0
21.71764,1,22.7,1,0,0
26.69903,1,34.1,1,0,0
40.52819,1,38.2,1,0,0
37.34264,1,26.0,1,0,0
45.90178,1,29.9,1,0,0
27.74985,1,23.6,1,0,0
19.79331,1,22.5,1,0,0
23.22703,1,21.5,1,0,0
21.92656,1,22.5,1,0,0
15.33763,1,15.5,1,0,0
14.88218,1,11.5,1,0,0
14.71042,1,13.7,1,0,0
11.5696,1,10.8,1,0,0
6.66068,1,8.9,1,0,0
6.68293,1,7.5,1,0,0
5.44709,1,7.0,1,0,0
4.97097,1,7.2,1,0,0
5.96197,1,4.3,1,0,0
9.49771,1,3.1,1,0,0
15.06207,1,10.7,1,0,0
23.0131,1,15.2,1,0,0
24.10244,1,15.7,1,0,0
30.98379,1,20.6,1,0,0
20.65101,1,15.9,1,0,0
14.95622,1,11.9,1,0,0
16.94392,1,16.0,1,0,0
19.55517,1,14.5,1,0,0
21.94631,1,13.7,1,0,0
29.24949,1,16.9,1,0,0
24.8021,1,13.2,1,0,0
14.37511,1,10.2,1,0,0
15.5826,1,10.9,1,0,0
9.9415,1,2.7,1,0,0
7.71518,1,3.9,1,0,0
6.27397,1,0.1,1,0,0
7.70145,1,1.6,1,0,0
5.96345,1,0.6,1,0,0
5.8591,1,7.2,1,0,0
5.81117,1,13.2,1,0,0
7.11714,1,16.7,1,0,0
8.1141,1,14.7,1,0,0
8.38024,1,15.8,1,0,0
9.60786,1,16.8,1,0,0
18.38156,1,17.7,1,0,0
24.47059,1,20.9,1,0,0
22.12232,1,27.2,1,0,0
18.87682,1,26.9,1,0,0
19.84922,1,21.3,1,0,0
17.93621,1,17.9,1,0,0
22.3124,1,13.4,1,0,0
15.09735,1,13.4,1,0,0
13.16026,1,13.4,1,0,0
12.99157,1,0.7,1,0,0
13.71537,1,3.1,1,0,0
11.57831,1,19.4,1,0,0
16.08006,1,18.0,1,0,0
14.45627,1,20.0,1,0,0
12.74711,1,17.8,1,0,0
9.49672,1,11.4,1,0,0
6.53673,1,15.4,1,0,0
6.44826,1,16.0,1,0,0
5.95782,1,13.1,1,0,0
4.13178,1,10.4,1,0,0
4.79996,1,11.5,1,0,0
6.24706,1,9.6,1,0,0
5.37379,1,9.1,1,0,0
19.8894,1,9.0,1,0,0
11.39541,1,8.9,1,0,0
16.63789,1,11.0,1,0,0
13.18969,1,13.3,1,0,0
7.33101,1,14.1,1,0,0
8.00028,1,16.1,1,0,0
8.11884,1,11.7,1,0,0
11.10999,1,14.3,1,0,0
9.68702,1,7.3,1,0,0
20.9414,1,21.3,1,0,0
44.86782,1,28.1,1,0,0
62.83924,1,45.0,1,0,0
85.32722,1,62.2,1,0,0
70.38615,1,54.3,1,0,0
67.73158,1,49.9,1,0,0
54.6268,1,34.3,1,0,0
47.92986,1,32.2,1,0,0
48.10186,1,26.6,1,0,0
35.00965,1,17.8,1,0,0
38.58434,1,24.5,1,0,0
53.17609,1,24.9,1,0,0
48.32176,1,22.6,1,0,0
42.61381,1,20.4,1,0,0
37.23429,1,21.8,1,0,0
43.37949,1,18.8,1,0,0
48.45913,1,22.3,1,0,0
47.4143,1,19.2,1,0,0
38.29959,1,16.6,1,0,0
32.30862,1,16.9,1,0,0
39.33208,1,17.6,1,0,0
39.79388,1,19.0,1,0,0
41.03342,1,20.5,1,0,0
40.30441,1,18.8,1,0,0
43.30361,1,16.6,1,0,0
46.86806,1,16.7,1,0,0
53.48071,1,19.5,1,0,0
39.49497,1,17.1,1,0,0
34.87539,1,15.6,1,0,0
22.50704,1,13.4,1,0,0
14.7041,1,3.0,1,0,0
10.44509,1,9.0,1,0,0
10.26447,1,10.4,1,0,0
8.59444,1,9.9,1,0,0
6.33096,1,10.3,1,0,0
6.38278,1,6.5,1,0,0
4.89758,1,5.8,1,0,0
4.85083,1,5.0,1,0,0
3.25675,1,6.9,1,0,0
7.75472,1,2.7,1,0,0
12.51741,1,5.2,1,0,0
11.44038,1,11.3,1,0,0
14.60309,1,14.1,1,0,0
17.53111,1,15.2,1,0,0
21.79598,1,15.7,1,0,0
17.34749,1,18.2,1,0,0
23.3619,1,15.6,1,0,0
17.52575,1,1.9,1,0,0
12.85585,1,0.3,1,0,0
17.56222,1,7.7,1,0,0
19.5491,1,13.3,1,0,0
23.94057,1,16.2,1,0,0
50.28492,1,23.7,1,0,0
71.90135,1,46.4,1,0,0
31.20291,1,19.9,1,0,0
17.4636,1,12.7,1,0,0
11.50313,1,12.5,1,0,0
3.70346,1,3.4,1,0,0
3.65376,1,13.3,1,0,0
4.54277,1,10.5,1,0,0
3.03996,1,13.1,1,0,0
5.89012,1,15.1,1,0,0
5.77163,1,13.4,1,0,0
10.54443,1,17.1,1,0,0
14.0616,1,19.0,1,0,0
27.57831,1,20.6,1,0,0
39.11212,1,21.4,1,0,0
43.03798,1,21.4,1,0,0
27.84054,1,23.6,1,0,0
30.94146,1,20.7,1,0,0
19.8149,1,18.1,1,0,0
12.22696,1,10.1,1,0,0
15.98633,1,16.6,1,0,0
21.66087,1,18.2,1,0,0
47.48475,1,24.4,1,0,0
31.40932,1,18.5,1,0,0
40.17352,1,24.4,1,0,0
50.02098,1,23.1,1,0,0
51.30749,1,21.2,1,0,0
48.4497,1,16.7,1,0,0
22.79305,1,16.6,1,0,0
16.23071,1,12.5,1,0,0
22.24876,1,12.9,1,0,0
25.38466,1,14.4,1,0,0
25.79463,1,13.7,1,0,0
28.25417,1,17.2,1,0,0
36.31211,1,15.2,1,0,0
42.51618,1,15.9,1,0,0
67.34119,1,22.7,1,0,0
73.72008,1,18.2,1,0,0
52.22667,1,12.9,1,0,0
45.98723,1,16.2,1,0,0
59.48506,1,21.1,1,0,0
47.79043,1,13.9,1,0,0
31.73253,1,13.8,1,0,0
29.55749,1,19.8,1,0,0
43.6978,1,21.7,1,0,0
44.79741,1,21.4,1,0,0
28.6076,1,13.3,1,0,0
31.59423,1,16.0,1,0,0
26.62098,1,17.2,1,0,0
25.50108,1,14.3,1,0,0
18.22227,1,10.9,1,0,0
12.47047,1,9.3,1,0,0
10.49003,1,7.7,1,0,0
5.94009,1,3.4,1,0,0
5.45119,1,4.6,1,0,0
7.80821,1,4.7,1,0,0
8.14533,1,1.7,1,0,0
8.82064,1,9.1,1,0,0
12.32975,1,2.2,1,0,0
15.0675,1,2.6,1,0,0
28.85037,1,5.3,1,0,0
40.40466,1,10.2,1,0,0
35.00378,1,9.3,1,0,0
34.29566,1,12.6,1,0,0
38.72336,1,13.0,1,0,0
30.18728,1,11.9,1,0,0
29.92738,1,16.2,1,0,0
32.8114,1,18.8,1,0,0
32.02272,1,17.7,1,0,0
31.88888,1,15.3,1,0,0
28.97189,1,23.0,1,0,0
27.42169,1,17.8,1,0,0
23.76995,1,18.5,1,0,0
22.81168,1,19.5,1,0,0
20.17879,1,18.7,1,0,0
18.80083,1,19.2,1,0,0
17.09983,1,18.9,1,0,0
14.93192,1,18.1,1,0,0
13.29077,1,18.2,1,0,0
10.39663,1,21.5,1,0,0
8.51213,1,16.3,1,0,0
9.34053,1,18.7,1,0,0
14.86476,1,22.8,1,0,0
35.444,1,19.3,1,0,0
31.30749,1,14.3,1,0,0
22.48796,1,0.4,1,0,0
21.89199,1,5.0,1,0,0
24.4031,1,6.3,1,0,0
21.86524,1,7.1,1,0,0
21.03674,1,7.5,1,0,0
41.55926,1,19.4,1,0,0
50.604,1,12.3,1,0,0
48.80455,1,14.8,1,0,0
58.69726,1,13.9,1,0,0
53.47107,1,18.9,1,0,0
74.81438,1,28.0,1,0,0
89.32175,1,30.5,1,0,0
63.1187,1,23.8,1,0,0
58.92839,1,30.4,1,0,0
50.23864,1,19.0,1,0,0
44.50278,1,20.1,1,0,0
33.86152,1,19.8,1,0,0
35.73577,1,19.7,1,0,0
44.19361,1,19.0,1,0,0
45.70423,1,20.4,1,0,0
43.96832,1,18.8,1,0,0
43.29097,1,19.9,1,0,0
53.50811,1,20.0,1,0,0
65.16884,1,25.8,1,0,0
76.61024,1,31.7,1,0,0
67.16161,1,35.9,1,0,0
74.18849,1,41.8,1,0,0
54.17663,1,31.8,1,0,0
52.06664,1,31.8,1,0,0
52.29376,1,15.4,1,0,0
72.31519,1,26.6,1,0,0
75.01953,1,27.7,1,0,0
57.60327,1,29.6,1,0,0
54.63874,1,28.6,1,0,0
48.64497,1,34.9,1,0,0
40.68604,1,36.5,1,0,0
33.17585,1,25.9,1,0,0
35.3217,1,23.8,1,0,0
39.73842,1,25.0,1,0,0
39.17275,1,17.5,1,0,0
40.86731,1,8.4,1,0,0
48.21134,1,10.2,1,0,0
45.7448,1,11.2,1,0,0
44.99356,1,10.3,1,0,0
46.36854,1,11.3,1,0,0
57.60116,1,9.9,1,0,0
61.23541,1,8.7,1,0,0
83.25404,1,15.8,1,0,0
81.34104,1,22.2,1,0,0
56.12077,1,17.0,1,0,0
39.73296,1,12.3,1,0,0
34.33089,1,9.1,1,0,0
33.87349,1,23.1,1,0,0
20.92215,1,16.4,1,0,0
39.33758,1,19.6,1,0,0
48.72299,1,19.0,1,0,0
79.34775,1,32.9,1,0,0
64.23163,1,36.4,1,0,0
57.98242,1,41.7,1,0,0
59.94931,1,38.6,1,0,0
61.69814,1,39.2,1,0,0
60.85091,1,43.8,1,0,0
57.23058,1,43.1,1,0,0
50.17779,1,28.2,1,0,0
43.38719,1,45.3,1,0,0
40.33962,1,40.9,1,0,0
39.59929,1,19.8,1,0,0
35.5514,1,16.1,1,0,0
29.76945,1,16.7,1,0,0
28.58797,1,19.3,1,0,0
29.00132,1,23.8,1,0,0
31.43664,1,23.1,1,0,0
38.80545,1,22.9,1,0,0
31.92056,1,24.4,1,0,0
32.54795,1,21.9,1,0,0
31.03197,1,24.7,1,0,0
28.20538,1,19.3,1,0,0
34.43579,1,21.6,1,0,0
44.12656,1,25.9,1,0,0
47.96094,1,24.3,1,0,0
59.73352,1,30.9,1,0,0
57.28059,1,34.6,1,0,0
57.17048,1,33.5,1,0,0
53.39631,1,32.6,1,0,0
46.00818,1,32.1,1,0,0
46.99394,1,28.1,1,0,0
38.38023,1,27.6,1,0,0
30.85271,1,27.8,1,0,0
19.94038,1,24.3,1,0,0
19.36054,1,24.4,1,0,0
18.85039,1,23.8,1,0,0
20.81469,1,24.2,1,0,0
22.19887,1,24.4,1,0,0
18.60274,1,28.0,1,0,0
23.18569,1,27.6,1,0,0
31.46835,1,23.4,1,0,0
29.07091,1,21.1,1,0,0
26.24501,1,17.6,1,0,0
29.83223,1,16.8,1,0,0
34.04931,1,18.3,1,0,0
38.32977,1,19.7,1,0,0
43.80672,1,18.9,1,0,0
41.96364,1,26.7,1,0,0
42.77191,1,30.0,1,0,0
41.20807,1,24.3,1,0,0
43.85269,1,27.9,1,0,0
31.61074,1,19.9,1,0,0
23.91888,1,13.3,1,0,0
30.1921,1,13.5,1,0,0
32.15771,1,11.5,1,0,0
17.93269,1,13.9,1,0,0
15.02667,1,14.0,1,0,0
17.89636,1,9.2,1,0,0
24.8763,1,9.9,1,0,0
29.62043,1,13.0,1,0,0
30.38794,1,15.0,1,0,0
33.12716,1,12.6,1,0,0
30.51859,1,13.2,1,0,0
43.21367,1,10.2,1,0,0
33.80267,1,9.7,1,0,0
17.29492,1,8.6,1,0,0
21.52663,1,8.2,1,0,0
11.9145,1,4.8,1,0,0
11.44834,1,3.2,1,0,0
11.59101,1,2.5,1,0,0
11.95047,1,3.8,1,0,0
13.087,1,6.9,1,0,0
7.57472,1,6.4,1,0,0
9.16487,1,9.3,1,0,0
11.47675,1,8.5,1,0,0
11.18432,1,10.2,1,0,0
12.57742,1,9.1,1,0,0
7.4865,1,7.7,1,0,0
10.2106,1,9.5,1,0,0
9.79945,1,6.5,1,0,0
8.41252,1,7.9,1,0,0
10.68207,1,8.0,1,0,0
5.62654,1,8.5,1,0,0
5.90524,1,7.6,1,0,0
11.71061,1,9.2,1,0,0
13.85604,1,8.6,1,0,0
16.53266,1,10.5,1,0,0
20.44461,1,10.3,1,0,0
21.48522,1,9.6,1,0,0
37.95533,1,12.8,1,0,0
28.36156,1,14.8,1,0,0
15.84638,1,10.8,1,0,0
12.49044,1,10.0,1,0,0
11.89991,1,11.4,1,0,0
15.17659,1,12.4,1,0,0
53.1224,1,17.3,1,0,0
79.42958,1,24.3,1,0,0
76.98071,1,29.2,1,0,0
71.78911,1,27.3,1,0,0
92.49809,1,42.8,1,0,0
68.35779,1,27.3,1,0,0
54.91177,1,29.3,1,0,0
49.76556,1,21.9,1,0,0
46.52777,1,21.1,1,0,0
50.96309,1,22.4,1,0,0
55.62986,1,23.1,1,0,0
56.44488,1,21.4,1,0,0
48.26867,1,26.8,1,0,0
38.92342,1,21.4,1,0,0
39.06092,1,17.9,1,0,0
48.62182,1,17.3,1,0,0
64.77824,1,23.0,1,0,0
59.65848,1,21.9,1,0,0
52.65212,1,20.7,1,0,0
49.73882,1,18.9,1,0,0
57.08863,1,16.1,1,0,0
45.28959,1,10.0,1,0,0
25.31591,1,6.4,1,0,0
21.02144,1,13.2,1,0,0
31.30126,1,15.2,1,0,0
47.86211,1,16.0,1,0,0
67.44445,1,20.1,1,0,0
72.26427,1,21.5,1,0,0
78.06582,1,23.5,1,0,0
67.49817,1,21.8,1,0,0
44.13357,1,16.6,1,0,0
25.23542,1,10.4,1,0,0
17.04579,1,9.2,1,0,0
13.86529,1,9.0,1,0,0
13.38336,1,8.5,1,0,0
14.65407,1,8.7,1,0,0
13.40737,1,8.4,1,0,0
10.84341,1,6.8,1,0,0
13.34872,1,5.8,1,0,0
26.61098,1,6.8,1,0,0
29.11056,1,5.3,1,0,0
33.6765,1,4.2,1,0,0
42.9953,1,7.1,1,0,0
40.72382,1,8.5,1,0,0
46.13477,1,10.6,1,0,0
47.03586,1,8.5,1,0,0
44.14345,1,7.2,1,0,0
51.63988,1,6.8,1,0,0
73.14673,1,11.5,1,0,0
58.47744,1,7.8,1,0,0
48.73524,1,7.3,1,0,0
44.33563,1,5.7,1,0,0
31.73523,1,7.0,1,0,0
23.74378,1,4.5,1,0,0
25.57888,1,8.3,1,0,0
24.71006,1,7.1,1,0,0
18.13329,1,5.7,1,0,0
11.84196,1,4.4,1,0,0
7.20774,1,2.4,1,0,0
8.23193,1,3.6,1,0,0
6.11561,1,2.8,1,0,0
12.83516,1,2.9,1,0,0
13.96672,1,3.6,1,0,0
13.83467,1,3.0,1,0,0
11.76595,1,4.0,1,0,0
11.73534,1,4.3,1,0,0
15.69765,1,3.1,1,0,0
17.43072,1,3.7,1,0,0
15.90959,1,3.4,1,0,0
23.67448,1,8.6,1,0,0
24.25928,1,8.5,1,0,0
25.23896,1,10.3,1,0,0
21.48134,1,9.8,1,0,0
23.18629,1,11.2,1,0,0
40.68011,1,13.9,1,0,0
53.31874,1,19.7,1,0,0
45.00808,1,18.7,1,0,0
36.93446,1,15.9,1,0,0
30.73983,1,12.7,1,0,0
27.62467,1,13.1,1,0,0
14.53719,1,13.2,1,0,0
11.38982,1,10.6,1,0,0
18.16739,1,14.8,1,0,0
15.89674,1,16.6,1,0,0
18.03855,1,18.4,1,0,0
15.72161,1,18.2,1,0,0
14.22442,1,18.0,1,0,0
21.52705,1,16.4,1,0,0
46.8461,1,18.6,1,0,0
62.11802,1,19.0,1,0,0
65.10063,1,19.6,1,0,0
61.34924,1,18.2,1,0,0
80.97217,1,19.5,1,0,0
44.26285,1,14.5,1,0,0
41.89802,1,15.3,1,0,0
58.72395,1,15.6,1,0,0
64.48904,1,17.4,1,0,0
62.19918,1,18.0,1,0,0
36.4423,1,14.7,1,0,0
27.63281,1,15.9,1,0,0
29.10989,1,13.7,1,0,0
24.31293,1,16.3,1,0,0
24.34818,1,14.7,1,0,0
19.52915,1,13.1,1,0,0
20.20864,1,14.3,1,0,0
11.29289,1,12.1,1,0,0
9.84075,1,9.9,1,0,0
7.62524,1,8.9,1,0,0
7.58476,1,7.3,1,0,0
8.27009,1,6.4,1,0,0
6.80301,1,6.7,1,0,0
6.54759,1,6.8,1,0,0
12.72212,1,6.7,1,0,0
20.02908,1,7.9,1,0,0
15.76146,1,7.7,1,0,0
16.55481,1,7.5,1,0,0
22.43272,1,8.3,1,0,0
45.49871,1,10.3,1,0,0
40.38241,1,12.7,1,0,0
38.12807,1,12.3,1,0,0
43.50533,1,13.1,1,0,0
49.69904,1,25.3,1,0,0
41.99781,1,24.9,1,0,0
47.45571,1,24.0,1,0,0
37.70283,1,20.0,1,0,0
35.77256,1,26.7,1,0,0
39.27193,1,22.8,1,0,0
30.90988,1,16.4,1,0,0
26.22083,1,12.8,1,0,0
11.46319,1,8.4,1,0,0
12.06857,1,8.2,1,0,0
13.22694,1,8.1,1,0,0
16.02038,1,9.7,1,0,0
19.00333,1,9.4,1,0,0
20.68596,1,10.2,1,0,0
31.6454,1,9.7,1,0,0
39.16427,1,14.0,1,0,0
29.36815,1,14.2,1,0,0
23.25274,1,12.4,1,0,0
20.37738,1,10.9,1,0,0
17.16144,1,10.4,1,0,0
14.84788,1,11.9,1,0,0
23.93195,1,14.2,1,0,0
29.72263,1,14.3,1,0,0
44.33212,1,15.5,1,0,0
44.82943,1,17.8,1,0,0
40.59225,1,17.2,1,0,0
33.67937,1,16.7,1,0,0
25.66198,1,14.7,1,0,0
22.21248,1,12.2,1,0,0
16.91779,1,10.6,1,0,0
25.72525,1,11.4,1,0,0
37.49512,1,13.6,1,0,0
36.34191,1,12.3,1,0,0
33.75377,1,11.1,1,0,0
32.48086,1,12.3,1,0,0
21.05183,1,10.2,1,0,0
18.62872,1,9.3,1,0,0
27.34278,1,12.8,1,0,0
29.53272,1,14.9,1,0,0
35.87001,1,16.7,1,0,0
39.25625,1,13.3,1,0,0
37.05429,1,12.8,1,0,0
37.89415,1,14.9,1,0,0
38.94745,1,16.1,1,0,0
42.35921,1,15.8,1,0,0
41.07418,1,13.5,1,0,0
41.20564,1,14.4,1,0,0
41.87464,1,16.2,1,0,0
44.16241,1,16.9,1,0,0
49.47885,1,18.0,1,0,0
49.25595,1,20.6,1,0,0
49.1397,1,18.5,1,0,0
48.04447,1,17.4,1,0,0
49.55614,1,19.5,1,0,0
49.14105,1,18.4,1,0,0
46.31385,1,16.5,1,0,0
42.24897,1,21.8,1,0,0
37.64955,1,17.2,1,0,0
35.99016,1,16.3,1,0,0
29.47302,1,16.1,1,0,0
32.31745,1,15.7,1,0,0
36.02978,1,17.1,1,0,0
53.52136,1,20.2,1,0,0
63.35963,1,20.0,1,0,0
78.54646,1,21.0,1,0,0
91.20422,1,25.7,1,0,0
71.00941,1,26.7,1,0,0
69.16968,1,24.1,1,0,0
58.02899,1,18.3,1,0,0
49.45154,1,20.5,1,0,0
70.97619,1,23.5,1,0,0
60.75899,1,21.6,1,0,0
60.57078,1,26.5,1,0,0
65.4937,1,26.0,1,0,0
69.39382,1,28.8,1,0,0
70.30843,1,26.9,1,0,0
62.1154,1,25.1,1,0,0
46.80151,1,23.2,1,0,0
40.17877,1,19.8,1,0,0
35.14804,1,18.5,1,0,0
25.8799,1,18.9,1,0,0
21.2886,1,15.6,1,0,0
22.48775,1,17.3,1,0,0
24.77349,1,20.4,1,0,0
27.84784,1,20.0,1,0,0
27.71896,1,17.7,1,0,0
37.54966,1,21.6,1,0,0
61.79975,1,21.7,1,0,0
61.61426,1,19.4,1,0,0
46.83118,1,21.2,1,0,0
34.4741,1,22.0,1,0,0
30.75531,1,22.7,1,0,0
30.75531,1,28.2,1,0,0
33.75633,1,19.1,1,0,0
28.52473,1,22.2,1,0,0
28.55683,1,20.3,1,0,0
29.07391,1,17.3,1,0,0
23.11034,1,13.7,1,0,0
20.56188,1,11.8,1,0,0
18.60509,1,10.4,1,0,0
15.16592,1,10.2,1,0,0
13.63611,1,10.9,1,0,0
12.51672,1,8.0,1,0,0
10.97845,1,9.7,1,0,0
9.91509,1,5.9,1,0,0
8.98437,1,3.3,1,0,0
8.837,1,3.0,1,0,0
8.68137,1,3.0,1,0,0
8.44624,1,1.4,1,0,0
9.21492,1,2.8,1,0,0
16.00801,1,3.9,1,0,0
30.93539,1,7.5,1,0,0
43.91371,1,9.3,1,0,0
37.93605,1,11.5,1,0,0
48.03094,1,15.2,1,0,0
42.92346,1,14.0,1,0,0
44.50004,1,17.4,1,0,0
52.85258,1,19.4,1,0,0
55.02343,1,42.1,1,0,0
62.68119,1,30.0,1,0,0
72.33803,1,18.7,1,0,0
70.8794,1,19.3,1,0,0
65.30243,1,18.8,1,0,0
61.60025,1,17.6,1,0,0
69.25019,1,20.6,1,0,0
50.0273,1,16.6,1,0,0
43.44852,1,11.2,1,0,0
36.9109,1,11.1,1,0,0
26.26987,1,12.4,1,0,0
25.70844,1,12.7,1,0,0
18.80936,1,13.2,1,0,0
17.4254,1,13.7,1,0,0
14.90358,1,13.9,1,0,0
19.10236,1,13.4,1,0,0
23.44991,1,16.8,1,0,0
22.38045,1,16.1,1,0,0
30.08399,1,16.3,1,0,0
37.67343,1,15.6,1,0,0
37.45162,1,13.8,1,0,0
39.56002,1,14.4,1,0,0
29.11734,1,12.8,1,0,0
26.22281,1,15.5,1,0,0
17.07491,1,5.1,1,0,0
17.18475,1,7.2,1,0,0
18.9881,1,9.5,1,0,0
21.53288,1,12.9,1,0,0
18.98892,1,11.2,1,0,0
21.76373,1,9.7,1,0,0
31.87438,1,15.6,1,0,0
17.07024,1,13.9,1,0,0
16.94467,1,11.1,1,0,0
20.82801,1,12.9,1,0,0
9.23906,1,11.8,1,0,0
8.30427,1,7.6,1,0,0
9.49321,1,10.2,1,0,0
14.71817,1,12.7,1,0,0
21.87786,1,11.5,1,0,0
25.85797,1,15.7,1,0,0
23.45936,1,13.6,1,0,0
22.18184,1,14.9,1,0,0
21.27135,1,13.3,1,0,0
22.00212,1,13.5,1,0,0
25.93651,1,9.7,1,0,0
22.9408,1,5.3,1,0,0
19.00933,1,6.6,1,0,0
18.14814,1,8.0,1,0,0
21.44659,1,5.8,1,0,0
26.93659,1,6.7,1,0,0
25.52422,1,5.5,1,0,0
16.53062,1,6.4,1,0,0
14.12888,1,5.1,1,0,0
13.55848,1,8.0,1,0,0
11.95795,1,7.3,1,0,0
13.16869,1,7.0,1,0,0
13.36012,1,8.8,1,0,0
11.1206,1,11.9,1,0,0
8.92674,1,10.8,1,0,0
10.59311,1,12.2,1,0,0
8.65879,1,17.7,1,0,0
8.93334,1,17.6,1,0,0
7.98742,1,18.1,1,0,0
7.11896,1,12.0,1,0,0
11.81577,1,12.5,1,0,0
20.4887,1,11.7,1,0,0
26.17891,1,15.7,1,0,0
30.60313,1,16.9,1,0,0
25.24904,1,18.9,1,0,0
27.52395,1,16.1,1,0,0
26.21731,1,15.8,1,0,0
27.53499,1,15.4,1,0,0
22.75124,1,20.4,1,0,0
37.97334,1,19.2,1,0,0
38.86628,1,24.2,1,0,0
34.65188,1,17.1,1,0,0
31.36103,1,17.8,1,0,0
35.28957,1,24.3,1,0,0
33.80434,1,24.6,1,0,0
24.62591,1,22.8,1,0,0
23.06084,1,20.8,1,0,0
21.53794,1,18.6,1,0,0
13.87418,1,19.4,1,0,0
14.91473,1,19.6,1,0,0
15.26233,1,20.2,1,0,0
13.78582,1,20.6,1,0,0
13.58054,1,17.8,1,0,0
13.56327,1,17.3,1,0,0
26.15415,1,17.0,1,0,0
36.25837,1,16.2,1,0,0
38.70369,1,17.2,1,0,0
40.21083,1,18.6,1,0,0
36.82823,1,15.2,1,0,0
34.12783,1,16.4,1,0,0
40.06155,1,17.7,1,0,0
36.59462,1,17.8,1,0,0
40.73799,1,17.6,1,0,0
44.91941,1,19.4,1,0,0
50.28893,1,20.4,1,0,0
61.02545,1,22.4,1,0,0
46.85893,1,23.5,1,0,0
34.56486,1,19.5,1,0,0
38.03039,1,22.7,1,0,0
36.0713,1,18.7,1,0,0
24.54597,1,16.7,1,0,0
19.69656,1,14.6,1,0,0
17.02913,1,14.6,1,0,0
13.21494,1,14.7,1,0,0
13.16794,1,15.2,1,0,0
13.26413,1,16.6,1,0,0
11.75926,1,15.9,1,0,0
12.28869,1,14.1,1,0,0
12.74861,1,12.0,1,0,0
20.47166,1,14.2,1,0,0
24.32342,1,13.8,1,0,0
23.81236,1,15.0,1,0,0
25.09741,1,12.1,1,0,0
22.29678,1,13.3,1,0,0
26.7339,1,10.9,1,0,0
30.2887,1,14.3,1,0,0
30.125,1,15.0,1,0,0
38.88315,1,15.4,1,0,0
39.20274,1,15.4,1,0,0
33.67363,1,12.8,1,0,0
37.37512,1,12.3,1,0,0
28.67998,1,15.2,1,0,0
30.85896,1,15.5,1,0,0
35.29609,1,16.8,1,0,0
26.78176,1,14.9,1,0,0
23.49021,1,16.1,1,0,0
19.41518,1,13.7,1,0,0
17.49238,1,13.1,1,0,0
17.2969,1,15.5,1,0,0
19.08506,1,14.8,1,0,0
15.21304,1,13.3,1,0,0
16.18304,1,13.8,1,0,0
24.8333,1,15.6,1,0,0
42.62031,1,14.9,1,0,0
72.13698,1,16.6,1,0,0
59.21832,1,17.2,1,0,0
42.82916,1,14.7,1,0,0
36.88187,1,13.2,1,0,0
41.06511,1,14.7,1,0,0
50.17107,1,15.2,1,0,0
50.55507,1,18.3,1,0,0
47.73467,1,15.2,1,0,0
37.26454,1,16.8,1,0,0
36.57241,1,16.6,1,0,0
37.69476,1,21.0,1,0,0
33.98245,1,22.8,1,0,0
26.82611,1,19.5,1,0,0
19.66545,1,17.1,1,0,0
16.52323,1,15.3,1,0,0
12.03763,1,15.5,1,0,0
6.8106,1,10.1,1,0,0
6.27337,1,8.5,1,0,0
5.20538,1,6.6,1,0,0
4.13069,1,5.2,1,0,0
4.04075,1,2.5,1,0,0
4.80564,1,6.5,1,0,0
6.35468,1,5.3,1,0,0
17.81745,1,6.1,1,0,0
20.79121,1,6.0,1,0,0
17.45489,1,4.8,1,0,0
18.65961,1,4.0,1,0,0
19.8598,1,3.3,1,0,0
18.337,1,7.2,1,0,0
20.06153,1,5.1,1,0,0
24.27078,1,7.3,1,0,0
17.31525,1,5.9,1,0,0
18.03494,1,6.0,1,0,0
19.85479,1,8.6,1,0,0
20.74937,1,8.0,1,0,0
13.32437,1,7.0,1,0,0
10.82295,1,5.8,1,0,0
10.08952,1,7.2,1,0,0
7.93332,1,3.2,1,0,0
7.17453,1,4.9,1,0,0
5.45068,1,7.2,1,0,0
4.20052,1,4.6,1,0,0
3.00159,1,5.1,1,0,0
3.43766,1,8.8,1,0,0
3.60175,1,5.7,1,0,0
6.33355,1,2.9,1,0,0
7.74774,1,3.8,1,0,0
14.56495,1,6.5,1,0,0
12.67953,1,9.6,1,0,0
16.93575,1,9.9,1,0,0
20.16367,1,9.7,1,0,0
24.37725,1,5.9,1,0,0
25.93277,1,11.6,1,0,0
21.33639,1,12.9,1,0,0
33.93577,1,15.5,1,0,0
25.6905,1,14.1,1,0,0
21.82026,1,16.8,1,0,0
22.01969,1,21.5,1,0,0
28.26285,1,19.1,1,0,0
25.56542,1,20.5,1,0,0
14.47187,1,9.2,1,0,0
14.4546,1,14.2,1,0,0
15.99833,1,14.1,1,0,0
15.02421,1,13.3,1,0,0
12.78885,1,9.8,1,0,0
9.22481,1,8.0,1,0,0
9.06944,1,9.3,1,0,0
8.14814,1,12.5,1,0,0
8.6879,1,11.0,1,0,0
10.03925,1,8.5,1,0,0
8.18487,1,8.4,1,0,0
13.63232,1,11.6,1,0,0
15.39462,1,11.1,1,0,0
22.74556,1,11.4,1,0,0
20.37368,1,9.9,1,0,0
29.69808,1,11.5,1,0,0
35.23299,1,13.4,1,0,0
29.31785,1,15.3,1,0,0
38.90256,1,13.0,1,0,0
35.7723,1,13.1,1,0,0
47.74923,1,19.0,1,0,0
48.27649,1,22.7,1,0,0
35.98488,1,21.7,1,0,0
36.38327,1,23.1,1,0,0
31.5122,1,22.9,1,0,0
24.21287,1,16.1,1,0,0
22.8522,1,18.0,1,0,0
20.08915,1,13.1,1,0,0
17.59076,1,14.1,1,0,0
16.33384,1,11.1,1,0,0
13.65898,1,13.0,1,0,0
13.64218,1,12.9,1,0,0
13.07899,1,13.1,1,0,0
18.30914,1,10.4,1,0,0
26.68084,1,14.2,1,0,0
45.79756,1,15.4,1,0,0
50.51868,1,16.3,1,0,0
48.83513,1,15.5,1,0,0
45.95798,1,17.5,1,0,0
46.56575,1,10.1,1,0,0
38.31152,1,6.2,1,0,0
47.69239,1,9.8,1,0,0
59.55004,1,13.6,1,0,0
57.18008,1,13.0,1,0,0
48.21369,1,13.7,1,0,0
60.53162,1,16.3,1,0,0
60.19818,1,19.3,1,0,0
69.95744,1,25.5,1,0,0
71.70108,1,29.2,1,0,0
59.97783,1,29.3,1,0,0
51.66563,1,21.6,1,0,0
40.83853,1,17.6,1,0,0
32.59695,1,14.3,1,0,0
22.34465,1,10.4,1,0,0
19.01091,1,10.4,1,0,0
11.22081,1,6.6,1,0,0
12.30291,1,3.2,1,0,0
12.40161,1,5.9,1,0,0
28.12622,1,10.5,1,0,0
54.0359,1,12.8,1,0,0
65.71521,1,13.7,1,0,0
74.13642,1,18.7,1,0,0
99.05857,1,18.7,1,0,0
78.80235,1,20.8,1,0,0
64.26161,1,19.2,1,0,0
75.39786,1,20.6,1,0,0
73.99475,1,22.5,1,0,0
92.66614,1,40.6,1,0,0
86.2099,1,34.1,1,0,0
95.9308,1,42.0,1,0,0
98.29279,1,41.9,1,0,0
92.98224,1,50.2,1,0,0
80.31964,1,39.7,1,0,0
61.45536,1,34.4,1,0,0
52.89981,1,23.2,1,0,0
43.48869,1,21.9,1,0,0
30.45404,1,16.9,1,0,0
32.35201,1,16.7,1,0,0
31.34894,1,13.5,1,0,0
23.3922,1,8.8,1,0,0
18.8301,1,11.1,1,0,0
30.59048,1,12.7,1,0,0
54.75283,1,9.5,1,0,0
53.66036,1,5.9,1,0,0
52.36512,1,6.1,1,0,0
52.6704,1,8.0,1,0,0
55.62291,1,10.0,1,0,0
49.72358,1,7.9,1,0,0
46.01042,1,7.7,1,0,0
40.0308,1,8.0,1,0,0
34.42884,1,9.1,1,0,0
38.65028,1,6.3,1,0,0
38.81439,1,7.2,1,0,0
49.73839,1,10.3,1,0,0
42.64687,1,9.9,1,0,0
44.89139,1,10.6,1,0,0
40.69659,1,13.7,1,0,0
31.99045,1,11.6,1,0,0
32.35573,1,10.8,1,0,0
12.06116,1,10.7,1,0,0
8.9743,1,12.2,1,0,0
13.93117,1,13.6,1,0,0
4.78208,1,11.0,1,0,0
3.32343,1,9.2,1,0,0
7.10621,1,8.2,1,0,0
7.38216,1,5.6,1,0,0
8.91778,1,7.9,1,0,0
15.33699,1,9.2,1,0,0
13.17581,1,9.1,1,0,0
16.6154,1,11.6,1,0,0
13.4275,1,11.1,1,0,0
13.13225,1,9.0,1,0,0
11.42374,1,7.2,1,0,0
10.45829,1,9.2,1,0,0
8.94021,1,10.6,1,0,0
8.30744,1,11.8,1,0,0
5.89176,1,9.4,1,0,0
8.52399,1,9.2,1,0,0
10.6487,1,9.9,1,0,0
10.87595,1,11.4,1,0,0
9.22162,1,11.4,1,0,0
9.28623,1,10.5,1,0,0
13.21462,1,9.4,1,0,0
11.09823,1,9.3,1,0,0
7.31862,1,8.4,1,0,0
12.67298,1,9.0,1,0,0
15.12211,1,8.7,1,0,0
26.02528,1,8.1,1,0,0
30.77579,1,10.5,1,0,0
13.78299,1,6.0,1,0,0
10.69685,1,6.2,1,0,0
15.15905,1,6.1,1,0,0
15.83026,1,8.7,1,0,0
24.4138,1,9.5,1,0,0
23.44526,1,11.8,1,0,0
31.06916,1,11.8,1,0,0
15.91246,1,8.5,1,0,0
14.45279,1,9.4,1,0,0
14.16371,1,10.2,1,0,0
21.88458,1,15.8,1,0,0
15.56123,1,11.0,1,0,0
38.15808,1,16.8,1,0,0
51.13128,1,28.0,1,0,0
49.46707,1,29.9,1,0,0
43.78633,1,21.8,1,0,0
36.65462,1,22.8,1,0,0
25.49819,1,19.0,1,0,0
16.07559,1,11.0,1,0,0
18.12025,1,11.3,1,0,0
12.39247,1,9.0,1,0,0
10.03969,1,5.1,1,0,0
7.01316,1,2.1,1,0,0
6.37917,1,3.6,1,0,0
5.32866,1,2.3,1,0,0
7.74208,1,4.6,1,0,0
11.65463,1,3.1,1,0,0
12.47324,1,6.8,1,0,0
8.64384,1,13.9,1,0,0
5.57628,1,17.5,1,0,0
9.34674,1,11.6,1,0,0
9.47476,1,10.6,1,0,0
9.37914,1,8.3,1,0,0
11.83663,1,3.3,1,0,0
15.17733,1,3.3,1,0,0
14.47574,1,4.5,1,0,0
13.12303,1,6.4,1,0,0
8.61013,1,5.4,1,0,0
5.82596,1,8.0,1,0,0
4.70237,1,9.7,1,0,0
3.7403,1,-0.2,1,0,0
3.0496,1,2.2,1,0,0
2.97783,1,-0.5,1,0,0
3.38468,1,-2.2,1,0,0
3.56834,1,-2.6,1,0,0
3.08893,1,0.5,1,0,0
2.07931,1,-0.9,1,0,0
2.13406,1,3.3,1,0,0
1.77618,1,1.6,1,0,0
3.50324,1,5.0,1,0,0
7.38676,1,9.6,1,0,0
21.83352,1,10.7,1,0,0
43.88067,1,12.6,1,0,0
20.41107,1,14.6,1,0,0
18.20411,1,13.4,1,0,0
15.81809,1,14.7,1,0,0
15.66471,1,17.0,1,0,0
21.06931,1,10.7,1,0,0
32.03992,1,14.1,1,0,0
33.6488,1,15.2,1,0,0
43.16301,1,14.5,1,0,0
49.64195,1,20.4,1,0,0
46.48178,1,23.1,1,0,0
38.55042,1,24.9,1,0,0
35.34302,1,23.1,1,0,0
36.98072,1,22.0,1,0,0
35.12468,1,21.1,1,0,0
23.5352,1,15.7,1,0,0
15.87247,1,11.7,1,0,0
16.78762,1,15.7,1,0,0
17.19989,1,15.5,1,0,0
18.13041,1,20.2,1,0,0
22.20891,1,19.9,1,0,0
27.50502,1,23.0,1,0,0
38.66262,1,22.0,1,0,0
42.41181,1,21.0,1,0,0
37.7466,1,20.1,1,0,0
34.14115,1,17.6,1,0,0
31.28939,1,19.4,1,0,0
24.073,1,22.3,1,0,0
20.18175,1,16.5,1,0,0
14.65811,1,14.1,1,0,0
22.28355,1,16.1,1,0,0
30.21635,1,18.0,1,0,0
27.04912,1,16.5,1,0,0
23.30343,1,17.1,1,0,0
24.8952,1,16.2,1,0,0
24.59122,1,17.7,1,0,0
19.97852,1,16.8,1,0,0
18.57617,1,19.7,1,0,0
21.40171,1,21.0,1,0,0
13.74592,1,14.6,1,0,0
14.25812,1,13.6,1,0,0
10.66622,1,13.5,1,0,0
12.50687,1,11.3,1,0,0
15.15784,1,8.4,1,0,0
22.21584,1,6.1,1,0,0
16.03043,1,6.4,1,0,0
15.18665,1,7.2,1,0,0
12.20938,1,8.5,1,0,0
18.37603,1,10.5,1,0,0
23.3257,1,10.3,1,0,0
16.87326,1,10.2,1,0,0
16.60439,1,9.4,1,0,0
16.28265,1,9.9,1,0,0
12.98999,1,9.8,1,0,0
13.9498,1,10.4,1,0,0
15.84219,1,9.6,1,0,0
23.16789,1,10.4,1,0,0
28.336,1,13.7,1,0,0
23.76295,1,11.0,1,0,0
17.88482,1,10.3,1,0,0
22.74149,1,11.5,1,0,0
24.39927,1,12.6,1,0,0
15.26096,1,8.4,1,0,0
11.88886,1,8.6,1,0,0
13.36937,1,6.8,1,0,0
26.36647,1,7.9,1,0,0
20.83382,1,7.6,1,0,0
23.71422,1,8.0,1,0,0
25.33567,1,6.8,1,0,0
46.03201,1,9.6,1,0,0
62.06788,1,12.0,1,0,0
65.38238,1,11.0,1,0,0
59.60844,1,13.6,1,0,0
69.97741,1,16.5,1,0,0
52.03429,1,15.4,1,0,0
52.2198,1,34.4,1,0,0
46.20746,1,10.6,1,0,0
38.07029,1,11.8,1,0,0
64.08376,1,16.2,1,0,0
54.07758,1,18.5,1,0,0
48.50893,1,18.2,1,0,0
43.50391,1,18.3,1,0,0
54.70714,1,22.8,1,0,0
54.4735,1,22.2,1,0,0
73.91306,1,29.5,1,0,0
62.76052,1,23.3,1,0,0
49.30151,1,18.4,1,0,0
42.0024,1,19.2,1,0,0
21.84786,1,13.2,1,0,0
26.68563,1,12.4,1,0,0
18.18215,1,10.9,1,0,0
27.0976,1,13.2,1,0,0
45.05722,1,14.4,1,0,0
58.26236,1,15.0,1,0,0
80.71929,1,18.9,1,0,0
84.59932,1,18.3,1,0,0
99.68605,1,22.8,1,0,0
103.21147,1,26.6,1,0,0
97.73314,1,25.0,1,0,0
47.7029,1,14.9,1,0,0
26.42086,1,10.5,1,0,0
26.42165,1,10.5,1,0,0
48.38846,1,15.7,1,0,0
63.94178,1,28.7,1,0,0
54.05227,1,28.9,1,0,0
55.19,1,37.2,1,0,0
55.95125,1,33.1,1,0,0
49.9781,1,36.6,1,0,0
42.8977,1,29.4,1,0,0
34.61472,1,28.7,1,0,0
30.49989,1,28.9,1,0,0
23.8853,1,29.1,1,0,0
19.20707,1,17.1,1,0,0
11.88704,1,13.4,1,0,0
13.24808,1,10.7,1,0,0
14.16547,1,6.8,1,0,0
10.95131,1,6.4,1,0,0
9.54406,1,6.1,1,0,0
7.84309,1,8.6,1,0,0
10.30251,1,9.5,1,0,0
10.01335,1,8.0,1,0,0
8.57477,1,7.5,1,0,0
11.13721,1,5.9,1,0,0
7.46918,1,7.0,1,0,0
8.83089,1,8.4,1,0,0
8.27037,1,10.5,1,0,0
8.95034,1,10.6,1,0,0
8.76668,1,8.6,1,0,0
7.37015,1,7.8,1,0,0
8.13198,1,8.6,1,0,0
10.9861,1,9.0,1,0,0
10.77845,1,9.6,1,0,0
9.59723,1,8.6,1,0,0
11.96586,1,8.1,1,0,0
20.3897,1,7.4,1,0,0
11.51915,1,6.7,1,0,0
11.51915,1,4.3,1,0,0
9.20693,1,5.5,1,0,0
15.88772,1,5.4,1,0,0
9.84137,1,3.0,1,0,0
12.51381,1,4.4,1,0,0
24.17961,1,4.6,1,0,0
36.75949,1,5.9,1,0,0
55.57508,1,10.2,1,0,0
34.14214,1,7.5,1,0,0
18.33164,1,9.6,1,0,0
17.43354,1,8.3,1,0,0
17.60361,1,6.9,1,0,0
10.37361,1,7.3,1,0,0
15.00811,1,8.6,1,0,0
15.7374,1,9.3,1,0,0
16.30514,1,7.7,1,0,0
17.64787,1,10.1,1,0,0
17.23788,1,8.5,1,0,0
13.86867,1,8.4,1,0,0
14.78429,1,8.4,1,0,0
13.01418,1,7.7,1,0,0
21.99165,1,8.6,1,0,0
10.89343,1,7.7,1,0,0
10.65483,1,8.3,1,0,0
7.39867,1,7.3,1,0,0
12.20714,1,8.7,1,0,0
6.10693,1,6.3,1,0,0
6.92572,1,6.4,1,0,0
9.7559,1,6.4,1,0,0
12.84052,1,4.9,1,0,0
19.14894,1,7.0,1,0,0
28.80384,1,5.2,1,0,0
36.61371,1,8.6,1,0,0
26.5737,1,6.8,1,0,0
28.57031,1,10.5,1,0,0
31.58274,1,10.8,1,0,0
34.81663,1,10.8,1,0,0
32.48206,1,11.1,1,0,0
48.03919,1,15.1,1,0,0
58.33062,1,15.0,1,0,0
41.17305,1,18.7,1,0,0
37.05819,1,14.6,1,0,0
54.11643,1,20.0,1,0,0
46.54376,1,21.2,1,0,0
33.03686,1,14.7,1,0,0
33.64659,1,8.2,1,0,0
20.53051,1,8.9,1,0,0
24.40032,1,6.4,1,0,0
29.64811,1,7.2,1,0,0
14.82219,1,6.6,1,0,0
8.1785,1,9.9,1,0,0
7.93495,1,7.2,1,0,0
39.02115,1,9.1,1,0,0
34.89827,1,10.1,1,0,0
46.89628,1,11.5,1,0,0
56.10059,1,13.1,1,0,0
60.83727,1,16.0,1,0,0
50.17174,1,15.3,1,0,0
64.35361,1,20.1,1,0,0
49.1286,1,17.8,1,0,0
42.898,1,14.8,1,0,0
34.90955,1,14.8,1,0,0
47.77611,1,14.6,1,0,0
46.69633,1,14.5,1,0,0
55.77779,1,14.5,1,0,0
41.45602,1,12.6,1,0,0
42.15959,1,9.2,1,0,0
29.78232,1,9.5,1,0,0
24.23586,1,8.7,1,0,0
23.13268,1,7.1,1,0,0
26.18876,1,6.1,1,0,0
26.18876,1,6.6,1,0,0
15.21883,1,5.0,1,0,0
19.76535,1,6.0,1,0,0
14.75582,1,5.8,1,0,0
17.19169,1,6.2,1,0,0
37.97203,1,4.9,1,0,0
71.93951,1,10.1,1,0,0
38.57958,1,9.5,1,0,0
47.26248,1,9.8,1,0,0
51.41969,1,11.7,1,0,0
49.23984,1,10.7,1,0,0
40.01032,1,11.4,1,0,0
33.26301,1,11.3,1,0,0
39.27145,1,9.7,1,0,0
47.63466,1,10.6,1,0,0
44.36927,1,10.5,1,0,0
46.68491,1,7.9,1,0,0
33.42578,1,8.1,1,0,0
25.80689,1,9.1,1,0,0
39.69303,1,9.1,1,0,0
40.75199,1,9.7,1,0,0
41.28704,1,8.7,1,0,0
34.59437,1,10.6,1,0,0
25.72363,1,5.8,1,0,0
28.76577,1,4.5,1,0,0
14.61549,1,7.3,1,0,0
18.60039,1,8.5,1,0,0
17.84918,1,6.4,1,0,0
17.56525,1,6.0,1,0,0
24.71164,1,6.6,1,0,0
24.19218,1,8.4,1,0,0
46.42948,1,11.0,1,0,0
37.12448,1,9.5,1,0,0
40.53346,1,12.9,1,0,0
32.36187,1,12.7,1,0,0
30.3084,1,11.7,1,0,0
49.04164,1,15.2,1,0,0
25.9326,1,10.5,1,0,0
18.92711,1,8.9,1,0,0
23.87945,1,17.6,1,0,0
36.66711,1,7.1,1,0,0
39.43928,1,12.1,1,0,0
32.50068,1,14.6,1,0,0
36.48114,1,13.8,1,0,0
27.64093,1,12.2,1,0,0
26.65564,1,11.6,1,0,0
31.03924,1,11.5,1,0,0
33.30055,1,11.7,1,0,0
31.97752,1,9.2,1,0,0
30.98109,1,8.9,1,0,0
29.42333,1,11.2,1,0,0
30.01811,1,10.0,1,0,0
29.017,1,10.9,1,0,0
27.48103,1,9.8,1,0,0
51.87918,1,10.2,1,0,0
74.71871,1,16.8,1,0,0
73.10577,1,14.5,1,0,0
73.10577,1,24.2,1,0,0
34.90412,1,24.2,1,0,0
49.84407,1,24.2,1,0,0
46.91985,1,24.2,1,0,0
54.32909,1,17.4,1,0,0
50.41246,1,22.0,1,0,0
57.61702,1,30.3,1,0,0
55.80155,1,24.9,1,0,0
52.16092,1,28.4,1,0,0
51.16985,1,29.8,1,0,0
41.68213,1,22.7,1,0,0
26.56783,1,11.9,1,0,0
17.80175,1,5.6,1,0,0
12.21158,1,7.0,1,0,0
8.6251,1,6.8,1,0,0
11.76499,1,6.7,1,0,0
9.2495,1,4.4,1,0,0
8.27572,1,3.1,1,0,0
11.55299,1,9.4,1,0,0
29.79523,1,6.0,1,0,0
24.55441,1,3.8,1,0,0
39.94012,1,6.4,1,0,0
40.52483,1,4.6,1,0,0
33.67096,1,5.4,1,0,0
24.41242,1,4.7,1,0,0
23.00557,1,6.2,1,0,0
29.20902,1,6.3,1,0,0
35.24563,1,7.9,1,0,0
43.08127,1,7.7,1,0,0
26.47862,1,8.6,1,0,0
27.10001,1,9.1,1,0,0
39.09651,1,11.0,1,0,0
42.14012,1,11.2,1,0,0
44.0027,1,14.5,1,0,0
31.02315,1,16.6,1,0,0
16.61474,1,16.8,1,0,0
16.6256,1,14.1,1,0,0
25.0807,1,15.6,1,0,0
18.4752,1,15.0,1,0,0
25.31392,1,13.9,1,0,0
37.11831,1,13.6,1,0,0
28.46018,1,11.4,1,0,0
38.03138,1,12.7,1,0,0
36.97265,1,10.3,1,0,0
35.03197,1,12.4,1,0,0
68.32844,1,14.8,1,0,0
74.4464,1,18.2,1,0,0
80.09214,1,20.5,1,0,0
74.71445,1,18.5,1,0,0
34.52393,1,13.8,1,0,0
27.16852,1,17.3,1,0,0
34.84351,1,18.3,1,0,0
52.06675,1,25.7,1,0,0
64.58394,1,24.2,1,0,0
61.82018,1,26.7,1,0,0
66.18782,1,32.1,1,0,0
61.1979,1,29.5,1,0,0
55.15488,1,27.1,1,0,0
45.9111,1,20.0,1,0,0
35.25226,1,13.6,1,0,0
50.2882,1,13.7,1,0,0
16.48222,1,9.6,1,0,0
7.24731,1,8.2,1,0,0
8.63443,1,6.7,1,0,0
5.64531,1,5.0,1,0,0
5.99286,1,8.3,1,0,0
7.64657,1,7.6,1,0,0
6.64487,1,8.3,1,0,0
14.94822,1,9.0,1,0,0
43.59595,1,9.6,1,0,0
45.30348,1,11.3,1,0,0
16.59871,1,10.2,1,0,0
14.17777,1,7.5,1,0,0
23.23751,1,6.5,1,0,0
26.25532,1,8.5,1,0,0
23.14031,1,10.6,1,0,0
42.58561,1,13.1,1,0,0
37.73198,1,13.6,1,0,0
33.47622,1,12.3,1,0,0
25.19279,1,11.7,1,0,0
20.91448,1,10.2,1,0,0
22.82955,1,12.2,1,0,0
21.40667,1,6.6,1,0,0
12.67476,1,6.6,1,0,0
5.87211,1,4.5,1,0,0
2.77978,1,5.4,1,0,0
3.23762,1,6.3,1,0,0
3.15297,1,7.9,1,0,0
2.18207,1,8.0,1,0,0
4.72602,1,8.2,1,0,0
4.28627,1,7.3,1,0,0
12.08786,1,7.0,1,0,0
24.50886,1,8.0,1,0,0
14.30487,1,4.0,1,0,0
12.39527,1,3.9,1,0,0
12.93422,1,3.8,1,0,0
16.28872,1,3.4,1,0,0
20.83952,1,5.9,1,0,0
23.4181,1,4.6,1,0,0
25.94098,1,7.4,1,0,0
23.056,1,6.8,1,0,0
22.7574,1,8.3,1,0,0
15.99026,1,8.4,1,0,0
14.7714,1,6.5,1,0,0
14.24565,1,7.0,1,0,0
9.49157,1,4.0,1,0,0
6.19048,1,4.2,1,0,0
8.02111,1,4.5,1,0,0
7.13578,1,6.1,1,0,0
5.86638,1,5.8,1,0,0
6.81973,1,5.6,1,0,0
6.15973,1,4.5,1,0,0
7.78709,1,5.9,1,0,0
11.03702,1,6.1,1,0,0
12.77222,1,7.2,1,0,0
16.51842,1,6.8,1,0,0
23.62977,1,7.7,1,0,0
34.45957,1,11.6,1,0,0
34.23728,1,11.8,1,0,0
19.4633,1,13.3,1,0,0
10.7804,1,10.9,1,0,0
7.6069,1,13.4,1,0,0
9.15137,1,14.6,1,0,0
10.74238,1,15.1,1,0,0
29.23443,1,18.8,1,0,0
67.18256,1,22.5,1,0,0
61.69777,1,22.7,1,0,0
49.35657,1,22.2,1,0,0
52.27523,1,23.9,1,0,0
65.37095,1,25.1,1,0,0
67.50539,1,28.6,1,0,0
63.26554,1,31.5,1,0,0
44.92566,1,20.3,1,0,0
42.35502,1,20.2,1,0,0
36.17231,1,15.3,1,0,0
34.71416,1,13.7,1,0,0
26.97043,1,12.6,1,0,0
34.02308,1,16.3,1,0,0
47.645,1,15.0,1,0,0
61.84845,1,16.2,1,0,0
66.35058,1,18.0,1,0,0
77.9842,1,23.9,1,0,0
74.38451,1,24.2,1,0,0
68.17095,1,27.6,1,0,0
68.05647,1,28.6,1,0,0
55.9459,1,19.6,1,0,0
52.13976,1,23.2,1,0,0
64.75024,1,23.7,1,0,0
58.19879,1,19.9,1,0,0
68.03675,1,24.5,1,0,0
66.77609,1,31.1,1,0,0
50.66933,1,25.7,1,0,0
35.85493,1,14.8,1,0,0
40.92281,1,14.2,1,0,0
37.8201,1,16.6,1,0,0
33.27667,1,11.7,1,0,0
36.84073,1,12.3,1,0,0
41.81953,1,14.9,1,0,0
40.42155,1,15.0,1,0,0
25.29772,1,10.0,1,0,0
18.65394,1,7.2,1,0,0
14.28827,1,5.6,1,0,0
19.7423,1,6.7,1,0,0
28.48253,1,7.2,1,0,0
47.85114,1,8.4,1,0,0
76.09032,1,9.8,1,0,0
73.76928,1,12.8,1,0,0
56.18972,1,9.5,1,0,0
51.59079,1,9.1,1,0,0
56.75848,1,11.1,1,0,0
47.15472,1,13.8,1,0,0
55.61341,1,14.3,1,0,0
57.54338,1,9.7,1,0,0
52.75533,1,9.3,1,0,0
50.00569,1,16.1,1,0,0
37.73737,1,10.8,1,0,0
39.04537,1,13.1,1,0,0
34.85079,1,14.6,1,0,0
34.31378,1,16.8,1,0,0
36.07131,1,18.5,1,0,0
32.47511,1,18.5,1,0,0
31.95008,1,17.3,1,0,0
29.28677,1,17.5,1,0,0
26.72158,1,15.9,1,0,0
19.07683,1,11.2,1,0,0
25.574,1,11.2,1,0,0
20.30457,1,9.4,1,0,0
32.95775,1,6.9,1,0,0
43.72424,1,9.8,1,0,0
54.39233,1,10.2,1,0,0
70.02381,1,24.8,1,0,0
78.58437,1,20.2,1,0,0
61.60852,1,14.9,1,0,0
61.04983,1,14.4,1,0,0
71.91295,1,25.8,1,0,0
66.82322,1,16.6,1,0,0
62.72441,1,11.1,1,0,0
56.69366,1,13.9,1,0,0
61.72172,1,15.0,1,0,0
62.00477,1,15.6,1,0,0
52.64905,1,21.9,1,0,0
42.82929,1,18.4,1,0,0
30.4718,1,20.2,1,0,0
25.31214,1,15.4,1,0,0
19.43619,1,12.7,1,0,0
17.08726,1,12.4,1,0,0
22.56064,1,13.2,1,0,0
24.14089,1,12.1,1,0,0
23.34774,1,12.0,1,0,0
21.22672,1,11.6,1,0,0
16.18383,1,8.2,1,0,0
9.37212,1,4.4,1,0,0
8.72169,1,2.8,1,0,0
11.91258,1,4.8,1,0,0
15.87749,1,3.9,1,0,0
21.6162,1,4.7,1,0,0
23.41991,1,5.5,1,0,0
34.8601,1,9.4,1,0,0
38.31735,1,14.8,1,0,0
26.02663,1,11.9,1,0,0
19.51073,1,13.9,1,0,0
36.80276,1,21.0,1,0,0
29.78089,1,19.1,1,0,0
24.11593,1,17.4,1,0,0
16.73865,1,19.0,1,0,0
15.41729,1,22.9,1,0,0
15.04281,1,22.7,1,0,0
7.7067,1,20.9,1,0,0
3.91096,1,18.0,1,0,0
2.93736,1,15.7,1,0,0
3.80715,1,17.6,1,0,0
2.38349,1,9.7,1,0,0
14.15104,1,8.4,1,0,0
8.43859,1,5.3,1,0,0
6.66001,1,8.2,1,0,0
10.85145,1,10.0,1,0,0
14.23655,1,10.8,1,0,0
17.5454,1,12.1,1,0,0
31.18684,1,15.8,1,0,0
16.17676,1,14.3,1,0,0
17.2226,1,14.4,1,0,0
11.73184,1,13.0,1,0,0
9.56263,1,15.9,1,0,0
17.16834,1,15.8,1,0,0
20.26687,1,19.1,1,0,0
37.30464,1,21.6,1,0,0
32.75401,1,21.2,1,0,0
41.62577,1,28.8,1,0,0
53.39957,1,31.1,1,0,0
31.65344,1,25.7,1,0,0
30.70558,1,20.4,1,0,0
10.54234,1,15.4,1,0,0
5.70564,1,10.5,1,0,0
3.1748,1,7.8,1,0,0
5.09049,1,5.9,1,0,0
4.0932,1,5.6,1,0,0
5.30471,1,8.9,1,0,0
3.04831,1,6.5,1,0,0
4.67679,1,7.0,1,0,0
12.61816,1,6.9,1,0,0
18.17859,1,8.1,1,0,0
27.89074,1,9.3,1,0,0
32.71891,1,9.8,1,0,0
27.81319,1,10.0,1,0,0
32.92093,1,9.9,1,0,0
40.28285,1,8.3,1,0,0
35.93156,1,11.1,1,0,0
28.76733,1,8.9,1,0,0
36.00159,1,11.3,1,0,0
38.53391,1,10.8,1,0,0
48.55771,1,12.5,1,0,0
35.72216,1,13.7,1,0,0
28.70336,1,16.5,1,0,0
26.47667,1,10.3,1,0,0
31.7163,1,10.5,1,0,0
29.40746,1,9.0,1,0,0
17.54703,1,4.7,1,0,0
14.20054,1,3.7,1,0,0
14.82302,1,2.3,1,0,0
15.36815,1,3.1,1,0,0
16.64649,1,3.6,1,0,0
19.77708,1,5.2,1,0,0
23.98709,1,6.0,1,0,0
35.20885,1,5.8,1,0,0
54.64497,1,7.4,1,0,0
66.23946,1,11.1,1,0,0
60.89651,1,8.5,1,0,0
53.63949,1,9.6,1,0,0
48.52829,1,7.3,1,0,0
59.32429,1,7.2,1,0,0
39.98382,1,9.5,1,0,0
21.86703,1,7.8,1,0,0
27.75614,1,6.5,1,0,0
25.93203,1,4.0,1,0,0
22.46334,1,6.2,1,0,0
21.43223,1,6.4,1,0,0
16.22656,1,5.1,1,0,0
13.50626,1,4.6,1,0,0
7.80981,1,2.1,1,0,0
7.74201,1,3.2,1,0,0
7.51005,1,4.5,1,0,0
6.40555,1,4.4,1,0,0
4.68811,1,1.5,1,0,0
6.24606,1,2.8,1,0,0
6.80426,1,2.8,1,0,0
6.48722,1,2.0,1,0,0
7.01545,1,4.2,1,0,0
11.24611,1,3.5,1,0,0
21.44857,1,5.3,1,0,0
23.06608,1,5.6,1,0,0
20.68377,1,5.0,1,0,0
22.65561,1,5.3,1,0,0
21.1886,1,5.1,1,0,0
21.37112,1,3.0,1,0,0
17.7824,1,4.4,1,0,0
16.45312,1,6.8,1,0,0
17.02337,1,5.4,1,0,0
17.52343,1,6.4,1,0,0
18.84038,1,7.5,1,0,0
14.54678,1,6.9,1,0,0
13.2992,1,5.2,1,0,0
11.17762,1,4.2,1,0,0
15.43238,1,4.2,1,0,0
18.80793,1,3.7,1,0,0
7.49304,1,0.4,1,0,0
3.02821,1,1.7,1,0,0
2.87367,1,4.2,1,0,0
1.40712,1,6.9,1,0,0
1.2518,1,6.9,1,0,0
1.59489,1,6.3,1,0,0
2.8313,1,7.1,1,0,0
7.94197,1,8.7,1,0,0
19.88025,1,9.2,1,0,0
18.08588,1,6.9,1,0,0
15.67978,1,9.3,1,0,0
14.77767,1,8.6,1,0,0
19.48912,1,10.0,1,0,0
13.43997,1,7.7,1,0,0
19.13804,1,9.3,1,0,0
14.21263,1,10.8,1,0,0
15.02632,1,13.5,1,0,0
21.5993,1,15.8,1,0,0
22.75225,1,20.7,1,0,0
40.69953,1,24.4,1,0,0
20.16187,1,15.5,1,0,0
12.46602,1,15.4,1,0,0
9.7202,1,14.3,1,0,0
7.17183,1,13.3,1,0,0
4.44036,1,13.4,1,0,0
2.89436,1,12.5,1,0,0
3.34043,1,14.1,1,0,0
3.40234,1,10.9,1,0,0
3.15625,1,14.4,1,0,0
3.41662,1,13.9,1,0,0
4.73217,1,14.8,1,0,0
9.38139,1,14.3,1,0,0
19.72257,1,18.4,1,0,0
21.02285,1,18.1,1,0,0
18.97346,1,17.7,1,0,0
17.07343,1,17.7,1,0,0
13.49613,1,17.1,1,0,0
14.47793,1,14.3,1,0,0
14.47793,1,17.1,1,0,0
20.07802,1,14.0,1,0,0
18.81666,1,15.5,1,0,0
34.00443,1,18.2,1,0,0
49.63634,1,24.1,1,0,0
51.98693,1,22.1,1,0,0
59.42403,1,24.6,1,0,0
63.90989,1,26.2,1,0,0
65.21613,1,25.7,1,0,0
60.73674,1,22.6,1,0,0
58.63602,1,19.5,1,0,0
48.57309,1,16.9,1,0,0
32.86496,1,15.2,1,0,0
33.51588,1,12.5,1,0,0
31.0352,1,11.2,1,0,0
30.16206,1,11.4,1,0,0
27.17889,1,10.8,1,0,0
36.01114,1,9.7,1,0,0
66.51316,1,13.5,1,0,0
75.38257,1,17.6,1,0,0
64.01628,1,17.1,1,0,0
38.60184,1,11.4,1,0,0
38.38956,1,10.7,1,0,0
15.56106,1,8.0,1,0,0
27.03723,1,10.2,1,0,0
39.04703,1,13.1,1,0,0
23.14121,1,14.8,1,0,0
27.01092,1,9.9,1,0,0
49.47028,1,28.5,1,0,0
46.44096,1,22.9,1,0,0
34.6261,1,15.5,1,0,0
30.33177,1,15.4,1,0,0
20.70019,1,13.6,1,0,0
14.80766,1,12.0,1,0,0
33.64891,1,12.9,1,0,0
13.98085,1,11.0,1,0,0
14.42211,1,11.1,1,0,0
22.7174,1,10.6,1,0,0
14.86793,1,10.1,1,0,0
16.78225,1,11.2,1,0,0
33.38594,1,15.1,1,0,0
28.72435,1,14.6,1,0,0
41.88252,1,16.0,1,0,0
49.6081,1,17.2,1,0,0
37.44303,1,21.0,1,0,0
37.53765,1,21.3,1,0,0
45.35439,1,23.3,1,0,0
46.29944,1,21.4,1,0,0
51.97134,1,24.7,1,0,0
54.86646,1,24.8,1,0,0
54.29436,1,17.2,1,0,0
46.50431,1,15.8,1,0,0
47.46278,1,16.5,1,0,0
46.47472,1,23.5,1,0,0
44.38723,1,24.5,1,0,0
43.24922,1,34.4,1,0,0
47.21824,1,23.3,1,0,0
39.43823,1,25.8,1,0,0
39.27037,1,19.5,1,0,0
24.46221,1,16.9,1,0,0
17.32602,1,9.3,1,0,0
10.34386,1,7.1,1,0,0
11.86228,1,7.1,1,0,0
21.9223,1,9.2,1,0,0
51.15282,1,11.5,1,0,0
28.40621,1,11.4,1,0,0
39.40021,1,10.5,1,0,0
48.44727,1,11.7,1,0,0
48.43027,1,13.8,1,0,0
16.1803,1,13.6,1,0,0
13.74522,1,13.4,1,0,0
11.63459,1,13.7,1,0,0
10.03764,1,13.4,1,0,0
12.09611,1,14.8,1,0,0
12.71999,1,14.6,1,0,0
19.08241,1,11.8,1,0,0
29.91596,1,16.5,1,0,0
18.81249,1,17.4,1,0,0
18.1886,1,17.3,1,0,0
18.25599,1,17.6,1,0,0
24.64676,1,19.3,1,0,0
25.93671,1,17.3,1,0,0
39.25696,1,16.3,1,0,0
18.46724,1,14.5,1,0,0
29.83009,1,16.0,1,0,0
35.17505,1,15.0,1,0,0
37.65775,1,13.4,1,0,0
30.80805,1,15.7,1,0,0
28.6933,1,14.3,1,0,0
41.48933,1,10.5,1,0,0
60.54673,1,13.7,1,0,0
66.39767,1,13.7,1,0,0
66.5685,1,22.1,1,0,0
52.14322,1,15.7,1,0,0
57.11546,1,23.9,1,0,0
54.36478,1,22.2,1,0,0
57.53009,1,21.9,1,0,0
55.43946,1,19.0,1,0,0
61.67454,1,20.3,1,0,0
47.94876,1,15.1,1,0,0
36.12504,1,13.3,1,0,0
29.39831,1,10.4,1,0,0
31.03956,1,9.5,1,0,0
29.50319,1,11.8,1,0,0
31.11759,1,13.4,1,0,0
27.65417,1,14.1,1,0,0
31.70047,1,13.1,1,0,0
27.21935,1,12.3,1,0,0
30.8325,1,12.3,1,0,0
31.35984,1,12.0,1,0,0
33.39141,1,8.3,1,0,0
30.29413,1,9.8,1,0,0
54.87789,1,14.3,1,0,0
65.39777,1,21.5,1,0,0
83.51447,1,23.2,1,0,0
111.88225,1,27.9,1,0,0
112.73065,1,31.9,1,0,0
74.57204,1,32.1,1,0,0
37.69548,1,27.9,1,0,0
33.04487,1,25.2,1,0,0
30.18507,1,31.5,1,0,0
33.85107,1,32.7,1,0,0
60.99904,1,35.9,1,0,0
131.2003,1,49.0,1,0,0
127.11749,1,50.2,1,0,0
75.34537,1,39.7,1,0,0
50.65322,1,20.7,1,0,0
41.74774,1,19.6,1,0,0
28.36554,1,9.6,1,0,0
26.90392,1,5.1,1,0,0
19.16231,1,4.3,1,0,0
15.16971,1,3.6,1,0,0
10.05524,1,4.3,1,0,0
8.51171,1,4.8,1,0,0
6.84484,1,1.1,1,0,0
10.06744,1,2.4,1,0,0
16.65273,1,2.9,1,0,0
28.84216,1,3.0,1,0,0
51.38589,1,3.0,1,0,0
46.53251,1,5.8,1,0,0
63.42588,1,8.0,1,0,0
73.08204,1,14.3,1,0,0
69.82194,1,7.9,1,0,0
57.11033,1,8.3,1,0,0
74.86039,1,10.4,1,0,0
40.85639,1,7.2,1,0,0
44.25005,1,11.7,1,0,0
55.2719,1,14.2,1,0,0
55.32494,1,17.7,1,0,0
54.72214,1,20.5,1,0,0
46.76742,1,12.7,1,0,0
39.45821,1,18.1,1,0,0
40.80512,1,18.1,1,0,0
38.97365,1,11.5,1,0,0
32.52154,1,11.2,1,0,0
23.89447,1,11.7,1,0,0
27.97345,1,9.7,1,0,0
15.98952,1,13.4,1,0,0
9.69913,1,16.3,1,0,0
8.01015,1,17.5,1,0,0
6.94555,1,18.4,1,0,0
13.38015,1,19.5,1,0,0
23.44195,1,19.8,1,0,0
24.53424,1,20.3,1,0,0
21.28411,1,19.4,1,0,0
17.69261,1,12.3,1,0,0
15.98309,1,8.7,1,0,0
17.70693,1,7.5,1,0,0
40.99736,1,11.6,1,0,0
44.33162,1,12.0,1,0,0
44.1147,1,10.9,1,0,0
17.60837,1,3.4,1,0,0
27.4989,1,7.7,1,0,0
19.52024,1,11.4,1,0,0
26.42571,1,8.1,1,0,0
28.07702,1,8.5,1,0,0
25.2415,1,11.8,1,0,0
16.37794,1,7.4,1,0,0
17.26529,1,7.1,1,0,0
11.06658,1,6.0,1,0,0
9.42994,1,8.0,1,0,0
6.5325,1,9.1,1,0,0
4.73277,1,7.1,1,0,0
3.34024,1,6.3,1,0,0
7.28946,1,7.5,1,0,0
14.78701,1,8.5,1,0,0
21.75923,1,10.2,1,0,0
17.39104,1,8.6,1,0,0
19.63369,1,10.7,1,0,0
21.25358,1,12.6,1,0,0
22.40028,1,12.0,1,0,0
21.80832,1,27.3,1,0,0
20.49949,1,47.1,1,0,0
21.48506,1,54.1,1,0,0
29.04361,1,42.3,1,0,0
34.05941,1,36.8,1,0,0
42.99209,1,32.1,1,0,0
43.14346,1,22.2,1,0,0
45.47574,1,19.3,1,0,0
42.84119,1,17.5,1,0,0
47.19595,1,18.7,1,0,0
47.92442,1,18.9,1,0,0
28.18122,1,14.7,1,0,0
18.23236,1,11.5,1,0,0
19.3815,1,11.6,1,0,0
17.84538,1,10.4,1,0,0
16.71167,1,9.9,1,0,0
18.00281,1,9.1,1,0,0
11.63226,1,9.3,1,0,0
19.80419,1,9.6,1,0,0
38.71463,1,8.6,1,0,0
56.00846,1,10.3,1,0,0
58.93352,1,13.5,1,0,0
53.74495,1,11.0,1,0,0
26.98784,1,9.9,1,0,0
30.60569,1,10.0,1,0,0
37.44066,1,11.5,1,0,0
28.55713,1,10.7,1,0,0
26.48026,1,19.7,1,0,0
42.04857,1,21.9,1,0,0
41.87659,1,20.4,1,0,0
38.48414,1,21.3,1,0,0
38.71417,1,23.8,1,0,0
34.19865,1,16.8,1,0,0
33.92848,1,14.2,1,0,0
26.34428,1,12.6,1,0,0
23.26625,1,11.3,1,0,0
10.60816,1,12.4,1,0,0
20.71864,1,12.6,1,0,0
42.7513,1,15.0,1,0,0
29.93862,1,12.7,1,0,0
51.70563,1,13.7,1,0,0
50.25442,1,14.6,1,0,0
47.49634,1,14.9,1,0,0
53.62025,1,15.9,1,0,0
54.45785,1,20.6,1,0,0
37.48779,1,18.4,1,0,0
29.95883,1,20.3,1,0,0
25.73086,1,21.0,1,0,0
30.29187,1,20.5,1,0,0
55.08154,1,18.0,1,0,0
57.31178,1,22.5,1,0,0
65.6175,1,23.9,1,0,0
107.54291,1,34.6,1,0,0
99.90304,1,33.6,1,0,0
97.64931,1,32.1,1,0,0
84.92384,1,36.5,1,0,0
58.68852,1,31.5,1,0,0
39.3958,1,24.5,1,0,0
35.77532,1,23.3,1,0,0
32.02846,1,23.3,1,0,0
29.20453,1,18.8,1,0,0
20.09964,1,16.2,1,0,0
11.90542,1,10.6,1,0,0
10.22521,1,9.5,1,0,0
10.19764,1,10.0,1,0,0
10.56883,1,5.2,1,0,0
18.31335,1,5.3,1,0,0
42.64266,1,4.4,1,0,0
58.53511,1,6.0,1,0,0
48.20895,1,6.8,1,0,0
36.74942,1,5.6,1,0,0
40.70785,1,6.2,1,0,0
38.4302,1,7.5,1,0,0
44.92265,1,6.8,1,0,0
43.17274,1,9.2,1,0,0
44.24683,1,6.9,1,0,0
50.32393,1,9.6,1,0,0
44.05987,1,8.9,1,0,0
48.74056,1,10.8,1,0,0
31.15033,1,4.0,1,0,0
21.68265,1,5.7,1,0,0
20.89766,1,7.0,1,0,0
19.71925,1,7.8,1,0,0
32.51758,1,8.6,1,0,0
25.38546,1,10.6,1,0,0
17.35392,1,9.2,1,0,0
18.8862,1,7.1,1,0,0
24.7297,1,7.3,1,0,0
27.17816,1,6.2,1,0,0
33.46525,1,6.9,1,0,0
38.11399,1,9.5,1,0,0
39.89932,1,12.0,1,0,0
38.45363,1,8.8,1,0,0
38.88793,1,12.3,1,0,0
36.7589,1,12.9,1,0,0
35.19385,1,23.6,1,0,0
32.34235,1,11.8,1,0,0
29.00907,1,8.1,1,0,0
40.47509,1,8.2,1,0,0
46.73162,1,10.5,1,0,0
49.29937,1,9.8,1,0,0
49.84423,1,11.3,1,0,0
43.57937,1,10.9,1,0,0
34.48592,1,11.5,1,0,0
39.5208,1,12.6,1,0,0
27.05707,1,11.2,1,0,0
21.72799,1,10.3,1,0,0
21.35842,1,11.5,1,0,0
13.73985,1,9.4,1,0,0
10.10864,1,8.5,1,0,0
10.41131,1,10.2,1,0,0
10.34738,1,10.5,1,0,0
9.55273,1,8.6,1,0,0
16.3349,1,9.0,1,0,0
31.26924,1,8.0,1,0,0
46.79785,1,10.0,1,0,0
47.44555,1,12.4,1,0,0
39.32934,1,17.8,1,0,0
51.28338,1,17.8,1,0,0
41.21247,1,14.1,1,0,0
44.2451,1,18.6,1,0,0
49.814,1,24.6,1,0,0
49.9733,1,22.0,1,0,0
36.96607,1,22.7,1,0,0
31.25837,1,17.6,1,0,0
30.4828,1,13.8,1,0,0
27.11947,1,11.2,1,0,0
22.64725,1,6.2,1,0,0
15.61152,1,1.6,1,0,0
7.76177,1,1.2,1,0,0
7.76177,1,2.8,1,0,0
17.77782,1,2.9,1,0,0
22.18453,1,3.8,1,0,0
20.52771,1,8.4,1,0,0
18.09793,1,9.6,1,0,0
30.2507,1,10.5,1,0,0
43.43657,1,10.6,1,0,0
56.03992,1,25.5,1,0,0
56.11668,1,20.2,1,0,0
47.84006,1,26.4,1,0,0
42.89917,1,13.2,1,0,0
44.22525,1,13.7,1,0,0
45.93747,1,15.9,1,0,0
38.88784,1,13.1,1,0,0
52.38676,1,15.5,1,0,0
66.00157,1,18.5,1,0,0
68.05067,1,23.9,1,0,0
53.28923,1,24.8,1,0,0
36.47597,1,17.5,1,0,0
31.94373,1,14.9,1,0,0
26.24414,1,14.0,1,0,0
17.73807,1,12.2,1,0,0
15.99988,1,8.4,1,0,0
6.64391,1,8.1,1,0,0
6.18574,1,3.7,1,0,0
6.40997,1,8.3,1,0,0
6.48355,1,11.9,1,0,0
6.89719,1,10.1,1,0,0
7.30284,1,10.3,1,0,0
14.48931,1,16.9,1,0,0
18.41384,1,14.9,1,0,0
19.41592,1,6.8,1,0,0
23.817,1,6.2,1,0,0
20.68671,1,13.7,1,0,0
19.8408,1,13.3,1,0,0
26.55595,1,15.2,1,0,0
25.20542,1,16.5,1,0,0
21.58178,1,15.3,1,0,0
20.85775,1,17.0,1,0,0
22.69219,1,21.3,1,0,0
22.2424,1,19.8,1,0,0
26.04899,1,16.1,1,0,0
24.97358,1,17.4,1,0,0
28.10355,1,15.1,1,0,0
18.14909,1,23.0,1,0,0
7.75602,1,30.2,1,0,0
6.60528,1,22.7,1,0,0
3.34325,1,15.8,1,0,0
1.8007,1,19.7,1,0,0
1.38027,1,20.6,1,0,0
1.82357,1,24.9,1,0,0
1.28676,1,25.8,1,0,0
3.11716,1,25.2,1,0,0
4.13107,1,20.7,1,0,0
9.73641,1,20.6,1,0,0
17.92384,1,17.0,1,0,0
15.60446,1,14.1,1,0,0
23.86662,1,16.4,1,0,0
23.77317,1,15.2,1,0,0
30.69177,1,17.2,1,0,0
25.74715,1,22.6,1,0,0
23.46807,1,23.4,1,0,0
23.58285,1,21.5,1,0,0
22.18465,1,26.0,1,0,0
23.20408,1,24.7,1,0,0
21.52431,1,27.5,1,0,0
11.97608,1,49.6,1,0,0
14.47153,1,55.6,1,0,0
10.27967,1,46.3,1,0,0
7.03557,1,33.0,1,0,0
8.9129,1,30.6,1,0,0
2.53738,1,23.4,1,0,0
2.09161,1,19.6,1,0,0
2.15547,1,13.1,1,0,0
2.57767,1,10.7,1,0,0
4.71688,1,9.7,1,0,0
8.14675,1,10.7,1,0,0
21.94681,1,13.2,1,0,0
37.01909,1,17.1,1,0,0
37.88089,1,18.1,1,0,0
40.84856,1,18.4,1,0,0
39.82372,1,17.0,1,0,0
41.12766,1,10.5,1,0,0
31.0443,1,10.1,1,0,0
42.9869,1,12.6,1,0,0
40.22447,1,13.7,1,0,0
42.00519,1,15.1,1,0,0
32.25866,1,13.4,1,0,0
56.56304,1,18.3,1,0,0
42.26086,1,15.8,1,0,0
34.82259,1,15.7,1,0,0
27.8923,1,16.4,1,0,0
14.25631,1,14.9,1,0,0
12.12183,1,11.1,1,0,0
19.75671,1,12.4,1,0,0
10.38796,1,8.5,1,0,0
4.74952,1,9.3,1,0,0
3.33633,1,6.4,1,0,0
6.0883,1,7.5,1,0,0
12.57149,1,8.2,1,0,0
15.80335,1,8.3,1,0,0
51.94719,1,8.8,1,0,0
74.42495,1,10.6,1,0,0
69.11684,1,12.9,1,0,0
55.41934,1,10.9,1,0,0
52.65442,1,13.7,1,0,0
49.91475,1,12.4,1,0,0
37.13686,1,11.0,1,0,0
42.17786,1,10.9,1,0,0
38.07903,1,12.4,1,0,0
49.94689,1,13.1,1,0,0
53.38888,1,12.6,1,0,0
69.69678,1,16.3,1,0,0
48.39906,1,14.4,1,0,0
36.1285,1,15.6,1,0,0
24.38748,1,12.7,1,0,0
16.90741,1,12.2,1,0,0
17.9131,1,12.4,1,0,0
17.69564,1,13.0,1,0,0
8.50344,1,8.7,1,0,0
6.86617,1,10.6,1,0,0
5.04684,1,10.5,1,0,0
6.71293,1,10.3,1,0,0
26.04682,1,13.7,1,0,0
71.96362,1,13.7,1,0,0
89.83751,1,15.8,1,0,0
74.06164,1,14.3,1,0,0
53.33053,1,23.6,1,0,0
48.52162,1,13.3,1,0,0
43.3332,1,12.5,1,0,0
36.11422,1,9.8,1,0,0
56.62323,1,12.4,1,0,0
21.96526,1,9.6,1,0,0
21.98484,1,9.8,1,0,0
56.59713,1,13.9,1,0,0
60.19987,1,12.7,1,0,0
34.54778,1,15.2,1,0,0
26.97778,1,14.1,1,0,0
42.11006,1,16.6,1,0,0
65.47586,1,19.5,1,0,0
38.16381,1,17.0,1,0,0
34.9866,1,15.0,1,0,0
25.254,1,17.3,1,0,0
14.6137,1,14.4,1,0,0
10.03465,1,13.4,1,0,0
15.76491,1,13.2,1,0,0
25.19909,1,13.1,1,0,0
59.59073,1,16.1,1,0,0
67.7414,1,17.1,1,0,0
102.17224,1,36.7,1,0,0
120.18817,1,22.8,1,0,0
108.64922,1,22.0,1,0,0
79.81903,1,17.8,1,0,0
54.63923,1,21.0,1,0,0
38.63465,1,21.8,1,0,0
32.8197,1,25.4,1,0,0
30.77942,1,36.5,1,0,0
39.18488,1,60.4,1,0,0
29.09089,1,73.0,1,0,0
47.35064,1,80.1,1,0,0
69.31978,1,54.5,1,0,0
84.71498,1,45.2,1,0,0
68.58662,1,30.1,1,0,0
51.1791,1,25.4,1,0,0
44.23658,1,24.8,1,0,0
33.38674,1,21.6,1,0,0
39.55297,1,20.7,1,0,0
25.10086,1,20.7,1,0,0
36.536,1,18.8,1,0,0
28.46561,1,19.2,1,0,0
27.09827,1,17.0,1,0,0
20.45312,1,15.3,1,0,0
32.74967,1,13.8,1,0,0
56.39657,1,16.3,1,0,0
85.99705,1,21.9,1,0,0
90.38511,1,24.6,1,0,0
80.29958,1,27.7,1,0,0
48.52259,1,23.5,1,0,0
37.03904,1,23.0,1,0,0
28.14497,1,20.0,1,0,0
27.26058,1,17.3,1,0,0
25.97755,1,29.8,1,0,0
22.89711,1,112.0,1,0,0
23.89837,1,61.6,1,0,0
23.27478,1,47.0,1,0,0
25.35302,1,40.1,1,0,0
23.34887,1,40.6,1,0,0
24.35295,1,42.9,1,0,0
16.69085,1,28.1,1,0,0
9.26565,1,18.6,1,0,0
6.77159,1,19.1,1,0,0
5.56549,1,19.7,1,0,0
5.62067,1,15.0,1,0,0
6.72928,1,19.8,1,0,0
5.19493,1,16.2,1,0,0
5.05574,1,20.2,1,0,0
6.99099,1,25.0,1,0,0
12.33672,1,31.2,1,0,0
14.85948,1,29.4,1,0,0
16.47421,1,41.4,1,0,0
17.68259,1,48.0,1,0,0
17.36545,1,51.6,1,0,0
26.01241,1,41.8,1,0,0
15.15652,1,35.4,1,0,0
15.35834,1,31.2,1,0,0
15.41548,1,35.4,1,0,0
15.71157,1,36.2,1,0,0
21.17833,1,43.6,1,0,0
19.4652,1,34.6,1,0,0
16.89411,1,31.1,1,0,0
17.30923,1,28.2,1,0,0
16.25753,1,22.5,1,0,0
13.98037,1,23.5,1,0,0
13.17769,1,20.7,1,0,0
12.1182,1,18.9,1,0,0
10.5944,1,13.8,1,0,0
11.01668,1,13.1,1,0,0
10.39325,1,13.6,1,0,0
8.59058,1,12.5,1,0,0
8.17128,1,12.6,1,0,0
7.81662,1,15.7,1,0,0
6.95105,1,15.1,1,0,0
9.816,1,14.5,1,0,0
10.59581,1,23.4,1,0,0
14.13172,1,24.5,1,0,0
14.13614,1,23.3,1,0,0
15.75328,1,21.6,1,0,0
19.41514,1,20.5,1,0,0
22.76381,1,23.2,1,0,0
22.00634,1,21.3,1,0,0
18.99475,1,13.6,1,0,0
20.55222,1,18.9,1,0,0
17.42772,1,20.7,1,0,0
22.87163,1,21.4,1,0,0
17.36626,1,20.4,1,0,0
15.55718,1,17.1,1,0,0
14.01095,1,18.0,1,0,0
14.59809,1,15.5,1,0,0
11.50722,1,15.6,1,0,0
10.69751,1,13.1,1,0,0
13.43545,1,13.3,1,0,0
12.01595,1,15.2,1,0,0
12.20211,1,16.1,1,0,0
14.98076,1,15.0,1,0,0
16.26124,1,13.9,1,0,0
37.32183,1,15.6,1,0,0
36.08788,1,15.9,1,0,0
35.56882,1,13.5,1,0,0
38.52187,1,16.2,1,0,0
38.98739,1,15.9,1,0,0
31.82347,1,14.3,1,0,0
52.45197,1,12.6,1,0,0
38.53168,1,13.3,1,0,0
30.46325,1,15.8,1,0,0
32.98648,1,16.5,1,0,0
53.62971,1,23.6,1,0,0
53.76784,1,18.9,1,0,0
38.08382,1,16.9,1,0,0
32.8973,1,23.7,1,0,0
34.15649,1,22.4,1,0,0
25.65028,1,22.3,1,0,0
18.95832,1,17.6,1,0,0
10.21979,1,14.0,1,0,0
9.17631,1,9.6,1,0,0
10.16487,1,12.9,1,0,0
11.8693,1,10.3,1,0,0
7.50079,1,6.2,1,0,0
6.22543,1,6.8,1,0,0
7.77845,1,13.0,1,0,0
13.93893,1,15.9,1,0,0
28.64655,1,13.7,1,0,0
43.28022,1,10.3,1,0,0
42.82707,1,66.1,1,0,0
29.0138,1,11.4,1,0,0
30.23392,1,13.7,1,0,0
18.52231,1,12.7,1,0,0
20.69812,1,20.3,1,0,0
26.08144,1,27.0,1,0,0
28.65282,1,30.7,1,0,0
36.24739,1,20.4,1,0,0
39.91976,1,21.6,1,0,0
41.44496,1,21.5,1,0,0
23.52496,1,9.8,1,0,0
33.4944,1,12.3,1,0,0
46.7757,1,16.7,1,0,0
29.32658,1,12.9,1,0,0
24.56405,1,15.1,1,0,0
11.82222,1,11.0,1,0,0
23.48278,1,10.6,1,0,0
13.03483,1,12.6,1,0,0
8.00521,1,9.0,1,0,0
8.62606,1,11.1,1,0,0
7.83888,1,12.6,1,0,0
9.62871,1,16.0,1,0,0
18.94153,1,18.1,1,0,0
30.01833,1,13.4,1,0,0
34.98583,1,9.0,1,0,0
22.3404,1,16.6,1,0,0
15.75264,1,25.7,1,0,0
17.10984,1,37.2,1,0,0
22.82023,1,46.3,1,0,0
35.218,1,39.7,1,0,0
28.58778,1,47.2,1,0,0
35.2205,1,40.5,1,0,0
43.01313,1,35.4,1,0,0
30.8051,1,26.3,1,0,0
18.72934,1,19.8,1,0,0
14.48682,1,15.1,1,0,0
17.13041,1,10.1,1,0,0
7.90024,1,9.6,1,0,0
7.86408,1,7.6,1,0,0
7.87804,1,6.1,1,0,0
5.68159,1,13.4,1,0,0
4.69032,1,12.3,1,0,0
5.14466,1,10.2,1,0,0
3.36432,1,12.3,1,0,0
5.30722,1,9.6,1,0,0
14.99981,1,11.9,1,0,0
20.60122,1,12.5,1,0,0
21.17442,1,14.1,1,0,0
22.25341,1,14.9,1,0,0
25.92634,1,9.1,1,0,0
27.85656,1,8.4,1,0,0
27.85656,1,14.1,1,0,0
24.41253,1,13.7,1,0,0
14.72404,1,25.1,1,0,0
15.50947,1,19.4,1,0,0
24.44938,1,23.5,1,0,0
28.1554,1,18.5,1,0,0
18.34087,1,11.9,1,0,0
23.76379,1,19.2,1,0,0
23.60923,1,19.6,1,0,0
21.31329,1,14.2,1,0,0
23.54551,1,16.9,1,0,0
11.93561,1,13.3,1,0,0
7.72866,1,19.7,1,0,0
11.8401,1,19.1,1,0,0
9.8887,1,17.5,1,0,0
9.40137,1,19.2,1,0,0
9.023,1,18.0,1,0,0
9.44667,1,15.0,1,0,0
11.7203,1,15.7,1,0,0
16.65266,1,14.8,1,0,0
15.61057,1,17.2,1,0,0
17.49453,1,16.4,1,0,0
19.22042,1,14.7,1,0,0
18.80595,1,16.7,1,0,0
19.55016,1,13.6,1,0,0
17.57136,1,13.4,1,0,0
16.78959,1,14.2,1,0,0
13.00869,1,12.4,1,0,0
13.70284,1,12.7,1,0,0
13.55618,1,16.6,1,0,0
13.69038,1,15.8,1,0,0
12.55234,1,16.5,1,0,0
10.05108,1,16.7,1,0,0
7.93385,1,16.4,1,0,0
6.87712,1,15.7,1,0,0
7.74266,1,13.8,1,0,0
9.25904,1,13.8,1,0,0
6.26662,1,14.7,1,0,0
5.33816,1,16.5,1,0,0
5.91108,1,15.9,1,0,0
5.56844,1,17.6,1,0,0
5.89809,1,16.4,1,0,0
7.50526,1,19.1,1,0,0
10.17884,1,29.3,1,0,0
11.55612,1,41.3,1,0,0
13.53903,1,64.2,1,0,0
10.74791,1,69.8,1,0,0
12.83109,1,54.6,1,0,0
13.66551,1,47.4,1,0,0
16.16986,1,42.6,1,0,0
15.72679,1,40.6,1,0,0
15.08594,1,40.6,1,0,0
14.48422,1,44.1,1,0,0
15.38777,1,41.4,1,0,0
12.0042,1,38.2,1,0,0
12.13097,1,37.6,1,0,0
12.60381,1,39.1,1,0,0
9.98871,1,42.5,1,0,0
7.98377,1,37.0,1,0,0
8.53851,1,27.0,1,0,0
4.30375,1,11.7,1,0,0
2.80289,1,9.1,1,0,0
1.96331,1,11.3,1,0,0
3.23459,1,14.8,1,0,0
3.30246,1,14.5,1,0,0
3.93752,1,13.0,1,0,0
7.04842,1,16.3,1,0,0
15.26454,1,17.4,1,0,0
28.60142,1,22.7,1,0,0
16.13209,1,20.9,1,0,0
18.7508,1,26.0,1,0,0
19.05557,1,24.3,1,0,0
18.0368,1,31.0,1,0,0
21.74909,1,34.2,1,0,0
15.61271,1,31.2,1,0,0
17.73605,1,35.7,1,0,0
20.93927,1,34.3,1,0,0
26.43106,1,27.0,1,0,0
33.62297,1,25.3,1,0,0
28.68221,1,21.2,1,0,0
24.94994,1,19.4,1,0,0
30.64213,1,20.5,1,0,0
26.06562,1,19.7,1,0,0
17.93951,1,21.1,1,0,0
15.79294,1,20.5,1,0,0
15.15241,1,22.8,1,0,0
12.80814,1,27.8,1,0,0
13.66231,1,29.9,1,0,0
15.4602,1,27.6,1,0,0
26.3681,1,28.2,1,0,0
41.68362,1,29.2,1,0,0
38.37199,1,30.6,1,0,0
25.58371,1,4.7,1,0,0
23.70708,1,5.4,1,0,0
38.16804,1,6.3,1,0,0
34.20785,1,9.7,1,0,0
37.2222,1,9.1,1,0,0
36.24367,1,11.5,1,0,0
26.04528,1,14.0,1,0,0
30.60502,1,29.9,1,0,0
41.85928,1,46.0,1,0,0
86.78305,1,60.5,1,0,0
85.29193,1,44.9,1,0,0
78.62144,1,39.5,1,0,0
76.44276,1,43.5,1,0,0
47.68454,1,32.4,1,0,0
40.17626,1,24.3,1,0,0
34.05493,1,23.0,1,0,0
22.836,1,16.3,1,0,0
20.85173,1,15.5,1,0,0
18.56679,1,11.7,1,0,0
14.31163,1,10.4,1,0,0
11.19209,1,8.9,1,0,0
9.582,1,6.4,1,0,0
14.57861,1,6.9,1,0,0
21.83045,1,8.9,1,0,0
22.42112,1,13.5,1,0,0
17.72915,1,11.7,1,0,0
17.07465,1,17.4,1,0,0
16.88421,1,20.6,1,0,0
14.37159,1,26.1,1,0,0
11.39178,1,30.1,1,0,0
13.82539,1,23.4,1,0,0
14.38414,1,22.5,1,0,0
14.24097,1,22.5,1,0,0
13.48296,1,20.4,1,0,0
11.71556,1,23.0,1,0,0
8.97165,1,20.2,1,0,0
7.74905,1,21.7,1,0,0
6.55245,1,17.5,1,0,0
5.40291,1,12.3,1,0,0
4.75916,1,18.4,1,0,0
3.87397,1,14.0,1,0,0
3.3897,1,14.5,1,0,0
3.15667,1,16.6,1,0,0
3.06214,1,16.7,1,0,0
3.12073,1,13.8,1,0,0
4.35666,1,15.0,1,0,0
6.55627,1,15.2,1,0,0
12.49812,1,10.9,1,0,0
14.72481,1,11.1,1,0,0
15.64781,1,11.2,1,0,0
12.3969,1,14.4,1,0,0
14.83528,1,19.1,1,0,0
11.82027,1,23.5,1,0,0
17.68334,1,31.7,1,0,0
13.44815,1,24.7,1,0,0
13.74899,1,27.4,1,0,0
17.82754,1,25.9,1,0,0
16.69034,1,25.3,1,0,0
16.08758,1,25.0,1,0,0
14.44559,1,21.2,1,0,0
10.22593,1,22.8,1,0,0
10.41518,1,21.7,1,0,0
10.50485,1,11.3,1,0,0
5.53308,1,3.9,1,0,0
4.51853,1,5.6,1,0,0
4.51853,1,6.7,1,0,0
7.33055,1,7.3,1,0,0
2.94416,1,8.5,1,0,0
10.45546,1,12.0,1,0,0
8.13299,1,15.5,1,0,0
12.44214,1,22.2,1,0,0
33.83336,1,29.3,1,0,0
36.37554,1,33.6,1,0,0
28.5212,1,34.8,1,0,0
15.71176,1,31.8,1,0,0
11.40005,1,30.8,1,0,0
9.23079,1,26.4,1,0,0
10.5435,1,28.8,1,0,0
11.16488,1,26.9,1,0,0
14.63845,1,25.7,1,0,0
16.85872,1,30.6,1,0,0
24.79388,1,39.4,1,0,0
26.54534,1,46.8,1,0,0
31.73652,1,35.0,1,0,0
20.61249,1,29.1,1,0,0
26.63042,1,29.5,1,0,0
20.20071,1,28.6,1,0,0
18.28501,1,26.4,1,0,0
27.46228,1,25.4,1,0,0
10.48792,1,24.2,1,0,0
19.43069,1,18.9,1,0,0
23.25424,1,19.8,1,0,0
26.70918,1,18.7,1,0,0
27.20137,1,17.5,1,0,0
69.505,1,16.9,1,0,0
88.36259,1,25.4,1,0,0
69.16109,1,27.2,1,0,0
50.3374,1,18.9,1,0,0
34.80796,1,22.6,1,0,0
29.75939,1,29.7,1,0,0
36.98936,1,41.0,1,0,0
23.46372,1,39.6,1,0,0
15.51019,1,25.8,1,0,0
18.07087,1,29.1,1,0,0
19.90237,1,28.9,1,0,0
26.67549,1,32.4,1,0,0
51.22702,1,51.8,1,0,0
66.43764,1,39.7,1,0,0
70.62273,1,35.8,1,0,0
46.85544,1,37.5,1,0,0
60.38257,1,35.8,1,0,0
59.907,1,34.3,1,0,0
55.60001,1,28.4,1,0,0
21.61088,1,23.0,1,0,0
24.27898,1,13.0,1,0,0
20.45957,1,12.8,1,0,0
11.43002,1,13.0,1,0,0
11.71431,1,12.1,1,0,0
24.79372,1,12.8,1,0,0
38.75054,1,16.2,1,0,0
30.78877,1,15.2,1,0,0
25.52107,1,12.8,1,0,0
15.27661,1,11.3,1,0,0
13.13558,1,14.7,1,0,0
14.16785,1,23.4,1,0,0
16.94176,1,36.1,1,0,0
17.60313,1,44.7,1,0,0
20.65086,1,41.4,1,0,0
24.83439,1,40.0,1,0,0
44.45197,1,56.2,1,0,0
62.19497,1,39.4,1,0,0
80.69673,1,42.3,1,0,0
79.82319,1,39.5,1,0,0
82.00275,1,49.3,1,0,0
73.34289,1,61.2,1,0,0
65.5215,1,48.8,1,0,0
54.18219,1,46.6,1,0,0
47.61191,1,32.4,1,0,0
44.04329,1,35.1,1,0,0
35.65204,1,35.6,1,0,0
30.69558,1,32.3,1,0,0
29.00053,1,23.3,1,0,0
30.64991,1,25.6,1,0,0
32.9603,1,29.7,1,0,0
32.61406,1,28.0,1,0,0
35.4085,1,24.4,1,0,0
38.13141,1,21.6,1,0,0
41.14379,1,23.9,1,0,0
32.55988,1,30.9,1,0,0
27.44959,1,28.9,1,0,0
25.46234,1,39.8,1,0,0
31.31983,1,50.9,1,0,0
33.55867,1,51.7,1,0,0
48.16258,1,48.9,1,0,0
76.20131,1,41.1,1,0,0
97.8429,1,49.7,1,0,0
81.87768,1,47.7,1,0,0
73.25617,1,44.3,1,0,0
42.26314,1,36.2,1,0,0
33.55741,1,29.8,1,0,0
41.54342,1,31.7,1,0,0
43.96349,1,28.5,1,0,0
40.06502,1,28.7,1,0,0
33.05651,1,25.8,1,0,0
36.83789,1,26.4,1,0,0
32.47375,1,21.0,1,0,0
20.52755,1,18.0,1,0,0
25.97796,1,19.2,1,0,0
31.85675,1,22.9,1,0,0
31.23205,1,23.1,1,0,0
33.18126,1,25.9,1,0,0
32.90023,1,23.4,1,0,0
36.54195,1,21.2,1,0,0
46.28579,1,21.5,1,0,0
43.36919,1,22.3,1,0,0
47.97405,1,10.6,1,0,0
41.5152,1,8.1,1,0,0
48.8985,1,8.9,1,0,0
39.69231,1,5.6,1,0,0
38.30105,1,7.9,1,0,0
24.23844,1,8.4,1,0,0
17.87789,1,9.2,1,0,0
11.39066,1,10.6,1,0,0
14.25995,1,8.2,1,0,0
8.70355,1,6.3,1,0,0
5.49764,1,2.1,1,0,0
4.67951,1,0.4,1,0,0
5.02177,1,0.3,1,0,0
6.53103,1,3.4,1,0,0
9.98554,1,6.4,1,0,0
31.32154,1,7.4,1,0,0
51.59828,1,10.9,1,0,0
46.3397,1,12.9,1,0,0
43.08194,1,12.8,1,0,0
38.81805,1,12.9,1,0,0
33.93721,1,14.9,1,0,0
34.73532,1,14.4,1,0,0
36.22882,1,17.0,1,0,0
37.18334,1,33.4,1,0,0
44.94126,1,60.1,1,0,0
39.55888,1,34.7,1,0,0
48.21545,1,28.9,1,0,0
38.57454,1,22.7,1,0,0
35.56615,1,25.1,1,0,0
27.71808,1,27.9,1,0,0
27.96761,1,24.1,1,0,0
17.0946,1,20.2,1,0,0
17.49229,1,19.5,1,0,0
17.13978,1,23.7,1,0,0
12.17087,1,19.1,1,0,0
21.87631,1,26.8,1,0,0
13.10561,1,24.7,1,0,0
12.89841,1,24.8,1,0,0
18.13575,1,21.3,1,0,0
17.21642,1,17.7,1,0,0
24.04099,1,18.9,1,0,0
19.70086,1,14.7,1,0,0
22.41803,1,12.3,1,0,0
36.52927,1,12.8,1,0,0
56.3287,1,22.4,1,0,0
36.68346,1,15.5,1,0,0
28.99051,1,12.3,1,0,0
39.70321,1,30.6,1,0,0
48.84925,1,27.0,1,0,0
39.47348,1,14.8,1,0,0
34.94326,1,23.5,1,0,0
27.41001,1,22.8,1,0,0
28.79546,1,20.9,1,0,0
30.92309,1,21.4,1,0,0
24.25154,1,21.0,1,0,0
21.42056,1,19.2,1,0,0
23.86049,1,13.9,1,0,0
34.50507,1,10.2,1,0,0
12.55626,1,6.7,1,0,0
20.93521,1,7.2,1,0,0
14.58316,1,7.2,1,0,0
27.82808,1,6.3,1,0,0
18.82609,1,5.6,1,0,0
36.98844,1,8.5,1,0,0
27.63659,1,9.3,1,0,0
41.37723,1,5.8,1,0,0
31.67665,1,7.0,1,0,0
31.67665,1,7.5,1,0,0
31.67665,1,7.1,1,0,0
31.67665,1,12.2,1,0,0
31.67665,1,18.7,1,0,0
31.67665,1,20.2,1,0,0
31.67665,1,33.9,1,0,0
31.67665,1,77.9,1,0,0
31.67665,1,32.3,1,0,0
31.67665,1,12.7,1,0,0
31.67665,1,17.2,1,0,0
31.67665,1,14.6,1,0,0
31.67665,1,32.5,1,0,0
31.67665,1,31.0,1,0,0
31.67665,1,27.1,1,0,0
31.67665,1,16.1,1,0,0
28.25037,1,16.1,1,0,0
42.60005,1,13.8,1,0,0
17.55588,1,10.8,1,0,0
21.52462,1,10.2,1,0,0
17.56844,1,10.5,1,0,0
32.65888,1,10.1,1,0,0
40.74189,1,46.6,1,0,0
42.79982,1,7.9,1,0,0
44.55801,1,16.3,1,0,0
32.30532,1,27.8,1,0,0
49.69806,1,61.0,1,0,0
42.87716,1,48.8,1,0,0
47.96663,1,32.3,1,0,0
49.96699,1,37.9,1,0,0
38.88504,1,22.4,1,0,0
51.72841,1,36.6,1,0,0
49.79913,1,33.3,1,0,0
55.73206,1,46.6,1,0,0
54.51661,1,43.9,1,0,0
47.77203,1,40.6,1,0,0
34.84517,1,33.3,1,0,0
24.38852,1,21.8,1,0,0
21.35117,1,21.4,1,0,0
11.86389,1,12.0,1,0,0
11.86389,1,10.6,1,0,0
28.77328,1,11.2,1,0,0
22.40413,1,12.1,1,0,0
35.76849,1,13.6,1,0,0
42.17695,1,14.2,1,0,0
50.13473,1,15.4,1,0,0
60.76667,1,18.2,1,0,0
50.96947,1,25.4,1,0,0
41.71818,1,68.8,1,0,0
32.81372,1,40.8,1,0,0
34.15707,1,37.1,1,0,0
27.98004,1,27.2,1,0,0
20.9079,1,19.6,1,0,0
17.02079,1,22.3,1,0,0
23.57641,1,26.8,1,0,0
29.65183,1,37.2,1,0,0
32.96519,1,39.8,1,0,0
59.28392,1,50.9,1,0,0
86.88104,1,91.0,1,0,0
68.48681,1,64.3,1,0,0
38.16072,1,35.3,1,0,0
17.16158,1,18.7,1,0,0
39.68139,1,22.3,1,0,0
16.69143,1,22.0,1,0,0
18.44818,1,24.7,1,0,0
17.45215,1,26.6,1,0,0
20.74594,1,32.8,1,0,0
18.65202,1,27.2,1,0,0
21.21636,1,24.2,1,0,0
21.11951,1,20.0,1,0,0
25.47459,1,19.0,1,0,0
20.21045,1,24.0,1,0,0
17.70125,1,35.8,1,0,0
24.2166,1,39.7,1,0,0
16.37951,1,31.7,1,0,0
18.66998,1,22.5,1,0,0
19.5511,1,26.0,1,0,0
20.23747,1,23.3,1,0,0
9.75238,1,13.2,1,0,0
13.54455,1,34.5,1,0,0
22.78106,1,40.6,1,0,0
23.65985,1,50.8,1,0,0
24.58703,1,39.9,1,0,0
22.04692,1,35.6,1,0,0
30.43919,1,24.0,1,0,0
42.32094,1,25.7,1,0,0
26.53377,1,19.2,1,0,0
11.26721,1,19.2,1,0,0
10.97869,1,18.4,1,0,0
14.82101,1,19.6,1,0,0
12.20918,1,17.6,1,0,0
10.0075,1,17.9,1,0,0
18.06008,1,18.7,1,0,0
30.57681,1,18.9,1,0,0
58.53751,1,22.1,1,0,0
47.0545,1,21.0,1,0,0
41.00545,1,14.2,1,0,0
20.0942,1,10.4,1,0,0
16.25143,1,9.5,1,0,0
14.2279,1,8.6,1,0,0
16.29707,1,9.5,1,0,0
16.64245,1,11.8,1,0,0
12.52383,1,12.3,1,0,0
16.67201,1,15.0,1,0,0
18.08577,1,13.8,1,0,0
17.58403,1,10.5,1,0,0
18.03816,1,12.7,1,0,0
12.65488,1,11.6,1,0,0
17.74754,1,15.2,1,0,0
14.75678,1,17.7,1,0,0
8.80174,1,17.7,1,0,0
5.73217,1,15.5,1,0,0
6.97316,1,15.5,1,0,0
15.95115,1,12.5,1,0,0
9.36239,1,14.9,1,0,0
23.66708,1,13.6,1,0,0
49.88987,1,15.7,1,0,0
43.06349,1,15.1,1,0,0
40.93012,1,15.0,1,0,0
58.62316,1,24.6,1,0,0
29.89554,1,21.5,1,0,0
26.92384,1,42.6,1,0,0
42.25695,1,39.9,1,0,0
37.75703,1,44.0,1,0,0
26.56019,1,33.1,1,0,0
26.63964,1,26.5,1,0,0
34.75843,1,29.5,1,0,0
31.54702,1,30.7,1,0,0
41.08846,1,36.2,1,0,0
35.70688,1,30.2,1,0,0
31.20037,1,26.5,1,0,0
24.12405,1,26.3,1,0,0
16.32328,1,18.5,1,0,0
13.24321,1,21.4,1,0,0
10.73221,1,20.1,1,0,0
8.72912,1,20.3,1,0,0
9.16667,1,14.0,1,0,0
5.24604,1,8.5,1,0,0
4.08547,1,8.8,1,0,0
3.43523,1,5.1,1,0,0
4.8885,1,7.3,1,0,0
8.87276,1,5.9,1,0,0
22.0814,1,9.9,1,0,0
26.15652,1,10.9,1,0,0
22.18686,1,8.1,1,0,0
23.64505,1,8.9,1,0,0
20.88615,1,5.4,1,0,0
18.53953,1,6.5,1,0,0
20.54855,1,6.1,1,0,0
18.58241,1,5.6,1,0,0
20.19874,1,4.3,1,0,0
20.92845,1,1.6,1,0,0
18.29322,1,4.6,1,0,0
15.62903,1,5.7,1,0,0
15.07787,1,2.7,1,0,0
8.28686,1,3.8,1,0,0
3.43255,1,15.9,1,0,0
3.01516,1,19.4,1,0,0
1.8216,1,11.7,1,0,0
1.53299,1,16.5,1,0,0
1.03552,1,20.1,1,0,0
2.32931,1,16.6,1,0,0
1.21099,1,15.7,1,0,0
1.57523,1,12.4,1,0,0
3.19247,1,10.1,1,0,0
4.94544,1,8.6,1,0,0
7.60469,1,11.3,1,0,0
9.57046,1,11.3,1,0,0
6.48747,1,16.1,1,0,0
5.78784,1,29.3,1,0,0
7.15786,1,28.0,1,0,0
8.04175,1,21.4,1,0,0
10.10009,1,12.1,1,0,0
12.38875,1,12.5,1,0,0
10.6755,1,29.2,1,0,0
10.80119,1,24.1,1,0,0
11.02292,1,25.9,1,0,0
8.59951,1,19.9,1,0,0
11.48194,1,9.3,1,0,0
12.45164,1,11.9,1,0,0
4.48729,1,13.8,1,0,0
4.65658,1,17.0,1,0,0
4.85941,1,14.3,1,0,0
6.71203,1,12.3,1,0,0
4.78627,1,11.6,1,0,0
4.07134,1,12.7,1,0,0
4.6908,1,13.8,1,0,0
4.97071,1,12.1,1,0,0
9.95164,1,10.1,1,0,0
17.15978,1,10.5,1,0,0
30.39703,1,11.8,1,0,0
41.22646,1,11.8,1,0,0
31.37816,1,10.9,1,0,0
20.40563,1,6.3,1,0,0
23.67919,1,15.2,1,0,0
12.70128,1,7.0,1,0,0
14.83443,1,10.8,1,0,0
12.09986,1,15.4,1,0,0
16.29275,1,14.3,1,0,0
13.28986,1,14.4,1,0,0
19.73314,1,27.4,1,0,0
50.6721,1,33.1,1,0,0
43.66364,1,31.7,1,0,0
17.30073,1,15.4,1,0,0
9.86808,1,7.7,1,0,0
9.77454,1,7.3,1,0,0
6.40806,1,7.9,1,0,0
7.27142,1,4.4,1,0,0
5.01053,1,3.3,1,0,0
5.63465,1,4.3,1,0,0
2.11716,1,2.1,1,0,0
1.55473,1,5.8,1,0,0
1.91387,1,6.6,1,0,0
3.80261,1,5.3,1,0,0
7.85531,1,9.2,1,0,0
8.00044,1,6.4,1,0,0
13.63642,1,9.1,1,0,0
5.25696,1,8.8,1,0,0
2.97028,1,7.1,1,0,0
6.45887,1,13.3,1,0,0
5.95486,1,13.9,1,0,0
4.12296,1,12.1,1,0,0
6.66301,1,14.5,1,0,0
7.93145,1,11.1,1,0,0
15.72932,1,15.3,1,0,0
11.05882,1,21.4,1,0,0
14.29684,1,19.2,1,0,0
15.72748,1,17.4,1,0,0
12.16455,1,14.4,1,0,0
13.40112,1,10.2,1,0,0
8.16152,1,7.5,1,0,0
12.61903,1,8.4,1,0,0
9.18525,1,10.1,1,0,0
8.76797,1,11.1,1,0,0
8.05023,1,12.0,1,0,0
4.41931,1,12.8,1,0,0
1.57121,1,12.0,1,0,0
8.41314,1,14.2,1,0,0
7.72321,1,15.3,1,0,0
5.28328,1,17.0,1,0,0
4.32186,1,13.1,1,0,0
4.0572,1,28.1,1,0,0
8.86231,1,34.6,1,0,0
6.88046,1,22.6,1,0,0
7.26246,1,20.0,1,0,0
11.00757,1,24.6,1,0,0
13.007,1,12.8,1,0,0
15.38941,1,10.7,1,0,0
29.50933,1,9.2,1,0,0
22.75345,1,15.9,1,0,0
11.21313,1,14.2,1,0,0
7.32224,1,10.2,1,0,0
8.38121,1,6.6,1,0,0
20.55892,1,7.0,1,0,0
11.88349,1,7.3,1,0,0
4.49352,1,7.6,1,0,0
4.49352,1,5.5,1,0,0
3.65629,1,5.5,1,0,0
10.95887,1,7.8,1,0,0
17.58281,1,7.8,1,0,0
12.52081,1,8.0,1,0,0
15.11364,1,7.7,1,0,0
25.6227,1,26.4,1,0,0
18.55646,1,9.1,1,0,0
9.42265,1,2.2,1,0,0
12.05429,1,6.9,1,0,0
7.96675,1,13.0,1,0,0
5.64955,1,13.1,1,0,0
6.31933,1,11.3,1,0,0
10.13516,1,10.0,1,0,0
6.46344,1,13.7,1,0,0
22.25084,1,29.5,1,0,0
19.33731,1,16.3,1,0,0
45.38595,1,38.4,1,0,0
56.1312,1,66.1,1,0,0
48.46408,1,52.7,1,0,0
32.28821,1,41.4,1,0,0
42.44632,1,26.6,1,0,0
37.45648,1,20.1,1,0,0
21.56206,1,17.8,1,0,0
14.08971,1,22.4,1,0,0
10.29501,1,17.8,1,0,0
11.39015,1,18.7,1,0,0
18.30664,1,22.3,1,0,0
19.09756,1,19.9,1,0,0
19.38951,1,8.2,1,0,0
34.08896,1,9.8,1,0,0
43.72872,1,11.7,1,0,0
20.85624,1,11.6,1,0,0
10.81515,1,6.8,1,0,0
6.73176,1,7.2,1,0,0
10.83874,1,11.6,1,0,0
17.41543,1,19.8,1,0,0
27.76108,1,24.6,1,0,0
40.91253,1,32.8,1,0,0
35.01621,1,42.4,1,0,0
26.84302,1,40.2,1,0,0
26.39498,1,35.9,1,0,0
23.99268,1,35.6,1,0,0
29.50403,1,40.5,1,0,0
27.42756,1,43.5,1,0,0
24.36929,1,35.9,1,0,0
22.08336,1,33.2,1,0,0
23.38063,1,30.3,1,0,0
15.46539,1,26.5,1,0,0
16.38406,1,25.2,1,0,0
9.67139,1,19.7,1,0,0
17.19621,1,16.4,1,0,0
33.1512,1,22.6,1,0,0
51.30845,1,26.5,1,0,0
58.90353,1,36.2,1,0,0
56.24655,1,33.2,1,0,0
58.55559,1,53.7,1,0,0
38.48462,1,41.3,1,0,0
24.27634,1,30.1,1,0,0
8.36377,1,16.4,1,0,0
11.17719,1,25.2,1,0,0
25.68506,1,40.4,1,0,0
36.30732,1,48.2,1,0,0
27.94264,1,38.8,1,0,0
31.32089,1,41.8,1,0,0
51.81485,1,43.7,1,0,0
52.55677,1,39.0,1,0,0
51.47997,1,44.1,1,0,0
63.07484,1,49.7,1,0,0
31.25503,1,43.2,1,0,0
26.0458,1,34.7,1,0,0
25.72033,1,31.9,1,0,0
19.37486,1,31.2,1,0,0
14.45933,1,28.6,1,0,0
11.79195,1,28.5,1,0,0
22.59394,1,28.3,1,0,0
11.24399,1,24.4,1,0,0
19.89414,1,24.1,1,0,0
20.14247,1,29.6,1,0,0
26.43865,1,38.5,1,0,0
15.48335,1,28.6,1,0,0
15.48335,1,29.4,1,0,0
10.38546,1,24.4,1,0,0
7.87131,1,27.5,1,0,0
17.98232,1,21.6,1,0,0
34.12209,1,28.6,1,0,0
24.66489,1,30.7,1,0,0
27.53794,1,21.5,1,0,0
36.99204,1,30.0,1,0,0
31.74626,1,19.7,1,0,0
32.81826,1,13.0,1,0,0
12.80018,1,5.3,1,0,0
17.80306,1,4.9,1,0,0
27.01634,1,7.2,1,0,0
7.61666,1,8.1,1,0,0
7.91018,1,6.1,1,0,0
9.5793,1,4.0,1,0,0
11.32043,1,3.4,1,0,0
9.56339,1,2.6,1,0,0
6.13073,1,5.4,1,0,0
18.17286,1,7.4,1,0,0
35.12728,1,7.3,1,0,0
37.23487,1,9.4,1,0,0
20.11695,1,6.0,1,0,0
23.68225,1,4.6,1,0,0
18.58241,1,8.3,1,0,0
35.46512,1,21.7,1,0,0
30.63027,1,15.0,1,0,0
33.88077,1,26.6,1,0,0
36.32595,1,20.6,1,0,0
38.5925,1,20.8,1,0,0
44.01358,1,18.5,1,0,0
33.85321,1,16.7,1,0,0
46.6563,1,22.3,1,0,0
40.33283,1,14.4,1,0,0
31.29424,1,8.8,1,0,0
20.97886,1,10.7,1,0,0
18.0268,1,9.8,1,0,0
23.17971,1,10.2,1,0,0
8.92492,1,9.1,1,0,0
19.9992,1,4.6,1,0,0
12.1703,1,8.7,1,0,0
8.20822,1,8.4,1,0,0
9.32713,1,8.0,1,0,0
8.85574,1,8.0,1,0,0
23.94906,1,9.6,1,0,0
32.36202,1,11.1,1,0,0
17.29202,1,13.2,1,0,0
14.78338,1,18.7,1,0,0
17.36698,1,19.5,1,0,0
15.91877,1,23.9,1,0,0
13.76671,1,21.7,1,0,0
9.68665,1,18.8,1,0,0
8.91088,1,18.6,1,0,0
9.14762,1,21.3,1,0,0
10.14161,1,17.4,1,0,0
10.22357,1,17.9,1,0,0
14.97741,1,17.1,1,0,0
11.77101,1,15.6,1,0,0
9.03272,1,14.9,1,0,0
7.71141,1,9.1,1,0,0
9.89374,1,8.9,1,0,0
9.4871,1,7.3,1,0,0
9.8293,1,7.5,1,0,0
11.35328,1,10.0,1,0,0
6.21708,1,14.1,1,0,0
3.8203,1,14.3,1,0,0
11.1785,1,18.7,1,0,0
4.20632,1,22.0,1,0,0
4.15178,1,24.0,1,0,0
9.39393,1,24.9,1,0,0
25.60669,1,24.4,1,0,0
18.81471,1,30.3,1,0,0
11.03686,1,30.6,1,0,0
13.71366,1,26.8,1,0,0
14.73494,1,28.6,1,0,0
9.9782,1,19.5,1,0,0
9.45785,1,22.3,1,0,0
9.16989,1,22.9,1,0,0
13.4421,1,22.0,1,0,0
16.67606,1,31.0,1,0,0
16.83908,1,19.8,1,0,0
21.24103,1,24.2,1,0,0
19.25539,1,18.4,1,0,0
13.03894,1,17.4,1,0,0
12.04968,1,16.2,1,0,0
13.37492,1,13.2,1,0,0
7.107,1,10.1,1,0,0
9.99207,1,11.8,1,0,0
18.37796,1,12.4,1,0,0
33.45366,1,11.7,1,0,0
40.89354,1,9.7,1,0,0
45.42364,1,13.5,1,0,0
53.59555,1,21.4,1,0,0
51.89515,1,18.1,1,0,0
38.03648,1,17.5,1,0,0
17.94322,1,14.9,1,0,0
15.51148,1,19.7,1,0,0
14.80054,1,17.9,1,0,0
11.98665,1,23.6,1,0,0
16.52061,1,34.4,1,0,0
12.32013,1,32.1,1,0,0
12.9343,1,19.4,1,0,0
17.31871,1,25.5,1,0,0
15.72932,1,25.7,1,0,0
15.10571,1,17.9,1,0,0
16.9454,1,19.0,1,0,0
27.01018,1,14.0,1,0,0
18.26959,1,13.7,1,0,0
18.33885,1,11.0,1,0,0
15.62366,1,11.4,1,0,0
7.56736,1,9.2,1,0,0
10.94936,1,8.0,1,0,0
9.52377,1,10.1,1,0,0
15.9515,1,8.6,1,0,0
11.8199,1,12.2,1,0,0
11.98752,1,11.7,1,0,0
14.64234,1,18.4,1,0,0
31.77769,1,23.6,1,0,0
31.25868,1,21.7,1,0,0
25.73041,1,19.1,1,0,0
16.59551,1,20.2,1,0,0
20.73681,1,21.7,1,0,0
16.22288,1,25.4,1,0,0
15.26213,1,26.8,1,0,0
13.61325,1,23.5,1,0,0
18.95553,1,24.8,1,0,0
19.31579,1,24.7,1,0,0
20.08293,1,26.3,1,0,0
18.44938,1,23.7,1,0,0
14.75787,1,18.8,1,0,0
17.6282,1,22.1,1,0,0
17.89378,1,21.9,1,0,0
12.07726,1,19.3,1,0,0
11.75059,1,17.1,1,0,0
8.70395,1,17.6,1,0,0
6.81589,1,15.2,1,0,0
5.84093,1,12.2,1,0,0
8.35307,1,11.6,1,0,0
6.33607,1,12.1,1,0,0
7.13686,1,6.1,1,0,0
20.18959,1,15.8,1,0,0
29.88252,1,21.0,1,0,0
41.8982,1,33.7,1,0,0
30.00448,1,24.3,1,0,0
15.97473,1,19.3,1,0,0
15.59223,1,26.5,1,0,0
13.18014,1,21.2,1,0,0
17.0511,1,28.2,1,0,0
11.26928,1,27.7,1,0,0
11.8262,1,26.5,1,0,0
17.46473,1,25.8,1,0,0
24.56456,1,29.0,1,0,0
45.43385,1,47.1,1,0,0
52.81275,1,43.5,1,0,0
40.06304,1,33.1,1,0,0
21.83807,1,22.0,1,0,0
18.02678,1,20.7,1,0,0
22.55451,1,19.8,1,0,0
11.41434,1,15.4,1,0,0
8.55754,1,15.7,1,0,0
11.12509,1,14.6,1,0,0
7.9627,1,14.3,1,0,0
16.27275,1,15.0,1,0,0
21.89521,1,16.5,1,0,0
35.60853,1,22.7,1,0,0
46.20236,1,31.2,1,0,0
40.96181,1,32.6,1,0,0
31.52111,1,24.1,1,0,0
28.45645,1,25.1,1,0,0
20.77237,1,14.6,1,0,0
19.65014,1,22.6,1,0,0
21.38703,1,23.2,1,0,0
19.46617,1,25.0,1,0,0
15.9283,1,19.0,1,0,0
16.56244,1,14.6,1,0,0
21.31321,1,23.2,1,0,0
25.03892,1,25.8,1,0,0
26.93609,1,26.7,1,0,0
24.54912,1,22.8,1,0,0
23.56768,1,24.1,1,0,0
14.36032,1,17.6,1,0,0
8.76595,1,13.9,1,0,0
7.98798,1,17.2,1,0,0
8.75648,1,20.7,1,0,0
7.9975,1,19.3,1,0,0
7.05525,1,19.9,1,0,0
9.34755,1,16.3,1,0,0
9.59836,1,11.2,1,0,0
9.097,1,9.8,1,0,0
18.78275,1,18.9,1,0,0
18.68123,1,24.5,1,0,0
14.2638,1,34.3,1,0,0
10.10321,1,13.2,1,0,0
16.87001,1,13.2,1,0,0
14.09148,1,18.2,1,0,0
10.88058,1,12.9,1,0,0
14.69461,1,29.6,1,0,0
19.27397,1,23.2,1,0,0
13.38154,1,36.4,1,0,0
23.17607,1,15.4,1,0,0
29.48569,1,9.6,1,0,0
44.12634,1,17.8,1,0,0
23.41508,1,38.6,1,0,0
18.39323,1,37.4,1,0,0
9.77474,1,16.5,1,0,0
4.87371,1,8.5,1,0,0
2.4166,1,9.0,1,0,0
1.33677,1,14.2,1,0,0
6.02894,1,14.5,1,0,0
3.73609,1,20.1,1,0,0
4.91435,1,20.0,1,0,0
4.5614,1,16.7,1,0,0
6.44232,1,17.2,1,0,0
6.60292,1,24.1,1,0,0
5.45332,1,28.3,1,0,0
7.80661,1,37.1,1,0,0
7.70847,1,29.8,1,0,0
6.51172,1,27.1,1,0,0
8.91417,1,26.0,1,0,0
12.22406,1,21.3,1,0,0
11.35381,1,23.2,1,0,0
12.9614,1,24.3,1,0,0
21.01981,1,26.9,1,0,0
17.5044,1,29.0,1,0,0
30.72027,1,33.1,1,0,0
26.56312,1,31.1,1,0,0
14.24593,1,21.7,1,0,0
12.85696,1,19.3,1,0,0
9.02498,1,14.0,1,0,0
7.89262,1,16.8,1,0,0
5.18055,1,14.8,1,0,0
3.86955,1,12.8,1,0,0
4.38551,1,15.1,1,0,0
4.74669,1,13.6,1,0,0
4.03037,1,9.4,1,0,0
5.99295,1,6.8,1,0,0
6.77812,1,8.2,1,0,0
3.66804,1,6.6,1,0,0
4.86905,1,8.0,1,0,0
6.28986,1,14.8,1,0,0
7.1033,1,13.1,1,0,0
7.7275,1,11.1,1,0,0
8.5915,1,13.7,1,0,0
7.29074,1,12.9,1,0,0
7.36163,1,15.5,1,0,0
4.53253,1,12.6,1,0,0
5.36466,1,9.0,1,0,0
4.88381,1,9.1,1,0,0
4.68062,1,8.3,1,0,0
4.85443,1,11.9,1,0,0
3.90816,1,5.0,1,0,0
2.38916,1,3.4,1,0,0
1.80423,1,4.0,1,0,0
0.96043,1,3.9,1,0,0
0.92116,1,4.1,1,0,0
0.92116,1,3.9,1,0,0
0.7782,1,4.6,1,0,0
2.17225,1,4.6,1,0,0
2.28433,1,5.8,1,0,0
5.51109,1,4.8,1,0,0
9.39704,1,8.1,1,0,0
19.8646,1,13.9,1,0,0
20.09057,1,16.5,1,0,0
19.86012,1,26.4,1,0,0
16.2141,1,26.7,1,0,0
14.03975,1,22.3,1,0,0
14.21772,1,25.6,1,0,0
16.97709,1,20.2,1,0,0
15.92666,1,25.4,1,0,0
14.40027,1,19.7,1,0,0
15.73958,1,19.4,1,0,0
15.50582,1,14.8,1,0,0
14.27062,1,12.4,1,0,0
13.81436,1,17.1,1,0,0
13.30651,1,16.4,1,0,0
9.21683,1,9.9,1,0,0
12.9066,1,6.6,1,0,0
7.20122,1,7.8,1,0,0
8.99127,1,7.0,1,0,0
8.32885,1,8.3,1,0,0
13.97824,1,9.2,1,0,0
29.74803,1,9.3,1,0,0
28.50554,1,10.7,1,0,0
54.77111,1,16.3,1,0,0
82.70877,1,36.8,1,0,0
81.28865,1,45.4,1,0,0
51.74686,1,41.8,1,0,0
39.37158,1,37.6,1,0,0
22.72483,1,32.7,1,0,0
28.21443,1,34.4,1,0,0
36.6453,1,35.1,1,0,0
29.66359,1,38.6,1,0,0
36.17007,1,37.9,1,0,0
35.16681,1,43.3,1,0,0
25.41764,1,37.9,1,0,0
41.69516,1,43.9,1,0,0
46.99049,1,61.5,1,0,0
59.66376,1,55.8,1,0,0
76.11111,1,63.1,1,0,0
58.78345,1,55.0,1,0,0
54.2376,1,50.5,1,0,0
34.57047,1,45.1,1,0,0
26.38309,1,39.1,1,0,0
20.43395,1,37.4,1,0,0
18.21543,1,34.9,1,0,0
18.59083,1,30.4,1,0,0
23.69007,1,31.3,1,0,0
48.08797,1,45.6,1,0,0
77.86958,1,73.0,1,0,0
59.34629,1,56.7,1,0,0
62.21083,1,56.4,1,0,0
57.97617,1,74.8,1,0,0
48.5916,1,50.9,1,0,0
32.18004,1,42.8,1,0,0
17.09322,1,36.9,1,0,0
34.50995,1,39.9,1,0,0
21.69146,1,35.1,1,0,0
23.82889,1,42.6,1,0,0
36.91185,1,47.3,1,0,0
40.37522,1,58.5,1,0,0
36.09315,1,43.1,1,0,0
23.34129,1,27.9,1,0,0
15.88359,1,21.1,1,0,0
20.45112,1,18.3,1,0,0
12.43527,1,10.2,1,0,0
7.01376,1,7.4,1,0,0
